ensemble_size, batch_size, trial_num, predict (ms)
999,1,0,0.8476
999,1,1,0.222928
999,1,2,0.208838
999,1,3,0.199457
999,1,4,0.196097
999,1,5,0.203077
999,1,6,0.196447
999,1,7,0.195677
999,1,8,0.195257
999,1,9,0.195007
999,1,10,0.207737
999,1,11,0.196527
999,1,12,0.195407
999,1,13,0.193877
999,1,14,0.194707
999,1,15,0.202268
999,1,16,0.206257
999,1,17,0.197777
999,1,18,0.192887
999,1,19,0.198447
999,1,20,0.202727
999,1,21,0.198517
999,1,22,0.194857
999,1,23,0.195467
999,1,24,0.201547
999,1,25,0.202227
999,1,26,0.203637
999,1,27,0.194987
999,1,28,0.199687
999,1,29,0.193967
999,1,30,0.202857
999,1,31,0.202957
999,1,32,0.198217
999,1,33,0.191367
999,1,34,0.192147
999,1,35,0.197637
999,1,36,0.195047
999,1,37,0.194017
999,1,38,0.192496
999,1,39,0.191057
999,1,40,0.196867
999,1,41,0.195627
999,1,42,0.198077
999,1,43,0.191607
999,1,44,0.192627
999,1,45,0.195926
999,1,46,0.194567
999,1,47,0.190867
999,1,48,0.201887
999,1,49,0.196447
999,2,0,0.398154
999,2,1,0.367042
999,2,2,0.359663
999,2,3,0.343042
999,2,4,0.331842
999,2,5,0.392094
999,2,6,0.354282
999,2,7,0.349463
999,2,8,0.345692
999,2,9,0.356692
999,2,10,0.331472
999,2,11,0.332012
999,2,12,0.315641
999,2,13,0.319011
999,2,14,0.325482
999,2,15,0.317042
999,2,16,0.315201
999,2,17,0.310651
999,2,18,0.338212
999,2,19,0.316031
999,2,20,0.315391
999,2,21,0.307421
999,2,22,0.339772
999,2,23,0.332422
999,2,24,0.325011
999,2,25,0.322191
999,2,26,0.323452
999,2,27,0.311531
999,2,28,0.313401
999,2,29,0.320941
999,2,30,0.322521
999,2,31,0.312021
999,2,32,0.311831
999,2,33,0.311501
999,2,34,0.304711
999,2,35,0.305971
999,2,36,0.306451
999,2,37,0.304051
999,2,38,0.29868
999,2,39,0.306471
999,2,40,0.325261
999,2,41,0.328322
999,2,42,0.330932
999,2,43,0.316951
999,2,44,0.353862
999,2,45,0.348632
999,2,46,0.328732
999,2,47,0.316351
999,2,48,0.325801
999,2,49,0.308931
999,4,0,0.357763
999,4,1,0.349832
999,4,2,0.343542
999,4,3,0.338822
999,4,4,0.336752
999,4,5,0.332882
999,4,6,0.325761
999,4,7,0.325421
999,4,8,0.317831
999,4,9,0.321671
999,4,10,0.322692
999,4,11,0.318111
999,4,12,0.314121
999,4,13,0.331781
999,4,14,0.317801
999,4,15,0.314351
999,4,16,0.314711
999,4,17,0.308971
999,4,18,0.307191
999,4,19,0.30588
999,4,20,0.312111
999,4,21,0.307201
999,4,22,0.319331
999,4,23,0.334801
999,4,24,0.316752
999,4,25,0.318272
999,4,26,0.321761
999,4,27,0.313031
999,4,28,0.309571
999,4,29,0.318041
999,4,30,0.308021
999,4,31,0.328642
999,4,32,0.327491
999,4,33,0.314211
999,4,34,0.332352
999,4,35,0.330681
999,4,36,0.314511
999,4,37,0.316581
999,4,38,0.314201
999,4,39,0.308221
999,4,40,0.30359
999,4,41,0.372753
999,4,42,0.334221
999,4,43,0.322462
999,4,44,0.313001
999,4,45,0.345092
999,4,46,0.355482
999,4,47,0.329462
999,4,48,0.321791
999,4,49,0.319781
999,8,0,0.390364
999,8,1,0.369493
999,8,2,0.370813
999,8,3,0.362252
999,8,4,0.361342
999,8,5,0.350942
999,8,6,0.354782
999,8,7,0.349372
999,8,8,0.351123
999,8,9,0.350222
999,8,10,0.344802
999,8,11,0.345823
999,8,12,0.340972
999,8,13,0.339361
999,8,14,0.343261
999,8,15,0.335151
999,8,16,0.333762
999,8,17,0.342142
999,8,18,0.331512
999,8,19,0.331781
999,8,20,0.375423
999,8,21,0.381153
999,8,22,0.381154
999,8,23,0.376313
999,8,24,0.359752
999,8,25,0.357422
999,8,26,0.352983
999,8,27,0.342672
999,8,28,0.342032
999,8,29,0.336792
999,8,30,0.333591
999,8,31,0.341052
999,8,32,0.343122
999,8,33,0.338752
999,8,34,0.339661
999,8,35,0.333771
999,8,36,0.333172
999,8,37,0.347182
999,8,38,0.452616
999,8,39,0.340152
999,8,40,0.343642
999,8,41,0.384824
999,8,42,0.351552
999,8,43,0.356773
999,8,44,0.345422
999,8,45,0.345052
999,8,46,0.344292
999,8,47,0.340512
999,8,48,0.350333
999,8,49,0.343632
999,16,0,0.448906
999,16,1,0.442245
999,16,2,0.425615
999,16,3,0.428405
999,16,4,0.431075
999,16,5,0.426355
999,16,6,0.415774
999,16,7,0.427855
999,16,8,0.444235
999,16,9,0.429395
999,16,10,0.433925
999,16,11,0.449176
999,16,12,0.436756
999,16,13,0.420824
999,16,14,0.433595
999,16,15,0.438805
999,16,16,0.425925
999,16,17,0.429745
999,16,18,0.416415
999,16,19,0.432785
999,16,20,0.418335
999,16,21,0.425265
999,16,22,0.437136
999,16,23,0.414364
999,16,24,0.417545
999,16,25,0.438035
999,16,26,0.432316
999,16,27,0.421485
999,16,28,0.419505
999,16,29,0.513738
999,16,30,0.401524
999,16,31,0.438606
999,16,32,0.419485
999,16,33,0.425505
999,16,34,0.422114
999,16,35,0.414734
999,16,36,0.423025
999,16,37,0.423445
999,16,38,0.423105
999,16,39,0.415254
999,16,40,0.427936
999,16,41,0.417475
999,16,42,0.420065
999,16,43,0.431765
999,16,44,0.433356
999,16,45,0.433656
999,16,46,0.414204
999,16,47,0.438346
999,16,48,0.413514
999,16,49,0.409835
999,32,0,0.55175
999,32,1,0.543299
999,32,2,0.555869
999,32,3,0.549329
999,32,4,0.56232
999,32,5,0.557379
999,32,6,0.55699
999,32,7,0.537769
999,32,8,0.56321
999,32,9,0.538179
999,32,10,0.538979
999,32,11,0.545299
999,32,12,0.56419
999,32,13,0.549509
999,32,14,0.550589
999,32,15,0.534868
999,32,16,0.581271
999,32,17,0.551489
999,32,18,0.534669
999,32,19,0.533069
999,32,20,0.525978
999,32,21,0.55579
999,32,22,0.539799
999,32,23,0.554819
999,32,24,0.537069
999,32,25,0.592571
999,32,26,0.582781
999,32,27,0.541699
999,32,28,0.539849
999,32,29,0.533778
999,32,30,0.544869
999,32,31,0.543899
999,32,32,0.547999
999,32,33,0.531259
999,32,34,0.541969
999,32,35,0.534069
999,32,36,0.537749
999,32,37,0.534439
999,32,38,0.559829
999,32,39,0.54746
999,32,40,0.538318
999,32,41,0.542799
999,32,42,0.559099
999,32,43,0.54647
999,32,44,0.55541
999,32,45,0.541099
999,32,46,0.533899
999,32,47,0.535379
999,32,48,0.534798
999,32,49,0.531738
999,64,0,0.807048
999,64,1,0.794248
999,64,2,0.789128
999,64,3,0.780507
999,64,4,0.816289
999,64,5,0.808449
999,64,6,0.803328
999,64,7,0.785848
999,64,8,0.812418
999,64,9,0.806588
999,64,10,0.788817
999,64,11,0.782078
999,64,12,0.812959
999,64,13,0.807879
999,64,14,0.811839
999,64,15,0.822658
999,64,16,0.815089
999,64,17,0.810179
999,64,18,0.802708
999,64,19,0.799488
999,64,20,0.814479
999,64,21,0.801988
999,64,22,0.801108
999,64,23,0.808698
999,64,24,0.799519
999,64,25,0.789947
999,64,26,0.810039
999,64,27,0.793118
999,64,28,0.798268
999,64,29,0.789078
999,64,30,0.781647
999,64,31,0.777857
999,64,32,0.780427
999,64,33,0.777577
999,64,34,8.13561
999,64,35,0.803098
999,64,36,0.819919
999,64,37,0.822369
999,64,38,0.812819
999,64,39,0.800438
999,64,40,0.809798
999,64,41,0.794178
999,64,42,0.792538
999,64,43,0.786728
999,64,44,0.807998
999,64,45,0.797088
999,64,46,0.786808
999,64,47,0.789288
999,64,48,0.787117
999,64,49,0.785097
999,100,0,1.14837
999,100,1,0.911312
999,100,2,1.02695
999,100,3,1.01655
999,100,4,1.0321
999,100,5,1.02496
999,100,6,1.01652
999,100,7,1.02103
999,100,8,1.01286
999,100,9,1.01339
999,100,10,1.01701
999,100,11,1.01773
999,100,12,1.0282
999,100,13,1.02271
999,100,14,1.01345
999,100,15,1.15755
999,100,16,1.06973
999,100,17,1.07326
999,100,18,1.07015
999,100,19,1.06191
999,100,20,1.06076
999,100,21,1.06938
999,100,22,1.05978
999,100,23,1.1699
999,100,24,1.02081
999,100,25,1.01791
999,100,26,1.01576
999,100,27,1.01298
999,100,28,1.01975
999,100,29,1.01189
999,100,30,1.01119
999,100,31,1.02112
999,100,32,1.01061
999,100,33,1.01937
999,100,34,1.02062
999,100,35,1.02613
999,100,36,1.0519
999,100,37,1.05844
999,100,38,1.03619
999,100,39,1.04186
999,100,40,1.03211
999,100,41,1.02976
999,100,42,1.02482
999,100,43,1.03536
999,100,44,1.02981
999,100,45,1.02349
999,100,46,1.0211
999,100,47,1.02009
999,100,48,1.02109
999,100,49,1.01623
999,200,0,1.10512
999,200,1,1.04067
999,200,2,1.02714
999,200,3,1.02118
999,200,4,1.01222
999,200,5,1.0269
999,200,6,1.01098
999,200,7,1.00629
999,200,8,1.00347
999,200,9,1.00301
999,200,10,1.00442
999,200,11,1.00998
999,200,12,1.00566
999,200,13,1.00554
999,200,14,0.998405
999,200,15,1.00549
999,200,16,0.995095
999,200,17,1.00829
999,200,18,1.00689
999,200,19,1.00329
999,200,20,0.998645
999,200,21,1.00446
999,200,22,1.00016
999,200,23,11.1202
999,200,24,1.24053
999,200,25,1.0061
999,200,26,1.00329
999,200,27,1.01719
999,200,28,1.00601
999,200,29,0.995985
999,200,30,1.00209
999,200,31,1.00653
999,200,32,1.00577
999,200,33,0.999355
999,200,34,0.995575
999,200,35,1.00423
999,200,36,1.00125
999,200,37,0.998325
999,200,38,0.997945
999,200,39,1.00074
999,200,40,1.0003
999,200,41,1.00409
999,200,42,0.996455
999,200,43,1.00214
999,200,44,1.00574
999,200,45,1.00518
999,200,46,0.998375
999,200,47,1.00782
999,200,48,1.00452
999,200,49,0.999925
999,400,0,1.28549
999,400,1,1.09781
999,400,2,1.08928
999,400,3,1.10183
999,400,4,1.08297
999,400,5,1.07762
999,400,6,1.08471
999,400,7,1.08354
999,400,8,1.07785
999,400,9,1.22669
999,400,10,1.13291
999,400,11,1.13426
999,400,12,1.12488
999,400,13,1.12252
999,400,14,1.12063
999,400,15,1.13165
999,400,16,1.12983
999,400,17,1.08966
999,400,18,1.07625
999,400,19,1.07429
999,400,20,1.08087
999,400,21,1.08151
999,400,22,1.07945
999,400,23,1.08061
999,400,24,1.07451
999,400,25,1.07202
999,400,26,1.08621
999,400,27,1.08513
999,400,28,1.07763
999,400,29,1.0784
999,400,30,1.0755
999,400,31,1.07673
999,400,32,1.07033
999,400,33,1.1019
999,400,34,1.08441
999,400,35,1.08308
999,400,36,1.10499
999,400,37,1.07517
999,400,38,1.06381
999,400,39,1.07021
999,400,40,1.06664
999,400,41,1.08181
999,400,42,1.06527
999,400,43,1.07169
999,400,44,1.08166
999,400,45,1.078
999,400,46,1.06973
999,400,47,1.0788
999,400,48,1.06386
999,400,49,1.07607
999,800,0,1.61807
999,800,1,1.63358
999,800,2,11.7322
999,800,3,1.95994
999,800,4,1.61676
999,800,5,1.63104
999,800,6,1.62068
999,800,7,1.61936
999,800,8,1.6203
999,800,9,1.64066
999,800,10,1.61221
999,800,11,1.62331
999,800,12,1.61119
999,800,13,1.62897
999,800,14,1.6192
999,800,15,1.63355
999,800,16,1.61007
999,800,17,1.62319
999,800,18,1.61869
999,800,19,1.63199
999,800,20,1.61748
999,800,21,1.63417
999,800,22,1.6229
999,800,23,1.62074
999,800,24,1.6222
999,800,25,1.62873
999,800,26,1.62124
999,800,27,1.62417
999,800,28,1.61978
999,800,29,1.62744
999,800,30,1.61305
999,800,31,1.70289
999,800,32,1.64817
999,800,33,1.64364
999,800,34,1.63874
999,800,35,1.64703
999,800,36,1.64479
999,800,37,1.64501
999,800,38,1.74974
999,800,39,1.63117
999,800,40,1.62034
999,800,41,1.63186
999,800,42,1.60945
999,800,43,1.62978
999,800,44,1.62396
999,800,45,1.62453
999,800,46,1.61421
999,800,47,1.62145
999,800,48,1.61026
999,800,49,1.62048
999,1600,0,2.33149
999,1600,1,2.31911
999,1600,2,2.3018
999,1600,3,2.27956
999,1600,4,12.6543
999,1600,5,2.30651
999,1600,6,2.29128
999,1600,7,2.2755
999,1600,8,2.26703
999,1600,9,2.2765
999,1600,10,2.28049
999,1600,11,2.31992
999,1600,12,2.31816
999,1600,13,2.29743
999,1600,14,2.24371
999,1600,15,2.23688
999,1600,16,2.30327
999,1600,17,2.27925
999,1600,18,2.31096
999,1600,19,2.2863
999,1600,20,2.2556
999,1600,21,2.29021
999,1600,22,2.27746
999,1600,23,2.23686
999,1600,24,2.27506
999,1600,25,2.27922
999,1600,26,2.2569
999,1600,27,2.26476
999,1600,28,2.27734
999,1600,29,2.27888
999,1600,30,2.29455
999,1600,31,2.29347
999,1600,32,2.23905
999,1600,33,2.27557
999,1600,34,2.29484
999,1600,35,2.27522
999,1600,36,2.23991
999,1600,37,2.26197
999,1600,38,2.26963
999,1600,39,2.28001
999,1600,40,2.27647
999,1600,41,2.29873
999,1600,42,2.48775
999,1600,43,2.29468
999,1600,44,11.0553
999,1600,45,2.27021
999,1600,46,2.30542
999,1600,47,2.2521
999,1600,48,2.2279
999,1600,49,2.22959
999,3200,0,3.65486
999,3200,1,3.84286
999,3200,2,3.92673
999,3200,3,3.85333
999,3200,4,3.90453
999,3200,5,3.85324
999,3200,6,3.88243
999,3200,7,3.84731
999,3200,8,3.86804
999,3200,9,3.85209
999,3200,10,3.8741
999,3200,11,3.86391
999,3200,12,3.88346
999,3200,13,3.84187
999,3200,14,3.86989
999,3200,15,3.85589
999,3200,16,3.87766
999,3200,17,3.84534
999,3200,18,3.8926
999,3200,19,15.162
999,3200,20,3.89824
999,3200,21,3.84594
999,3200,22,3.87783
999,3200,23,3.85342
999,3200,24,3.86425
999,3200,25,3.84097
999,3200,26,3.86981
999,3200,27,3.84583
999,3200,28,3.87091
999,3200,29,3.85075
999,3200,30,3.87865
999,3200,31,3.87006
999,3200,32,4.10867
999,3200,33,3.90906
999,3200,34,3.89689
999,3200,35,3.8688
999,3200,36,3.88588
999,3200,37,3.86062
999,3200,38,3.88451
999,3200,39,3.86693
999,3200,40,3.87847
999,3200,41,3.86299
999,3200,42,13.0962
999,3200,43,3.95148
999,3200,44,3.91237
999,3200,45,3.89845
999,3200,46,4.67612
999,3200,47,4.58047
999,3200,48,3.91613
999,3200,49,3.88316
999,6400,0,7.31789
999,6400,1,7.62791
999,6400,2,7.63444
999,6400,3,8.53959
999,6400,4,7.10399
999,6400,5,7.16477
999,6400,6,7.25289
999,6400,7,19.6484
999,6400,8,7.27802
999,6400,9,7.26696
999,6400,10,7.17003
999,6400,11,7.24092
999,6400,12,7.15298
999,6400,13,7.1546
999,6400,14,7.126
999,6400,15,7.11315
999,6400,16,7.13052
999,6400,17,7.20737
999,6400,18,7.12079
999,6400,19,18.3758
999,6400,20,7.11402
999,6400,21,7.22011
999,6400,22,7.19486
999,6400,23,7.19838
999,6400,24,7.3162
999,6400,25,7.2706
999,6400,26,7.33834
999,6400,27,7.121
999,6400,28,7.24349
999,6400,29,7.22614
999,6400,30,7.13142
999,6400,31,7.20113
999,6400,32,16.2139
999,6400,33,7.72271
999,6400,34,7.75807
999,6400,35,7.71975
999,6400,36,7.72907
999,6400,37,7.81712
999,6400,38,7.80694
999,6400,39,7.73283
999,6400,40,7.6694
999,6400,41,7.74248
999,6400,42,7.65946
999,6400,43,7.65534
999,6400,44,14.8865
999,6400,45,7.72467
999,6400,46,7.69416
999,6400,47,7.75291
999,6400,48,7.73198
999,6400,49,7.64157
999,10000,0,10.6601
999,10000,1,11.0896
999,10000,2,11.1479
999,10000,3,10.6382
999,10000,4,20.2896
999,10000,5,11.8216
999,10000,6,11.635
999,10000,7,11.7645
999,10000,8,11.793
999,10000,9,11.6449
999,10000,10,11.8541
999,10000,11,20.2796
999,10000,12,11.6748
999,10000,13,11.4603
999,10000,14,11.1457
999,10000,15,11.2916
999,10000,16,11.0763
999,10000,17,11.1151
999,10000,18,11.043
999,10000,19,19.8716
999,10000,20,11.5588
999,10000,21,11.074
999,10000,22,11.0419
999,10000,23,11.0855
999,10000,24,11.0654
999,10000,25,11.072
999,10000,26,11.0695
999,10000,27,11.092
999,10000,28,21.463
999,10000,29,11.4065
999,10000,30,11.1157
999,10000,31,11.0871
999,10000,32,11.0712
999,10000,33,11.1097
999,10000,34,11.0766
999,10000,35,11.116
999,10000,36,21.9527
999,10000,37,11.1874
999,10000,38,11.1794
999,10000,39,11.0551
999,10000,40,11.0713
999,10000,41,11.193
999,10000,42,11.0754
999,10000,43,14.5064
999,10000,44,23.7131
999,10000,45,14.8998
999,10000,46,11.1819
999,10000,47,11.1465
999,10000,48,11.3973
999,10000,49,11.216
900,1,0,0.906662
900,1,1,0.209238
900,1,2,0.198707
900,1,3,0.190247
900,1,4,0.184316
900,1,5,0.187857
900,1,6,0.180816
900,1,7,0.181477
900,1,8,0.194727
900,1,9,0.184237
900,1,10,0.183576
900,1,11,0.180896
900,1,12,0.183856
900,1,13,0.197277
900,1,14,0.187617
900,1,15,0.181996
900,1,16,0.182777
900,1,17,0.180106
900,1,18,0.185727
900,1,19,0.182566
900,1,20,0.183087
900,1,21,0.180556
900,1,22,0.182767
900,1,23,0.182327
900,1,24,0.193137
900,1,25,0.184216
900,1,26,0.181987
900,1,27,0.182956
900,1,28,0.181307
900,1,29,0.187306
900,1,30,0.184307
900,1,31,0.183646
900,1,32,0.191477
900,1,33,0.183417
900,1,34,0.179936
900,1,35,0.191097
900,1,36,0.184267
900,1,37,0.181096
900,1,38,0.178016
900,1,39,0.176836
900,1,40,0.189217
900,1,41,0.180866
900,1,42,0.179107
900,1,43,0.178256
900,1,44,0.180316
900,1,45,0.185067
900,1,46,0.180826
900,1,47,0.180896
900,1,48,0.207018
900,1,49,0.192156
900,2,0,0.387593
900,2,1,0.352202
900,2,2,0.316411
900,2,3,0.325721
900,2,4,0.30365
900,2,5,0.321052
900,2,6,0.310271
900,2,7,0.30579
900,2,8,0.301971
900,2,9,0.313871
900,2,10,0.304221
900,2,11,0.308961
900,2,12,0.28868
900,2,13,0.316761
900,2,14,0.29118
900,2,15,0.312321
900,2,16,0.306811
900,2,17,0.29785
900,2,18,0.30555
900,2,19,0.322472
900,2,20,0.30397
900,2,21,0.308
900,2,22,0.314281
900,2,23,0.30272
900,2,24,0.29019
900,2,25,0.283429
900,2,26,0.307491
900,2,27,0.28814
900,2,28,0.2803
900,2,29,0.307871
900,2,30,0.28533
900,2,31,0.28122
900,2,32,0.28006
900,2,33,0.321741
900,2,34,0.29113
900,2,35,0.28387
900,2,36,0.28882
900,2,37,0.314521
900,2,38,0.28811
900,2,39,0.2978
900,2,40,0.3108
900,2,41,0.291841
900,2,42,0.279879
900,2,43,0.29328
900,2,44,0.28402
900,2,45,0.28
900,2,46,0.313321
900,2,47,0.29443
900,2,48,0.28693
900,2,49,0.310561
900,4,0,0.319491
900,4,1,0.326102
900,4,2,0.317271
900,4,3,0.308131
900,4,4,0.30484
900,4,5,0.309111
900,4,6,0.304291
900,4,7,0.29202
900,4,8,0.317221
900,4,9,0.30475
900,4,10,0.29377
900,4,11,0.28848
900,4,12,0.29209
900,4,13,0.290661
900,4,14,0.286201
900,4,15,0.307961
900,4,16,0.300041
900,4,17,0.28658
900,4,18,0.28186
900,4,19,0.331942
900,4,20,0.29672
900,4,21,0.305211
900,4,22,0.305191
900,4,23,0.30151
900,4,24,0.293451
900,4,25,0.312231
900,4,26,0.30428
900,4,27,0.291781
900,4,28,0.28686
900,4,29,0.321091
900,4,30,0.317421
900,4,31,0.299931
900,4,32,0.307831
900,4,33,0.313211
900,4,34,0.312611
900,4,35,0.311021
900,4,36,0.29684
900,4,37,0.29071
900,4,38,0.321672
900,4,39,0.305851
900,4,40,0.29331
900,4,41,0.307041
900,4,42,0.30775
900,4,43,0.3035
900,4,44,0.313721
900,4,45,0.303671
900,4,46,0.29346
900,4,47,0.295301
900,4,48,0.29004
900,4,49,0.29174
900,8,0,0.339862
900,8,1,0.357023
900,8,2,0.336662
900,8,3,0.330541
900,8,4,0.370724
900,8,5,0.342423
900,8,6,0.328721
900,8,7,0.326632
900,8,8,0.318871
900,8,9,0.313741
900,8,10,0.324351
900,8,11,0.324782
900,8,12,0.316251
900,8,13,0.318561
900,8,14,0.339232
900,8,15,0.321662
900,8,16,0.321551
900,8,17,0.316241
900,8,18,0.312881
900,8,19,0.344372
900,8,20,0.336351
900,8,21,0.318891
900,8,22,0.312622
900,8,23,0.318012
900,8,24,0.309171
900,8,25,0.307951
900,8,26,0.324652
900,8,27,0.314991
900,8,28,0.310041
900,8,29,0.351502
900,8,30,0.332382
900,8,31,0.323332
900,8,32,0.324501
900,8,33,0.317941
900,8,34,0.325561
900,8,35,0.334431
900,8,36,0.319762
900,8,37,0.319221
900,8,38,0.316401
900,8,39,0.311161
900,8,40,0.310811
900,8,41,0.334792
900,8,42,0.325001
900,8,43,0.319901
900,8,44,0.327522
900,8,45,0.321521
900,8,46,0.314701
900,8,47,0.319111
900,8,48,0.322181
900,8,49,0.340902
900,16,0,0.405754
900,16,1,0.387143
900,16,2,0.376293
900,16,3,0.392483
900,16,4,0.389834
900,16,5,0.386174
900,16,6,0.382233
900,16,7,0.371053
900,16,8,0.381684
900,16,9,0.368523
900,16,10,0.367693
900,16,11,0.374153
900,16,12,0.365783
900,16,13,0.374543
900,16,14,0.366663
900,16,15,0.367373
900,16,16,0.372783
900,16,17,0.480367
900,16,18,0.388624
900,16,19,0.376953
900,16,20,0.396934
900,16,21,0.419064
900,16,22,0.407374
900,16,23,0.403074
900,16,24,0.391554
900,16,25,0.387384
900,16,26,0.392383
900,16,27,0.376083
900,16,28,0.378123
900,16,29,0.378553
900,16,30,0.371503
900,16,31,0.378234
900,16,32,0.372703
900,16,33,0.365953
900,16,34,0.420595
900,16,35,0.386994
900,16,36,0.395354
900,16,37,0.378513
900,16,38,0.375023
900,16,39,0.388313
900,16,40,0.478387
900,16,41,0.379603
900,16,42,0.370833
900,16,43,0.366053
900,16,44,0.389303
900,16,45,0.387624
900,16,46,0.383093
900,16,47,0.378944
900,16,48,0.370763
900,16,49,0.374053
900,32,0,0.497467
900,32,1,0.519678
900,32,2,0.501308
900,32,3,0.497358
900,32,4,0.488767
900,32,5,0.493078
900,32,6,0.487247
900,32,7,0.492147
900,32,8,0.488727
900,32,9,0.495398
900,32,10,0.486617
900,32,11,0.497877
900,32,12,0.490497
900,32,13,0.491837
900,32,14,0.520778
900,32,15,0.504228
900,32,16,0.497777
900,32,17,0.498997
900,32,18,0.492868
900,32,19,0.494688
900,32,20,0.497397
900,32,21,0.513339
900,32,22,0.496458
900,32,23,0.498357
900,32,24,0.492638
900,32,25,0.491587
900,32,26,0.485917
900,32,27,0.488408
900,32,28,0.487968
900,32,29,0.498727
900,32,30,0.487107
900,32,31,0.489178
900,32,32,0.484397
900,32,33,0.489737
900,32,34,0.484457
900,32,35,0.496097
900,32,36,0.489388
900,32,37,0.490167
900,32,38,0.491597
900,32,39,0.489157
900,32,40,0.487428
900,32,41,0.495697
900,32,42,0.488247
900,32,43,0.487697
900,32,44,0.484886
900,32,45,0.495758
900,32,46,0.492887
900,32,47,0.488867
900,32,48,0.485197
900,32,49,0.496407
900,64,0,0.736466
900,64,1,0.724315
900,64,2,0.738356
900,64,3,0.735956
900,64,4,0.720535
900,64,5,0.721605
900,64,6,0.731205
900,64,7,0.742826
900,64,8,0.733555
900,64,9,0.732716
900,64,10,0.731946
900,64,11,0.734486
900,64,12,0.730505
900,64,13,0.730795
900,64,14,0.724206
900,64,15,0.715665
900,64,16,0.734176
900,64,17,0.724275
900,64,18,0.735646
900,64,19,0.726105
900,64,20,0.728775
900,64,21,0.728536
900,64,22,0.737256
900,64,23,0.721885
900,64,24,0.718646
900,64,25,0.721405
900,64,26,0.737366
900,64,27,0.723255
900,64,28,0.720196
900,64,29,0.735735
900,64,30,0.719986
900,64,31,0.726925
900,64,32,0.731266
900,64,33,0.725886
900,64,34,0.727475
900,64,35,0.727696
900,64,36,0.734176
900,64,37,0.722575
900,64,38,0.719675
900,64,39,0.717256
900,64,40,0.721455
900,64,41,0.725335
900,64,42,0.727856
900,64,43,0.731546
900,64,44,0.724775
900,64,45,0.715706
900,64,46,0.718065
900,64,47,0.734236
900,64,48,0.722745
900,64,49,0.732426
900,100,0,0.986024
900,100,1,0.832659
900,100,2,0.845389
900,100,3,0.828249
900,100,4,0.810778
900,100,5,0.806589
900,100,6,0.807978
900,100,7,0.818799
900,100,8,0.815049
900,100,9,0.819429
900,100,10,0.812429
900,100,11,0.816539
900,100,12,0.801948
900,100,13,0.823739
900,100,14,0.809458
900,100,15,0.806779
900,100,16,0.799468
900,100,17,0.798258
900,100,18,0.813389
900,100,19,0.809008
900,100,20,0.809759
900,100,21,0.810018
900,100,22,0.804428
900,100,23,0.816579
900,100,24,0.815149
900,100,25,0.805028
900,100,26,0.814039
900,100,27,0.806878
900,100,28,0.801678
900,100,29,0.807989
900,100,30,0.813769
900,100,31,0.808078
900,100,32,0.805548
900,100,33,0.798289
900,100,34,0.806039
900,100,35,0.808448
900,100,36,0.84125
900,100,37,0.808788
900,100,38,0.808239
900,100,39,0.806668
900,100,40,0.807038
900,100,41,0.903701
900,100,42,0.83749
900,100,43,1.10297
900,100,44,1.09703
900,100,45,9.17438
900,100,46,0.989145
900,100,47,0.816249
900,100,48,0.813699
900,100,49,0.806818
900,200,0,0.976325
900,200,1,0.932693
900,200,2,0.925982
900,200,3,0.929623
900,200,4,0.924622
900,200,5,0.925692
900,200,6,0.924723
900,200,7,0.919972
900,200,8,0.924522
900,200,9,0.922452
900,200,10,0.925273
900,200,11,0.923902
900,200,12,0.916922
900,200,13,0.945484
900,200,14,1.22457
900,200,15,1.21735
900,200,16,1.21706
900,200,17,1.21212
900,200,18,1.00582
900,200,19,0.926703
900,200,20,0.926823
900,200,21,0.931373
900,200,22,0.923553
900,200,23,0.924132
900,200,24,0.921413
900,200,25,0.923812
900,200,26,0.922963
900,200,27,0.922352
900,200,28,0.920423
900,200,29,0.916322
900,200,30,0.924592
900,200,31,0.923893
900,200,32,0.924682
900,200,33,0.921063
900,200,34,0.921112
900,200,35,0.920993
900,200,36,0.916442
900,200,37,0.922132
900,200,38,0.921303
900,200,39,0.924522
900,200,40,0.923203
900,200,41,0.918052
900,200,42,0.959464
900,200,43,1.21156
900,200,44,1.20704
900,200,45,1.21447
900,200,46,1.2098
900,200,47,0.998345
900,200,48,0.920773
900,200,49,0.920532
900,400,0,1.26209
900,400,1,1.02263
900,400,2,1.006
900,400,3,1.01452
900,400,4,1.00905
900,400,5,0.993065
900,400,6,1.00078
900,400,7,0.993125
900,400,8,0.998495
900,400,9,0.989144
900,400,10,0.979925
900,400,11,0.997145
900,400,12,0.985015
900,400,13,0.992175
900,400,14,0.995325
900,400,15,0.997596
900,400,16,0.985815
900,400,17,0.984985
900,400,18,1.16542
900,400,19,1.27549
900,400,20,1.29023
900,400,21,1.26699
900,400,22,1.14931
900,400,23,1.0044
900,400,24,1.00402
900,400,25,0.992155
900,400,26,0.997385
900,400,27,0.997975
900,400,28,1.00598
900,400,29,1.03053
900,400,30,1.10253
900,400,31,1.04089
900,400,32,11.9951
900,400,33,1.21279
900,400,34,1.37854
900,400,35,1.32979
900,400,36,1.33317
900,400,37,1.25895
900,400,38,1.16102
900,400,39,1.10843
900,400,40,1.14696
900,400,41,1.00721
900,400,42,0.994375
900,400,43,0.991775
900,400,44,0.997585
900,400,45,1.00534
900,400,46,1.0016
900,400,47,0.997705
900,400,48,0.998155
900,400,49,0.996855
900,800,0,1.56707
900,800,1,1.42407
900,800,2,1.40005
900,800,3,1.53313
900,800,4,1.43383
900,800,5,1.63498
900,800,6,1.91641
900,800,7,2.04487
900,800,8,1.57684
900,800,9,1.43003
900,800,10,1.40338
900,800,11,1.57998
900,800,12,1.42457
900,800,13,1.40744
900,800,14,1.39327
900,800,15,1.53226
900,800,16,1.42801
900,800,17,1.43095
900,800,18,1.4047
900,800,19,1.55481
900,800,20,1.41506
900,800,21,1.42168
900,800,22,1.41268
900,800,23,1.55129
900,800,24,1.63274
900,800,25,1.92264
900,800,26,1.9001
900,800,27,1.69721
900,800,28,1.43981
900,800,29,1.46825
900,800,30,1.41975
900,800,31,1.55428
900,800,32,1.41531
900,800,33,1.41131
900,800,34,1.39656
900,800,35,1.53027
900,800,36,1.39692
900,800,37,1.42563
900,800,38,1.40955
900,800,39,1.53329
900,800,40,1.41954
900,800,41,1.40972
900,800,42,1.4615
900,800,43,2.04579
900,800,44,11.7975
900,800,45,1.52182
900,800,46,1.42894
900,800,47,1.55026
900,800,48,1.429
900,800,49,1.43548
900,1600,0,2.07197
900,1600,1,2.09446
900,1600,2,2.71763
900,1600,3,2.81293
900,1600,4,2.09813
900,1600,5,2.05735
900,1600,6,2.13504
900,1600,7,2.03841
900,1600,8,2.05415
900,1600,9,2.05689
900,1600,10,2.05147
900,1600,11,2.04501
900,1600,12,2.02754
900,1600,13,2.07171
900,1600,14,2.05812
900,1600,15,2.74454
900,1600,16,2.79333
900,1600,17,2.11412
900,1600,18,2.07723
900,1600,19,2.0599
900,1600,20,2.05344
900,1600,21,2.0847
900,1600,22,2.07572
900,1600,23,2.0432
900,1600,24,2.0266
900,1600,25,2.05927
900,1600,26,2.05697
900,1600,27,2.05379
900,1600,28,2.79214
900,1600,29,2.77288
900,1600,30,2.08268
900,1600,31,2.085
900,1600,32,2.07515
900,1600,33,2.07022
900,1600,34,2.05274
900,1600,35,2.06884
900,1600,36,12.6158
900,1600,37,2.81052
900,1600,38,2.07797
900,1600,39,2.08316
900,1600,40,2.04129
900,1600,41,2.02724
900,1600,42,2.08522
900,1600,43,2.04464
900,1600,44,2.02496
900,1600,45,2.02818
900,1600,46,2.0672
900,1600,47,2.18914
900,1600,48,2.08971
900,1600,49,2.79158
900,3200,0,4.61555
900,3200,1,4.57475
900,3200,2,4.5481
900,3200,3,4.53194
900,3200,4,4.5388
900,3200,5,5.48144
900,3200,6,4.54359
900,3200,7,4.54141
900,3200,8,4.53635
900,3200,9,4.53274
900,3200,10,4.54056
900,3200,11,5.45839
900,3200,12,15.0243
900,3200,13,4.54564
900,3200,14,4.79555
900,3200,15,5.103
900,3200,16,4.51752
900,3200,17,4.54451
900,3200,18,4.51613
900,3200,19,4.58911
900,3200,20,4.81713
900,3200,21,5.06751
900,3200,22,4.56363
900,3200,23,4.54916
900,3200,24,4.52799
900,3200,25,4.53877
900,3200,26,4.75936
900,3200,27,5.10908
900,3200,28,4.55779
900,3200,29,4.5471
900,3200,30,4.56541
900,3200,31,14.579
900,3200,32,4.55805
900,3200,33,4.54451
900,3200,34,4.55184
900,3200,35,4.53956
900,3200,36,4.83788
900,3200,37,5.02092
900,3200,38,4.54036
900,3200,39,4.54734
900,3200,40,4.543
900,3200,41,4.54566
900,3200,42,4.99648
900,3200,43,4.99691
900,3200,44,4.56172
900,3200,45,4.55208
900,3200,46,4.53435
900,3200,47,4.57433
900,3200,48,4.84602
900,3200,49,4.99882
900,6400,0,17.3972
900,6400,1,9.33078
900,6400,2,8.08742
900,6400,3,8.08003
900,6400,4,9.25618
900,6400,5,8.10008
900,6400,6,8.0856
900,6400,7,8.64497
900,6400,8,8.70574
900,6400,9,8.10001
900,6400,10,19.3012
900,6400,11,8.29248
900,6400,12,8.08183
900,6400,13,9.29917
900,6400,14,8.08743
900,6400,15,8.14365
900,6400,16,9.21042
900,6400,17,8.17216
900,6400,18,8.1088
900,6400,19,8.36478
900,6400,20,9.06016
900,6400,21,17.479
900,6400,22,9.52031
900,6400,23,8.16245
900,6400,24,8.1335
900,6400,25,9.03543
900,6400,26,8.35248
900,6400,27,8.1101
900,6400,28,8.09613
900,6400,29,9.26917
900,6400,30,8.09306
900,6400,31,20.3413
900,6400,32,8.2058
900,6400,33,8.08766
900,6400,34,9.23394
900,6400,35,8.13562
900,6400,36,8.08399
900,6400,37,8.2412
900,6400,38,9.0585
900,6400,39,8.09261
900,6400,40,8.08821
900,6400,41,9.31223
900,6400,42,18.9943
900,6400,43,9.50164
900,6400,44,8.11603
900,6400,45,8.07958
900,6400,46,8.66127
900,6400,47,8.63324
900,6400,48,8.07382
900,6400,49,8.0769
900,10000,0,13.5825
900,10000,1,20.0409
900,10000,2,12.8598
900,10000,3,13.9529
900,10000,4,12.9956
900,10000,5,13.4094
900,10000,6,13.4757
900,10000,7,12.8921
900,10000,8,22.202
900,10000,9,14.0708
900,10000,10,12.8691
900,10000,11,14.1029
900,10000,12,12.8981
900,10000,13,13.8769
900,10000,14,13.0382
900,10000,15,20.7205
900,10000,16,12.9318
900,10000,17,14.1032
900,10000,18,12.8947
900,10000,19,14.1088
900,10000,20,13.1236
900,10000,21,13.8469
900,10000,22,24.5013
900,10000,23,19.0641
900,10000,24,18.9004
900,10000,25,15.9003
900,10000,26,14.1831
900,10000,27,12.9144
900,10000,28,18.3024
900,10000,29,12.9014
900,10000,30,14.1119
900,10000,31,12.8838
900,10000,32,14.0985
900,10000,33,12.8781
900,10000,34,23.1065
900,10000,35,13.3934
900,10000,36,13.858
900,10000,37,12.9276
900,10000,38,14.2042
900,10000,39,12.8754
900,10000,40,14.0898
900,10000,41,21.6779
900,10000,42,13.2062
900,10000,43,13.0922
900,10000,44,13.7509
900,10000,45,12.8715
900,10000,46,14.2227
900,10000,47,13.0809
900,10000,48,21.6884
900,10000,49,14.0033
801,1,0,0.682994
801,1,1,0.244959
801,1,2,0.229798
801,1,3,0.228668
801,1,4,0.238088
801,1,5,0.230968
801,1,6,0.227708
801,1,7,0.184926
801,1,8,0.174356
801,1,9,0.187277
801,1,10,0.174456
801,1,11,0.173266
801,1,12,0.174126
801,1,13,0.173647
801,1,14,0.178557
801,1,15,0.174806
801,1,16,0.172456
801,1,17,0.173236
801,1,18,0.172986
801,1,19,0.173326
801,1,20,0.180367
801,1,21,0.175026
801,1,22,0.174256
801,1,23,0.173916
801,1,24,0.176026
801,1,25,0.178476
801,1,26,0.181016
801,1,27,0.173766
801,1,28,0.170926
801,1,29,0.172846
801,1,30,0.171546
801,1,31,0.178826
801,1,32,0.173126
801,1,33,0.173626
801,1,34,0.173306
801,1,35,0.173766
801,1,36,0.172726
801,1,37,0.179267
801,1,38,0.175036
801,1,39,0.173886
801,1,40,0.173086
801,1,41,0.172276
801,1,42,0.175517
801,1,43,0.180026
801,1,44,0.173696
801,1,45,0.177806
801,1,46,0.171096
801,1,47,0.173966
801,1,48,0.180026
801,1,49,0.178856
801,2,0,0.345972
801,2,1,0.317141
801,2,2,0.319241
801,2,3,0.298781
801,2,4,0.28778
801,2,5,0.28685
801,2,6,0.27971
801,2,7,0.266189
801,2,8,0.262439
801,2,9,0.28287
801,2,10,0.269649
801,2,11,0.262359
801,2,12,0.262299
801,2,13,0.28431
801,2,14,0.26379
801,2,15,0.280399
801,2,16,0.277579
801,2,17,0.274459
801,2,18,0.263379
801,2,19,0.258458
801,2,20,0.269119
801,2,21,0.261389
801,2,22,0.26781
801,2,23,0.258599
801,2,24,0.263909
801,2,25,0.254189
801,2,26,0.254329
801,2,27,0.258049
801,2,28,0.27431
801,2,29,0.260799
801,2,30,0.26864
801,2,31,0.2676
801,2,32,0.263639
801,2,33,0.256279
801,2,34,0.27344
801,2,35,0.266229
801,2,36,0.25678
801,2,37,0.367562
801,2,38,0.26398
801,2,39,0.266629
801,2,40,0.259299
801,2,41,0.257379
801,2,42,0.28405
801,2,43,0.26909
801,2,44,0.266209
801,2,45,0.261999
801,2,46,0.28233
801,2,47,0.27333
801,2,48,0.268979
801,2,49,0.273199
801,4,0,0.29939
801,4,1,0.296291
801,4,2,0.28475
801,4,3,0.29757
801,4,4,0.29344
801,4,5,0.283681
801,4,6,0.28431
801,4,7,0.345442
801,4,8,0.340242
801,4,9,0.354002
801,4,10,0.346892
801,4,11,0.339122
801,4,12,0.342863
801,4,13,0.336851
801,4,14,0.340452
801,4,15,0.342863
801,4,16,0.335961
801,4,17,0.337042
801,4,18,0.340362
801,4,19,0.336622
801,4,20,0.333452
801,4,21,0.344482
801,4,22,0.320381
801,4,23,0.27949
801,4,24,0.27559
801,4,25,0.267709
801,4,26,0.26542
801,4,27,0.29364
801,4,28,0.28246
801,4,29,0.29186
801,4,30,0.293631
801,4,31,0.2921
801,4,32,0.27839
801,4,33,0.270339
801,4,34,0.28738
801,4,35,0.284861
801,4,36,0.29381
801,4,37,0.27963
801,4,38,0.277759
801,4,39,0.270639
801,4,40,0.374763
801,4,41,0.27037
801,4,42,0.264699
801,4,43,0.261779
801,4,44,0.258809
801,4,45,0.285839
801,4,46,0.270239
801,4,47,0.263549
801,4,48,0.260579
801,4,49,0.26653
801,8,0,0.315351
801,8,1,0.304831
801,8,2,0.306961
801,8,3,0.297
801,8,4,0.296061
801,8,5,0.30787
801,8,6,0.298441
801,8,7,0.302501
801,8,8,0.30305
801,8,9,0.304451
801,8,10,0.29251
801,8,11,0.293241
801,8,12,0.30258
801,8,13,0.318922
801,8,14,0.30469
801,8,15,0.310021
801,8,16,0.300411
801,8,17,0.317121
801,8,18,0.311921
801,8,19,0.300771
801,8,20,0.29824
801,8,21,0.301821
801,8,22,0.304901
801,8,23,0.306931
801,8,24,0.29208
801,8,25,0.3004
801,8,26,0.293441
801,8,27,0.29052
801,8,28,0.309451
801,8,29,0.29686
801,8,30,0.289901
801,8,31,0.288691
801,8,32,0.29269
801,8,33,0.29161
801,8,34,0.28621
801,8,35,0.30881
801,8,36,0.293481
801,8,37,0.30469
801,8,38,0.303931
801,8,39,0.29421
801,8,40,0.291701
801,8,41,0.28807
801,8,42,0.29209
801,8,43,0.305451
801,8,44,0.29502
801,8,45,0.304591
801,8,46,0.29516
801,8,47,0.2917
801,8,48,0.2881
801,8,49,0.331862
801,16,0,0.358572
801,16,1,0.353563
801,16,2,0.450026
801,16,3,0.461516
801,16,4,0.450426
801,16,5,0.447366
801,16,6,0.450745
801,16,7,0.442415
801,16,8,0.446686
801,16,9,0.443916
801,16,10,0.447835
801,16,11,0.444466
801,16,12,0.445116
801,16,13,0.435425
801,16,14,0.355683
801,16,15,0.356582
801,16,16,0.341342
801,16,17,0.342682
801,16,18,0.346532
801,16,19,0.341283
801,16,20,0.337771
801,16,21,0.341922
801,16,22,0.338542
801,16,23,0.334572
801,16,24,0.351583
801,16,25,0.338172
801,16,26,0.337651
801,16,27,0.351392
801,16,28,0.338062
801,16,29,0.338832
801,16,30,0.341302
801,16,31,0.339152
801,16,32,0.341592
801,16,33,0.337492
801,16,34,0.335251
801,16,35,0.363132
801,16,36,0.350543
801,16,37,0.346292
801,16,38,0.350022
801,16,39,0.340832
801,16,40,0.343212
801,16,41,0.345332
801,16,42,0.344301
801,16,43,0.338112
801,16,44,0.342061
801,16,45,0.345323
801,16,46,0.337741
801,16,47,0.342192
801,16,48,0.336601
801,16,49,0.335401
801,32,0,0.482087
801,32,1,0.454467
801,32,2,0.456737
801,32,3,0.446615
801,32,4,0.445876
801,32,5,0.457256
801,32,6,0.472257
801,32,7,0.458836
801,32,8,0.462666
801,32,9,0.446866
801,32,10,0.462936
801,32,11,0.450226
801,32,12,0.449836
801,32,13,0.451526
801,32,14,0.446305
801,32,15,0.449175
801,32,16,0.441376
801,32,17,0.445886
801,32,18,0.441605
801,32,19,0.472557
801,32,20,0.474176
801,32,21,0.464656
801,32,22,0.462316
801,32,23,0.498988
801,32,24,0.609961
801,32,25,0.603321
801,32,26,0.59357
801,32,27,0.596221
801,32,28,0.595261
801,32,29,0.590791
801,32,30,0.592511
801,32,31,0.589011
801,32,32,0.57543
801,32,33,0.445986
801,32,34,0.450146
801,32,35,0.443515
801,32,36,0.471137
801,32,37,0.454636
801,32,38,0.457436
801,32,39,0.447126
801,32,40,0.447606
801,32,41,0.441826
801,32,42,0.438336
801,32,43,0.447166
801,32,44,0.451306
801,32,45,0.449316
801,32,46,0.443546
801,32,47,0.456605
801,32,48,0.448225
801,32,49,0.472507
801,64,0,0.672573
801,64,1,0.670034
801,64,2,0.659803
801,64,3,0.676294
801,64,4,0.658563
801,64,5,0.653073
801,64,6,0.667964
801,64,7,0.667893
801,64,8,0.665993
801,64,9,0.664464
801,64,10,0.655573
801,64,11,0.654383
801,64,12,0.648783
801,64,13,0.668773
801,64,14,0.671503
801,64,15,0.661183
801,64,16,9.84099
801,64,17,0.736976
801,64,18,0.667943
801,64,19,0.654223
801,64,20,0.651393
801,64,21,0.650243
801,64,22,0.662434
801,64,23,0.656603
801,64,24,0.651963
801,64,25,0.644812
801,64,26,0.650433
801,64,27,0.658683
801,64,28,0.651803
801,64,29,0.655984
801,64,30,0.663104
801,64,31,0.661133
801,64,32,0.661643
801,64,33,0.664024
801,64,34,0.656673
801,64,35,0.656773
801,64,36,0.656863
801,64,37,0.651043
801,64,38,0.652543
801,64,39,0.654003
801,64,40,0.647713
801,64,41,0.654143
801,64,42,0.649493
801,64,43,0.677673
801,64,44,0.655283
801,64,45,0.766596
801,64,46,0.655683
801,64,47,0.658823
801,64,48,0.657493
801,64,49,0.667423
801,100,0,0.865241
801,100,1,0.746656
801,100,2,0.932693
801,100,3,0.988795
801,100,4,0.986894
801,100,5,0.985025
801,100,6,0.990725
801,100,7,0.894431
801,100,8,0.756667
801,100,9,0.747996
801,100,10,0.742597
801,100,11,0.736355
801,100,12,0.743586
801,100,13,0.836399
801,100,14,0.716745
801,100,15,0.719156
801,100,16,0.726766
801,100,17,0.719215
801,100,18,0.724535
801,100,19,0.720575
801,100,20,0.723496
801,100,21,0.721305
801,100,22,0.726206
801,100,23,0.720385
801,100,24,0.719875
801,100,25,0.713725
801,100,26,0.718855
801,100,27,0.718495
801,100,28,0.724715
801,100,29,0.721755
801,100,30,0.722745
801,100,31,0.720376
801,100,32,0.712735
801,100,33,0.720535
801,100,34,0.716255
801,100,35,0.715305
801,100,36,0.719145
801,100,37,0.715195
801,100,38,0.717055
801,100,39,0.723096
801,100,40,0.968784
801,100,41,0.970054
801,100,42,0.967444
801,100,43,0.968034
801,100,44,0.968094
801,100,45,0.84722
801,100,46,0.722845
801,100,47,0.738076
801,100,48,0.727936
801,100,49,0.724886
801,200,0,0.905452
801,200,1,0.865701
801,200,2,0.884831
801,200,3,0.86536
801,200,4,0.84552
801,200,5,0.869991
801,200,6,0.87388
801,200,7,0.84424
801,200,8,0.872021
801,200,9,0.84848
801,200,10,0.848859
801,200,11,0.83921
801,200,12,0.84405
801,200,13,0.84387
801,200,14,0.87138
801,200,15,0.84424
801,200,16,0.85139
801,200,17,0.86183
801,200,18,0.85084
801,200,19,0.85683
801,200,20,0.880791
801,200,21,0.864451
801,200,22,0.942643
801,200,23,1.15714
801,200,24,1.15503
801,200,25,1.10583
801,200,26,1.15078
801,200,27,0.946273
801,200,28,0.85822
801,200,29,0.86185
801,200,30,10.6067
801,200,31,0.86079
801,200,32,0.876901
801,200,33,0.8627
801,200,34,0.846259
801,200,35,0.85984
801,200,36,0.87081
801,200,37,0.8415
801,200,38,0.875501
801,200,39,0.839189
801,200,40,0.84949
801,200,41,0.85752
801,200,42,0.83893
801,200,43,0.997315
801,200,44,1.11377
801,200,45,1.10063
801,200,46,1.12046
801,200,47,1.13771
801,200,48,0.924953
801,200,49,0.84834
801,400,0,1.07556
801,400,1,0.927682
801,400,2,0.918822
801,400,3,0.918602
801,400,4,0.923953
801,400,5,0.927403
801,400,6,0.926313
801,400,7,0.914192
801,400,8,0.915842
801,400,9,0.917923
801,400,10,0.909483
801,400,11,0.904892
801,400,12,0.907832
801,400,13,0.911292
801,400,14,0.898972
801,400,15,1.01556
801,400,16,0.955773
801,400,17,0.949904
801,400,18,0.957653
801,400,19,0.961484
801,400,20,0.946013
801,400,21,0.954244
801,400,22,1.1592
801,400,23,1.21292
801,400,24,1.19561
801,400,25,1.2164
801,400,26,1.07271
801,400,27,1.01282
801,400,28,0.970304
801,400,29,1.10556
801,400,30,0.972604
801,400,31,0.934213
801,400,32,0.910982
801,400,33,0.924722
801,400,34,0.924492
801,400,35,0.913832
801,400,36,0.922673
801,400,37,0.916932
801,400,38,0.947013
801,400,39,0.917242
801,400,40,0.935223
801,400,41,0.927633
801,400,42,0.906502
801,400,43,0.919382
801,400,44,0.903652
801,400,45,0.905262
801,400,46,0.899511
801,400,47,0.900652
801,400,48,0.895352
801,400,49,0.907832
801,800,0,1.85645
801,800,1,1.72577
801,800,2,1.56128
801,800,3,1.40755
801,800,4,1.39875
801,800,5,1.30665
801,800,6,1.27752
801,800,7,1.28168
801,800,8,1.37493
801,800,9,1.28123
801,800,10,1.27895
801,800,11,1.29027
801,800,12,1.26719
801,800,13,1.38312
801,800,14,1.39054
801,800,15,9.5288
801,800,16,1.85888
801,800,17,1.68767
801,800,18,1.39822
801,800,19,1.41453
801,800,20,1.27453
801,800,21,1.28407
801,800,22,1.28156
801,800,23,1.39422
801,800,24,1.27736
801,800,25,1.27929
801,800,26,1.26493
801,800,27,1.27784
801,800,28,1.37917
801,800,29,1.28224
801,800,30,1.27146
801,800,31,1.28203
801,800,32,1.38704
801,800,33,1.28544
801,800,34,1.27179
801,800,35,1.48971
801,800,36,1.84209
801,800,37,1.72449
801,800,38,1.53199
801,800,39,1.30378
801,800,40,1.38753
801,800,41,1.2901
801,800,42,1.27897
801,800,43,1.28717
801,800,44,1.39583
801,800,45,1.28111
801,800,46,1.28228
801,800,47,1.2863
801,800,48,1.38661
801,800,49,1.28913
801,1600,0,1.88298
801,1600,1,1.89713
801,1600,2,1.87028
801,1600,3,2.3375
801,1600,4,2.52602
801,1600,5,2.17414
801,1600,6,1.88866
801,1600,7,1.94441
801,1600,8,1.87569
801,1600,9,1.86574
801,1600,10,1.85013
801,1600,11,1.87024
801,1600,12,1.85872
801,1600,13,1.86714
801,1600,14,1.84441
801,1600,15,1.84766
801,1600,16,1.86029
801,1600,17,1.86426
801,1600,18,2.47657
801,1600,19,12.3493
801,1600,20,1.92264
801,1600,21,1.86138
801,1600,22,1.85928
801,1600,23,1.84932
801,1600,24,1.84448
801,1600,25,1.86845
801,1600,26,1.85935
801,1600,27,2.09386
801,1600,28,2.50427
801,1600,29,2.35373
801,1600,30,1.86162
801,1600,31,1.8633
801,1600,32,1.85545
801,1600,33,1.86827
801,1600,34,1.84837
801,1600,35,1.86153
801,1600,36,1.85419
801,1600,37,1.85069
801,1600,38,1.86342
801,1600,39,1.85361
801,1600,40,1.85743
801,1600,41,1.86579
801,1600,42,2.25859
801,1600,43,2.49271
801,1600,44,2.18364
801,1600,45,1.86073
801,1600,46,1.84254
801,1600,47,1.84659
801,1600,48,1.86279
801,1600,49,1.86157
801,3200,0,3.77192
801,3200,1,3.82095
801,3200,2,3.7825
801,3200,3,4.77461
801,3200,4,3.81964
801,3200,5,3.85553
801,3200,6,3.71561
801,3200,7,14.0827
801,3200,8,4.58891
801,3200,9,3.75645
801,3200,10,3.75599
801,3200,11,3.76614
801,3200,12,3.73819
801,3200,13,3.72713
801,3200,14,3.71776
801,3200,15,4.53404
801,3200,16,3.9545
801,3200,17,3.7279
801,3200,18,3.71612
801,3200,19,3.72902
801,3200,20,3.71421
801,3200,21,3.71754
801,3200,22,3.96995
801,3200,23,4.53045
801,3200,24,3.72701
801,3200,25,3.7246
801,3200,26,3.72481
801,3200,27,3.77179
801,3200,28,3.74985
801,3200,29,4.20951
801,3200,30,13.0897
801,3200,31,5.64181
801,3200,32,5.6095
801,3200,33,5.60288
801,3200,34,5.65102
801,3200,35,5.57273
801,3200,36,5.56679
801,3200,37,5.57057
801,3200,38,5.569
801,3200,39,5.6018
801,3200,40,5.64995
801,3200,41,5.5593
801,3200,42,5.29629
801,3200,43,3.76734
801,3200,44,3.74914
801,3200,45,4.67857
801,3200,46,3.87557
801,3200,47,3.73768
801,3200,48,13.659
801,3200,49,3.79998
801,6400,0,7.39428
801,6400,1,7.06239
801,6400,2,7.02166
801,6400,3,7.98014
801,6400,4,7.52914
801,6400,5,7.14452
801,6400,6,7.76543
801,6400,7,8.17477
801,6400,8,7.30515
801,6400,9,7.13385
801,6400,10,7.0994
801,6400,11,16.0242
801,6400,12,7.12182
801,6400,13,7.14889
801,6400,14,8.35484
801,6400,15,7.22441
801,6400,16,7.11353
801,6400,17,7.11193
801,6400,18,8.29272
801,6400,19,7.13663
801,6400,20,7.10552
801,6400,21,7.10751
801,6400,22,8.28107
801,6400,23,15.0872
801,6400,24,7.24436
801,6400,25,8.12541
801,6400,26,7.12801
801,6400,27,7.19331
801,6400,28,7.35727
801,6400,29,8.08023
801,6400,30,7.2226
801,6400,31,7.11771
801,6400,32,7.46785
801,6400,33,7.90936
801,6400,34,7.10314
801,6400,35,17.9345
801,6400,36,7.15814
801,6400,37,7.11818
801,6400,38,7.1071
801,6400,39,8.3527
801,6400,40,7.11266
801,6400,41,7.14348
801,6400,42,7.65536
801,6400,43,8.47165
801,6400,44,7.18776
801,6400,45,7.14727
801,6400,46,7.13877
801,6400,47,17.5633
801,6400,48,7.1428
801,6400,49,7.76981
801,10000,0,10.9629
801,10000,1,10.8387
801,10000,2,12.5796
801,10000,3,11.0143
801,10000,4,11.1941
801,10000,5,25.361
801,10000,6,12.0904
801,10000,7,10.754
801,10000,8,11.1851
801,10000,9,11.1167
801,10000,10,10.7109
801,10000,11,11.9819
801,10000,12,11.3947
801,10000,13,19.8801
801,10000,14,10.7246
801,10000,15,10.9765
801,10000,16,11.3248
801,10000,17,10.7754
801,10000,18,11.937
801,10000,19,10.6738
801,10000,20,10.7468
801,10000,21,11.9359
801,10000,22,18.8367
801,10000,23,11.8382
801,10000,24,10.7066
801,10000,25,11.5519
801,10000,26,10.7669
801,10000,27,10.7989
801,10000,28,11.9243
801,10000,29,10.7263
801,10000,30,22.6756
801,10000,31,10.7209
801,10000,32,11.7794
801,10000,33,10.698
801,10000,34,10.6701
801,10000,35,11.88
801,10000,36,10.6801
801,10000,37,10.8851
801,10000,38,20.2737
801,10000,39,11.6699
801,10000,40,10.8205
801,10000,41,10.7437
801,10000,42,11.9135
801,10000,43,10.805
801,10000,44,10.7267
801,10000,45,11.6031
801,10000,46,20.5868
801,10000,47,10.9489
801,10000,48,10.7178
801,10000,49,12.0922
699,1,0,0.649263
699,1,1,0.254729
699,1,2,0.226318
699,1,3,0.214387
699,1,4,0.210418
699,1,5,0.222018
699,1,6,0.211868
699,1,7,0.210928
699,1,8,0.209717
699,1,9,0.211217
699,1,10,0.216968
699,1,11,0.222748
699,1,12,0.210727
699,1,13,0.211378
699,1,14,0.209567
699,1,15,0.219118
699,1,16,0.210848
699,1,17,0.210238
699,1,18,0.208537
699,1,19,0.216348
699,1,20,0.209807
699,1,21,0.210078
699,1,22,0.210017
699,1,23,0.208448
699,1,24,0.217917
699,1,25,0.211598
699,1,26,0.209547
699,1,27,0.210737
699,1,28,0.210218
699,1,29,0.219758
699,1,30,0.209667
699,1,31,0.210718
699,1,32,0.208717
699,1,33,0.216888
699,1,34,0.209627
699,1,35,0.208837
699,1,36,0.209017
699,1,37,0.208907
699,1,38,0.214108
699,1,39,0.209787
699,1,40,0.210078
699,1,41,0.209017
699,1,42,0.208607
699,1,43,0.219317
699,1,44,0.209927
699,1,45,0.211408
699,1,46,0.210437
699,1,47,0.213918
699,1,48,0.210887
699,1,49,0.209708
699,2,0,0.353832
699,2,1,0.340402
699,2,2,0.339682
699,2,3,0.334762
699,2,4,0.331131
699,2,5,0.314991
699,2,6,0.315561
699,2,7,0.312111
699,2,8,0.309021
699,2,9,0.29667
699,2,10,0.301131
699,2,11,0.29477
699,2,12,0.2928
699,2,13,0.293141
699,2,14,0.300361
699,2,15,0.299041
699,2,16,0.29437
699,2,17,0.306531
699,2,18,0.29322
699,2,19,0.29148
699,2,20,0.30061
699,2,21,0.294901
699,2,22,0.29655
699,2,23,0.2911
699,2,24,0.29979
699,2,25,0.294381
699,2,26,0.29437
699,2,27,0.299191
699,2,28,0.29291
699,2,29,0.28984
699,2,30,0.29223
699,2,31,0.30626
699,2,32,0.29318
699,2,33,0.29762
699,2,34,0.302381
699,2,35,0.29454
699,2,36,0.29148
699,2,37,0.295331
699,2,38,0.29297
699,2,39,0.29045
699,2,40,0.289941
699,2,41,0.29566
699,2,42,0.29251
699,2,43,0.30933
699,2,44,0.309501
699,2,45,0.300141
699,2,46,0.29481
699,2,47,0.298351
699,2,48,0.29365
699,2,49,0.300431
699,4,0,0.327272
699,4,1,0.318481
699,4,2,0.311631
699,4,3,0.305701
699,4,4,0.311831
699,4,5,0.300041
699,4,6,0.30121
699,4,7,0.305511
699,4,8,0.299111
699,4,9,0.29853
699,4,10,0.303041
699,4,11,0.29822
699,4,12,0.296511
699,4,13,0.30239
699,4,14,0.30168
699,4,15,0.297671
699,4,16,0.29649
699,4,17,0.309791
699,4,18,0.297011
699,4,19,0.29785
699,4,20,0.302781
699,4,21,0.29759
699,4,22,0.299901
699,4,23,0.304681
699,4,24,0.29929
699,4,25,0.298481
699,4,26,0.3007
699,4,27,0.309691
699,4,28,0.297841
699,4,29,0.29801
699,4,30,0.342012
699,4,31,0.325511
699,4,32,0.317271
699,4,33,0.318411
699,4,34,0.307251
699,4,35,0.306461
699,4,36,0.305271
699,4,37,0.3034
699,4,38,0.325672
699,4,39,0.313331
699,4,40,0.310671
699,4,41,0.303861
699,4,42,0.29806
699,4,43,0.307781
699,4,44,0.306571
699,4,45,0.29617
699,4,46,0.304281
699,4,47,0.301411
699,4,48,0.29714
699,4,49,0.301981
699,8,0,0.359433
699,8,1,0.353072
699,8,2,0.349692
699,8,3,0.338762
699,8,4,0.336012
699,8,5,0.355312
699,8,6,0.357233
699,8,7,0.344512
699,8,8,0.345562
699,8,9,0.334782
699,8,10,0.336322
699,8,11,0.345632
699,8,12,0.331932
699,8,13,0.356132
699,8,14,0.336032
699,8,15,0.332372
699,8,16,0.336312
699,8,17,0.334812
699,8,18,0.357982
699,8,19,0.350473
699,8,20,0.340481
699,8,21,0.335281
699,8,22,0.336261
699,8,23,0.330692
699,8,24,0.337552
699,8,25,0.336992
699,8,26,0.331421
699,8,27,0.354972
699,8,28,0.345222
699,8,29,0.335342
699,8,30,0.339252
699,8,31,0.338712
699,8,32,0.337082
699,8,33,0.379433
699,8,34,0.358653
699,8,35,0.343742
699,8,36,0.349572
699,8,37,0.342642
699,8,38,0.342312
699,8,39,0.337952
699,8,40,0.342822
699,8,41,0.334242
699,8,42,0.331342
699,8,43,0.337002
699,8,44,0.334362
699,8,45,0.348513
699,8,46,0.363112
699,8,47,0.338402
699,8,48,0.349093
699,8,49,0.336432
699,16,0,0.437125
699,16,1,0.416645
699,16,2,0.404674
699,16,3,0.408545
699,16,4,0.400084
699,16,5,0.395744
699,16,6,0.405304
699,16,7,0.396534
699,16,8,0.401654
699,16,9,0.398874
699,16,10,0.395954
699,16,11,0.413275
699,16,12,0.397704
699,16,13,0.402304
699,16,14,0.395124
699,16,15,0.401164
699,16,16,0.407154
699,16,17,0.396604
699,16,18,0.403254
699,16,19,0.400105
699,16,20,0.396663
699,16,21,0.403525
699,16,22,0.396804
699,16,23,0.419135
699,16,24,0.400414
699,16,25,0.404864
699,16,26,0.398484
699,16,27,0.395964
699,16,28,0.402234
699,16,29,0.395994
699,16,30,0.402354
699,16,31,0.397464
699,16,32,0.394854
699,16,33,0.402534
699,16,34,0.396983
699,16,35,0.407415
699,16,36,0.396834
699,16,37,0.394504
699,16,38,0.400584
699,16,39,0.396874
699,16,40,0.430825
699,16,41,0.428145
699,16,42,0.404614
699,16,43,0.408775
699,16,44,0.398764
699,16,45,0.400354
699,16,46,0.401224
699,16,47,0.393864
699,16,48,0.402864
699,16,49,0.393944
699,32,0,0.552249
699,32,1,0.530779
699,32,2,0.538069
699,32,3,0.534809
699,32,4,0.628523
699,32,5,0.537678
699,32,6,0.548719
699,32,7,0.545639
699,32,8,0.535449
699,32,9,0.541579
699,32,10,0.533349
699,32,11,0.538859
699,32,12,0.550149
699,32,13,0.532619
699,32,14,0.536499
699,32,15,0.533949
699,32,16,0.541639
699,32,17,0.535219
699,32,18,0.541399
699,32,19,0.535048
699,32,20,0.53909
699,32,21,0.534469
699,32,22,0.56001
699,32,23,0.5711
699,32,24,0.56028
699,32,25,0.554089
699,32,26,0.54676
699,32,27,0.544759
699,32,28,0.537909
699,32,29,0.542009
699,32,30,0.532849
699,32,31,0.538909
699,32,32,0.532078
699,32,33,0.537619
699,32,34,0.531849
699,32,35,0.544709
699,32,36,0.538109
699,32,37,0.532809
699,32,38,0.536539
699,32,39,0.631952
699,32,40,0.538459
699,32,41,0.527659
699,32,42,0.533558
699,32,43,0.527179
699,32,44,0.531849
699,32,45,0.525948
699,32,46,0.534739
699,32,47,0.532409
699,32,48,0.526708
699,32,49,0.56205
699,64,0,0.804278
699,64,1,0.792608
699,64,2,0.811379
699,64,3,0.789528
699,64,4,0.785918
699,64,5,0.785828
699,64,6,0.783117
699,64,7,0.778387
699,64,8,0.782847
699,64,9,0.790788
699,64,10,0.786378
699,64,11,6.62736
699,64,12,0.807238
699,64,13,0.795568
699,64,14,0.785548
699,64,15,0.778427
699,64,16,0.784718
699,64,17,0.790388
699,64,18,0.786157
699,64,19,0.800169
699,64,20,0.785127
699,64,21,0.789428
699,64,22,0.786917
699,64,23,0.793077
699,64,24,0.790978
699,64,25,0.779428
699,64,26,0.788477
699,64,27,0.784747
699,64,28,0.782918
699,64,29,0.783947
699,64,30,0.781868
699,64,31,0.782667
699,64,32,0.785468
699,64,33,0.800568
699,64,34,0.786108
699,64,35,0.787727
699,64,36,0.783538
699,64,37,0.784248
699,64,38,0.786967
699,64,39,0.775887
699,64,40,0.784247
699,64,41,0.785678
699,64,42,0.782807
699,64,43,0.789228
699,64,44,0.777307
699,64,45,0.782497
699,64,46,0.783128
699,64,47,0.784587
699,64,48,0.809889
699,64,49,0.788337
699,100,0,0.892791
699,100,1,0.873681
699,100,2,0.8626
699,100,3,0.87819
699,100,4,0.866511
699,100,5,0.86707
699,100,6,0.850279
699,100,7,0.869741
699,100,8,0.851
699,100,9,0.85664
699,100,10,0.84616
699,100,11,0.85003
699,100,12,0.84685
699,100,13,0.842209
699,100,14,0.84362
699,100,15,0.84971
699,100,16,0.840559
699,100,17,0.84848
699,100,18,0.8436
699,100,19,0.84401
699,100,20,0.848199
699,100,21,0.86111
699,100,22,0.841269
699,100,23,0.845709
699,100,24,0.84536
699,100,25,0.84341
699,100,26,0.86112
699,100,27,0.727176
699,100,28,0.661493
699,100,29,0.659323
699,100,30,0.671054
699,100,31,0.651543
699,100,32,0.651953
699,100,33,0.644402
699,100,34,0.643113
699,100,35,0.653973
699,100,36,0.651863
699,100,37,0.641603
699,100,38,0.670163
699,100,39,0.674084
699,100,40,0.657233
699,100,41,0.684914
699,100,42,0.682714
699,100,43,0.679844
699,100,44,0.675034
699,100,45,0.667063
699,100,46,0.645513
699,100,47,0.649893
699,100,48,0.640753
699,100,49,0.647702
699,200,0,0.772256
699,200,1,0.756566
699,200,2,0.751727
699,200,3,0.755996
699,200,4,0.757287
699,200,5,0.752977
699,200,6,0.754306
699,200,7,0.744576
699,200,8,0.758437
699,200,9,0.741966
699,200,10,0.751986
699,200,11,0.742687
699,200,12,0.766297
699,200,13,0.747036
699,200,14,0.743806
699,200,15,0.751306
699,200,16,0.889802
699,200,17,0.780407
699,200,18,0.779788
699,200,19,0.793228
699,200,20,0.802318
699,200,21,0.785588
699,200,22,1.00312
699,200,23,1.21707
699,200,24,11.268
699,200,25,0.777337
699,200,26,0.765297
699,200,27,0.752016
699,200,28,0.774347
699,200,29,0.750486
699,200,30,0.756117
699,200,31,0.752186
699,200,32,0.743756
699,200,33,0.757657
699,200,34,0.759287
699,200,35,0.762757
699,200,36,0.757126
699,200,37,0.758527
699,200,38,0.755947
699,200,39,0.760376
699,200,40,0.755237
699,200,41,0.759617
699,200,42,0.747526
699,200,43,0.772137
699,200,44,0.754766
699,200,45,0.748096
699,200,46,0.760527
699,200,47,0.768677
699,200,48,0.751116
699,200,49,0.753947
699,400,0,0.841259
699,400,1,0.825979
699,400,2,0.957554
699,400,3,0.983895
699,400,4,0.971234
699,400,5,0.978574
699,400,6,0.974324
699,400,7,0.915933
699,400,8,0.821499
699,400,9,0.826559
699,400,10,0.787877
699,400,11,0.814288
699,400,12,0.803798
699,400,13,0.809759
699,400,14,0.804208
699,400,15,0.794908
699,400,16,0.805249
699,400,17,0.818208
699,400,18,0.807218
699,400,19,0.798768
699,400,20,0.789548
699,400,21,0.813598
699,400,22,0.799759
699,400,23,0.792158
699,400,24,0.803708
699,400,25,0.807458
699,400,26,0.789778
699,400,27,0.801078
699,400,28,0.802348
699,400,29,0.816419
699,400,30,0.808028
699,400,31,0.789557
699,400,32,0.790188
699,400,33,0.825239
699,400,34,0.815029
699,400,35,0.802218
699,400,36,0.793378
699,400,37,0.838649
699,400,38,1.14181
699,400,39,1.15784
699,400,40,0.981515
699,400,41,0.985825
699,400,42,0.957074
699,400,43,0.813088
699,400,44,0.825829
699,400,45,0.831609
699,400,46,0.792868
699,400,47,0.811429
699,400,48,0.798258
699,400,49,0.817159
699,800,0,1.29031
699,800,1,1.1635
699,800,2,1.13792
699,800,3,1.14831
699,800,4,1.13647
699,800,5,1.13496
699,800,6,1.23972
699,800,7,1.1282
699,800,8,1.16135
699,800,9,1.14415
699,800,10,1.12471
699,800,11,1.13522
699,800,12,1.13444
699,800,13,1.25686
699,800,14,1.48624
699,800,15,1.49232
699,800,16,1.51217
699,800,17,1.27668
699,800,18,1.13889
699,800,19,10.9421
699,800,20,1.33498
699,800,21,1.15675
699,800,22,1.1349
699,800,23,1.13555
699,800,24,1.1377
699,800,25,1.13703
699,800,26,1.12574
699,800,27,1.24767
699,800,28,1.13699
699,800,29,1.15127
699,800,30,1.48942
699,800,31,1.48963
699,800,32,1.49553
699,800,33,1.38323
699,800,34,1.23876
699,800,35,1.14535
699,800,36,1.13006
699,800,37,1.13014
699,800,38,1.12935
699,800,39,1.14114
699,800,40,1.40275
699,800,41,1.36308
699,800,42,1.16929
699,800,43,1.16103
699,800,44,1.13911
699,800,45,1.20096
699,800,46,1.15569
699,800,47,1.14586
699,800,48,1.25619
699,800,49,1.14949
699,1600,0,1.71363
699,1600,1,1.92516
699,1600,2,2.1443
699,1600,3,2.15141
699,1600,4,1.69934
699,1600,5,1.67759
699,1600,6,1.66837
699,1600,7,1.6611
699,1600,8,1.68696
699,1600,9,1.67687
699,1600,10,1.64163
699,1600,11,1.64768
699,1600,12,1.64406
699,1600,13,1.66882
699,1600,14,1.63817
699,1600,15,1.70952
699,1600,16,1.66852
699,1600,17,1.65514
699,1600,18,1.91223
699,1600,19,2.15303
699,1600,20,2.14212
699,1600,21,1.68952
699,1600,22,1.65034
699,1600,23,1.65728
699,1600,24,1.6751
699,1600,25,1.66973
699,1600,26,1.67761
699,1600,27,1.6838
699,1600,28,1.67621
699,1600,29,11.6124
699,1600,30,1.69405
699,1600,31,1.65977
699,1600,32,1.66723
699,1600,33,1.70247
699,1600,34,1.69719
699,1600,35,1.65891
699,1600,36,1.65164
699,1600,37,1.65872
699,1600,38,1.64158
699,1600,39,1.69639
699,1600,40,1.66007
699,1600,41,1.66027
699,1600,42,1.66299
699,1600,43,1.6617
699,1600,44,1.64119
699,1600,45,1.66175
699,1600,46,1.68248
699,1600,47,1.6664
699,1600,48,1.65523
699,1600,49,1.68456
699,3200,0,3.59404
699,3200,1,3.53686
699,3200,2,3.50223
699,3200,3,3.51706
699,3200,4,3.55165
699,3200,5,3.54583
699,3200,6,3.53648
699,3200,7,3.49244
699,3200,8,3.55828
699,3200,9,3.52966
699,3200,10,3.47693
699,3200,11,3.49082
699,3200,12,3.47857
699,3200,13,3.48811
699,3200,14,3.47679
699,3200,15,12.5046
699,3200,16,3.48254
699,3200,17,3.514
699,3200,18,3.48806
699,3200,19,3.48762
699,3200,20,3.49671
699,3200,21,3.49784
699,3200,22,3.54135
699,3200,23,3.49665
699,3200,24,3.50932
699,3200,25,3.55196
699,3200,26,3.4967
699,3200,27,3.47256
699,3200,28,3.53239
699,3200,29,3.45159
699,3200,30,3.43499
699,3200,31,3.49493
699,3200,32,3.45883
699,3200,33,3.45903
699,3200,34,3.46333
699,3200,35,3.44687
699,3200,36,3.42735
699,3200,37,3.45528
699,3200,38,3.44451
699,3200,39,3.46295
699,3200,40,3.48257
699,3200,41,12.6474
699,3200,42,3.50055
699,3200,43,3.97255
699,3200,44,3.81913
699,3200,45,3.5141
699,3200,46,3.5337
699,3200,47,3.51683
699,3200,48,3.54277
699,3200,49,3.54136
699,6400,0,7.162
699,6400,1,6.22833
699,6400,2,6.14549
699,6400,3,6.18025
699,6400,4,6.21966
699,6400,5,7.00974
699,6400,6,6.11934
699,6400,7,6.18073
699,6400,8,15.1813
699,6400,9,6.24947
699,6400,10,6.15307
699,6400,11,6.1838
699,6400,12,6.95739
699,6400,13,6.25825
699,6400,14,6.16779
699,6400,15,6.20563
699,6400,16,6.24741
699,6400,17,7.16668
699,6400,18,6.3603
699,6400,19,6.3322
699,6400,20,6.16765
699,6400,21,7.19065
699,6400,22,6.17658
699,6400,23,14.3028
699,6400,24,7.01432
699,6400,25,6.25566
699,6400,26,6.13483
699,6400,27,6.15034
699,6400,28,6.16523
699,6400,29,7.11906
699,6400,30,6.1644
699,6400,31,6.16827
699,6400,32,6.25483
699,6400,33,7.15408
699,6400,34,6.25637
699,6400,35,6.12086
699,6400,36,6.16876
699,6400,37,16.7369
699,6400,38,6.19763
699,6400,39,6.17474
699,6400,40,6.32216
699,6400,41,7.27692
699,6400,42,6.16224
699,6400,43,6.16726
699,6400,44,6.15237
699,6400,45,6.50787
699,6400,46,6.67573
699,6400,47,6.1541
699,6400,48,6.16081
699,6400,49,6.18451
699,10000,0,18.5091
699,10000,1,9.43988
699,10000,2,10.672
699,10000,3,9.38286
699,10000,4,9.38569
699,10000,5,10.6739
699,10000,6,9.52087
699,10000,7,9.3966
699,10000,8,10.7
699,10000,9,9.45684
699,10000,10,19.9484
699,10000,11,9.51004
699,10000,12,9.39001
699,10000,13,10.7041
699,10000,14,9.39872
699,10000,15,9.40531
699,10000,16,10.7085
699,10000,17,9.38222
699,10000,18,9.37195
699,10000,19,18.2249
699,10000,20,9.4338
699,10000,21,10.0163
699,10000,22,9.83965
699,10000,23,9.41129
699,10000,24,9.75112
699,10000,25,10.0352
699,10000,26,9.37849
699,10000,27,9.63727
699,10000,28,18.313
699,10000,29,9.49423
699,10000,30,10.5598
699,10000,31,9.40308
699,10000,32,9.41768
699,10000,33,10.7479
699,10000,34,9.39842
699,10000,35,9.40882
699,10000,36,10.6615
699,10000,37,19.5195
699,10000,38,10.6974
699,10000,39,9.41244
699,10000,40,9.38852
699,10000,41,10.6879
699,10000,42,9.3857
699,10000,43,9.49733
699,10000,44,10.7047
699,10000,45,9.54315
699,10000,46,9.3965
699,10000,47,18.1282
699,10000,48,9.45185
699,10000,49,10.7346
600,1,0,0.54676
600,1,1,0.194417
600,1,2,0.169386
600,1,3,0.170576
600,1,4,0.162666
600,1,5,0.160545
600,1,6,0.158256
600,1,7,0.167806
600,1,8,0.160755
600,1,9,0.159195
600,1,10,0.165246
600,1,11,0.261549
600,1,12,0.159036
600,1,13,0.152915
600,1,14,0.149766
600,1,15,0.149585
600,1,16,0.149785
600,1,17,0.148405
600,1,18,0.148066
600,1,19,0.156555
600,1,20,0.149186
600,1,21,0.150576
600,1,22,0.149455
600,1,23,0.149595
600,1,24,0.152266
600,1,25,0.155375
600,1,26,0.151376
600,1,27,0.149665
600,1,28,0.148615
600,1,29,0.150385
600,1,30,0.149056
600,1,31,0.149145
600,1,32,0.153365
600,1,33,0.150956
600,1,34,0.148995
600,1,35,0.148875
600,1,36,0.148536
600,1,37,0.148145
600,1,38,0.147295
600,1,39,0.157506
600,1,40,0.148935
600,1,41,0.147725
600,1,42,0.149015
600,1,43,0.148266
600,1,44,0.148905
600,1,45,0.156235
600,1,46,0.150026
600,1,47,0.149385
600,1,48,0.149465
600,1,49,0.147815
600,2,0,0.258909
600,2,1,0.268939
600,2,2,0.241249
600,2,3,0.250899
600,2,4,0.236468
600,2,5,0.245219
600,2,6,0.227978
600,2,7,0.218057
600,2,8,0.253169
600,2,9,0.248049
600,2,10,0.223888
600,2,11,0.215598
600,2,12,0.216247
600,2,13,0.218528
600,2,14,0.213498
600,2,15,0.213417
600,2,16,0.212768
600,2,17,0.213467
600,2,18,0.215278
600,2,19,0.211307
600,2,20,0.209518
600,2,21,0.212077
600,2,22,0.210997
600,2,23,0.237959
600,2,24,0.215717
600,2,25,0.216927
600,2,26,0.212918
600,2,27,0.214937
600,2,28,0.215648
600,2,29,0.231978
600,2,30,0.219508
600,2,31,0.215347
600,2,32,0.214688
600,2,33,0.212217
600,2,34,0.209797
600,2,35,0.213068
600,2,36,0.218838
600,2,37,0.215678
600,2,38,0.220097
600,2,39,0.217607
600,2,40,0.210938
600,2,41,0.215757
600,2,42,0.225148
600,2,43,0.212798
600,2,44,0.214217
600,2,45,0.213047
600,2,46,0.216178
600,2,47,0.213507
600,2,48,0.211298
600,2,49,0.209227
600,4,0,0.246329
600,4,1,0.250529
600,4,2,0.236978
600,4,3,0.232268
600,4,4,0.233629
600,4,5,0.219287
600,4,6,0.217007
600,4,7,0.218038
600,4,8,0.216127
600,4,9,0.220277
600,4,10,0.214708
600,4,11,0.213798
600,4,12,0.213517
600,4,13,0.216798
600,4,14,0.214057
600,4,15,0.211638
600,4,16,0.217887
600,4,17,0.213447
600,4,18,0.221238
600,4,19,0.216557
600,4,20,0.212998
600,4,21,0.213657
600,4,22,0.212227
600,4,23,0.221598
600,4,24,0.221888
600,4,25,0.217528
600,4,26,0.215188
600,4,27,0.218097
600,4,28,0.220768
600,4,29,0.224828
600,4,30,0.217988
600,4,31,0.212307
600,4,32,0.218547
600,4,33,0.215528
600,4,34,0.212727
600,4,35,0.210698
600,4,36,0.216257
600,4,37,0.213528
600,4,38,0.210437
600,4,39,0.214988
600,4,40,0.215528
600,4,41,0.219008
600,4,42,0.217008
600,4,43,0.212687
600,4,44,0.210068
600,4,45,0.211267
600,4,46,0.246619
600,4,47,0.213088
600,4,48,0.220668
600,4,49,0.235219
600,8,0,0.27956
600,8,1,0.253709
600,8,2,0.250549
600,8,3,0.243859
600,8,4,0.247949
600,8,5,0.248039
600,8,6,0.240059
600,8,7,0.236298
600,8,8,0.240719
600,8,9,0.236118
600,8,10,0.250829
600,8,11,0.239388
600,8,12,0.241249
600,8,13,0.236498
600,8,14,0.234918
600,8,15,0.234508
600,8,16,0.246589
600,8,17,0.237028
600,8,18,0.233788
600,8,19,0.239819
600,8,20,0.238968
600,8,21,0.240848
600,8,22,0.245378
600,8,23,0.235248
600,8,24,0.238318
600,8,25,0.232048
600,8,26,0.232238
600,8,27,0.235199
600,8,28,0.233558
600,8,29,0.245949
600,8,30,0.234228
600,8,31,0.237498
600,8,32,0.238569
600,8,33,0.240148
600,8,34,0.235818
600,8,35,0.233229
600,8,36,0.232308
600,8,37,0.238318
600,8,38,0.235209
600,8,39,0.235188
600,8,40,0.233638
600,8,41,0.252439
600,8,42,0.239329
600,8,43,0.232998
600,8,44,0.233258
600,8,45,0.236748
600,8,46,0.245669
600,8,47,0.239378
600,8,48,0.233979
600,8,49,0.236558
600,16,0,0.293921
600,16,1,0.28412
600,16,2,0.27724
600,16,3,0.28449
600,16,4,0.27346
600,16,5,0.27917
600,16,6,0.28056
600,16,7,0.27419
600,16,8,0.272689
600,16,9,0.27064
600,16,10,0.275079
600,16,11,0.271419
600,16,12,0.27089
600,16,13,0.270299
600,16,14,0.27864
600,16,15,0.269979
600,16,16,0.26937
600,16,17,0.27735
600,16,18,0.271959
600,16,19,0.2693
600,16,20,0.2886
600,16,21,0.323621
600,16,22,0.29358
600,16,23,0.282
600,16,24,0.28039
600,16,25,0.274509
600,16,26,0.27214
600,16,27,0.27061
600,16,28,0.30611
600,16,29,0.27889
600,16,30,0.27496
600,16,31,0.27578
600,16,32,0.272919
600,16,33,0.2704
600,16,34,0.27928
600,16,35,0.276109
600,16,36,0.290821
600,16,37,0.278289
600,16,38,0.27668
600,16,39,0.27195
600,16,40,0.270249
600,16,41,0.27083
600,16,42,0.2721
600,16,43,0.271399
600,16,44,0.269919
600,16,45,0.270829
600,16,46,0.305141
600,16,47,0.28294
600,16,48,0.276439
600,16,49,0.276219
600,32,0,0.364633
600,32,1,0.357373
600,32,2,0.359792
600,32,3,0.354313
600,32,4,0.350662
600,32,5,0.358223
600,32,6,0.353832
600,32,7,0.357082
600,32,8,0.354003
600,32,9,0.352123
600,32,10,0.362203
600,32,11,0.358392
600,32,12,0.355393
600,32,13,0.358132
600,32,14,0.355113
600,32,15,0.374153
600,32,16,0.361763
600,32,17,0.356322
600,32,18,0.359053
600,32,19,0.354692
600,32,20,0.354402
600,32,21,0.357493
600,32,22,0.354142
600,32,23,0.355252
600,32,24,0.362972
600,32,25,0.356133
600,32,26,0.353882
600,32,27,0.358943
600,32,28,0.356293
600,32,29,0.356132
600,32,30,0.359043
600,32,31,0.355642
600,32,32,0.359663
600,32,33,0.354742
600,32,34,0.354862
600,32,35,0.356472
600,32,36,0.355752
600,32,37,0.354972
600,32,38,0.366252
600,32,39,0.358922
600,32,40,0.354043
600,32,41,0.361422
600,32,42,0.357443
600,32,43,0.353452
600,32,44,0.360782
600,32,45,0.354093
600,32,46,0.359092
600,32,47,0.355193
600,32,48,0.367043
600,32,49,0.363313
600,64,0,0.522728
600,64,1,0.517649
600,64,2,0.509048
600,64,3,0.512268
600,64,4,0.506698
600,64,5,0.511978
600,64,6,0.508547
600,64,7,0.511867
600,64,8,0.510749
600,64,9,0.509918
600,64,10,0.511527
600,64,11,0.527009
600,64,12,0.518958
600,64,13,0.509158
600,64,14,0.509468
600,64,15,0.510628
600,64,16,0.511288
600,64,17,0.508708
600,64,18,0.521029
600,64,19,0.511477
600,64,20,0.514069
600,64,21,0.509217
600,64,22,0.512907
600,64,23,0.507677
600,64,24,0.514218
600,64,25,0.508538
600,64,26,0.510627
600,64,27,0.508288
600,64,28,0.510838
600,64,29,0.507738
600,64,30,0.516658
600,64,31,0.512208
600,64,32,0.513028
600,64,33,0.509307
600,64,34,0.509158
600,64,35,0.507538
600,64,36,0.510668
600,64,37,0.506028
600,64,38,0.512318
600,64,39,0.507118
600,64,40,0.527178
600,64,41,0.507088
600,64,42,0.519819
600,64,43,0.506247
600,64,44,0.511078
600,64,45,0.505248
600,64,46,0.509948
600,64,47,0.507368
600,64,48,0.505418
600,64,49,0.508488
600,100,0,0.769938
600,100,1,0.703554
600,100,2,0.607992
600,100,3,0.598371
600,100,4,0.58084
600,100,5,0.587581
600,100,6,0.57819
600,100,7,0.577991
600,100,8,0.678704
600,100,9,0.559999
600,100,10,0.56467
600,100,11,0.56038
600,100,12,0.56299
600,100,13,0.56284
600,100,14,0.56171
600,100,15,0.565509
600,100,16,0.56578
600,100,17,0.575741
600,100,18,0.56628
600,100,19,0.56664
600,100,20,0.56236
600,100,21,0.56658
600,100,22,0.56601
600,100,23,0.56076
600,100,24,0.56494
600,100,25,0.5622
600,100,26,0.56356
600,100,27,0.57433
600,100,28,0.56991
600,100,29,0.56092
600,100,30,0.56921
600,100,31,0.5636
600,100,32,0.562
600,100,33,0.5677
600,100,34,0.56736
600,100,35,0.57195
600,100,36,0.56124
600,100,37,0.56608
600,100,38,0.56675
600,100,39,0.56091
600,100,40,0.56871
600,100,41,0.56037
600,100,42,0.56336
600,100,43,8.15632
600,100,44,0.57805
600,100,45,0.56691
600,100,46,0.56572
600,100,47,0.56947
600,100,48,0.568609
600,100,49,0.56168
600,200,0,0.606111
600,200,1,0.591891
600,200,2,0.57338
600,200,3,0.56909
600,200,4,0.57865
600,200,5,0.58016
600,200,6,0.57522
600,200,7,0.57897
600,200,8,0.5696
600,200,9,0.57323
600,200,10,0.571
600,200,11,0.57438
600,200,12,0.5697
600,200,13,0.57018
600,200,14,0.57119
600,200,15,0.56924
600,200,16,0.56917
600,200,17,0.56826
600,200,18,0.572471
600,200,19,0.58214
600,200,20,0.57131
600,200,21,0.57258
600,200,22,0.57403
600,200,23,0.586511
600,200,24,0.571491
600,200,25,0.58282
600,200,26,0.57584
600,200,27,0.56988
600,200,28,0.56984
600,200,29,0.56851
600,200,30,0.5673
600,200,31,0.624862
600,200,32,0.707755
600,200,33,0.705815
600,200,34,0.703205
600,200,35,0.695794
600,200,36,0.698535
600,200,37,0.701605
600,200,38,0.704684
600,200,39,0.5729
600,200,40,0.56792
600,200,41,0.5665
600,200,42,0.57012
600,200,43,0.568961
600,200,44,0.57109
600,200,45,0.57205
600,200,46,0.56893
600,200,47,0.57076
600,200,48,0.57947
600,200,49,0.574451
600,400,0,0.637642
600,400,1,0.622822
600,400,2,0.613422
600,400,3,0.615171
600,400,4,0.602562
600,400,5,0.608291
600,400,6,0.583441
600,400,7,0.611381
600,400,8,0.633322
600,400,9,0.597761
600,400,10,0.58911
600,400,11,0.590381
600,400,12,0.600921
600,400,13,0.603301
600,400,14,0.589251
600,400,15,0.624342
600,400,16,0.595431
600,400,17,0.606891
600,400,18,0.605562
600,400,19,0.606961
600,400,20,0.611282
600,400,21,0.610001
600,400,22,0.596461
600,400,23,0.598621
600,400,24,0.600441
600,400,25,0.595561
600,400,26,0.587281
600,400,27,0.606391
600,400,28,0.735595
600,400,29,0.739636
600,400,30,0.727236
600,400,31,0.739906
600,400,32,0.740696
600,400,33,0.725536
600,400,34,0.754066
600,400,35,0.602291
600,400,36,0.601951
600,400,37,0.602081
600,400,38,0.58496
600,400,39,0.5925
600,400,40,0.585991
600,400,41,0.596671
600,400,42,0.595731
600,400,43,0.610941
600,400,44,0.596052
600,400,45,0.606482
600,400,46,0.587331
600,400,47,0.609472
600,400,48,0.600111
600,400,49,0.597851
600,800,0,1.13651
600,800,1,1.012
600,800,2,1.02416
600,800,3,1.08997
600,800,4,1.09392
600,800,5,1.01177
600,800,6,1.00536
600,800,7,1.10536
600,800,8,1.00822
600,800,9,1.01616
600,800,10,1.00685
600,800,11,1.1051
600,800,12,1.09851
600,800,13,1.33801
600,800,14,1.31982
600,800,15,1.32814
600,800,16,1.29629
600,800,17,12.1402
600,800,18,1.25592
600,800,19,1.04986
600,800,20,1.11109
600,800,21,1.01005
600,800,22,1.00091
600,800,23,1.00519
600,800,24,1.0722
600,800,25,1.00081
600,800,26,1.00671
600,800,27,1.00103
600,800,28,1.074
600,800,29,1.03625
600,800,30,1.30691
600,800,31,1.30683
600,800,32,1.30048
600,800,33,1.30554
600,800,34,1.02058
600,800,35,1.02528
600,800,36,1.11268
600,800,37,1.00956
600,800,38,1.00144
600,800,39,1.00013
600,800,40,1.07712
600,800,41,1.00555
600,800,42,1.00146
600,800,43,1.0026
600,800,44,1.07327
600,800,45,0.999815
600,800,46,1.02341
600,800,47,1.00148
600,800,48,1.09113
600,800,49,1.0032
600,1600,0,1.47899
600,1600,1,1.46918
600,1600,2,1.44589
600,1600,3,1.58393
600,1600,4,1.90508
600,1600,5,1.89924
600,1600,6,1.68304
600,1600,7,1.46556
600,1600,8,1.45548
600,1600,9,1.45766
600,1600,10,1.44657
600,1600,11,1.4465
600,1600,12,1.44047
600,1600,13,1.45631
600,1600,14,1.45711
600,1600,15,1.47919
600,1600,16,1.45104
600,1600,17,1.56463
600,1600,18,1.46527
600,1600,19,1.47172
600,1600,20,1.46791
600,1600,21,1.45495
600,1600,22,1.44604
600,1600,23,1.84915
600,1600,24,1.89465
600,1600,25,1.89219
600,1600,26,1.44405
600,1600,27,1.45223
600,1600,28,1.44625
600,1600,29,1.46381
600,1600,30,1.45369
600,1600,31,1.44694
600,1600,32,1.45543
600,1600,33,1.49982
600,1600,34,12.3646
600,1600,35,1.79033
600,1600,36,1.89982
600,1600,37,1.91215
600,1600,38,1.48859
600,1600,39,1.53009
600,1600,40,1.49653
600,1600,41,1.55812
600,1600,42,1.44551
600,1600,43,1.47281
600,1600,44,1.45169
600,1600,45,1.45407
600,1600,46,1.4564
600,1600,47,1.45704
600,1600,48,1.43774
600,1600,49,1.46296
600,3200,0,2.95298
600,3200,1,3.05724
600,3200,2,3.4095
600,3200,3,3.08487
600,3200,4,3.03742
600,3200,5,3.05325
600,3200,6,3.03598
600,3200,7,3.04936
600,3200,8,3.02687
600,3200,9,3.04123
600,3200,10,3.02323
600,3200,11,3.18763
600,3200,12,3.38193
600,3200,13,3.07685
600,3200,14,3.03453
600,3200,15,3.04038
600,3200,16,3.02388
600,3200,17,3.02645
600,3200,18,3.02608
600,3200,19,3.02846
600,3200,20,13.0899
600,3200,21,3.03092
600,3200,22,3.0981
600,3200,23,3.04964
600,3200,24,3.09884
600,3200,25,3.05579
600,3200,26,3.03884
600,3200,27,3.10467
600,3200,28,3.42249
600,3200,29,3.07594
600,3200,30,3.06208
600,3200,31,3.05456
600,3200,32,3.03806
600,3200,33,3.018
600,3200,34,3.00709
600,3200,35,3.01883
600,3200,36,3.00233
600,3200,37,3.34277
600,3200,38,3.24282
600,3200,39,3.01026
600,3200,40,3.00342
600,3200,41,3.00202
600,3200,42,3.03065
600,3200,43,3.0203
600,3200,44,3.00368
600,3200,45,3.01132
600,3200,46,3.00004
600,3200,47,3.40438
600,3200,48,3.00414
600,3200,49,12.1825
600,6400,0,5.18905
600,6400,1,5.72007
600,6400,2,5.66433
600,6400,3,5.1984
600,6400,4,5.25907
600,6400,5,5.3087
600,6400,6,5.21932
600,6400,7,6.55148
600,6400,8,5.24858
600,6400,9,5.18546
600,6400,10,5.1673
600,6400,11,5.16877
600,6400,12,5.46442
600,6400,13,5.98274
600,6400,14,5.15508
600,6400,15,5.20835
600,6400,16,16.1418
600,6400,17,5.3938
600,6400,18,5.25089
600,6400,19,5.21657
600,6400,20,5.19828
600,6400,21,5.34424
600,6400,22,6.165
600,6400,23,5.20638
600,6400,24,5.15963
600,6400,25,5.22315
600,6400,26,5.2048
600,6400,27,6.00089
600,6400,28,5.526
600,6400,29,5.22917
600,6400,30,5.16335
600,6400,31,5.18076
600,6400,32,15.4529
600,6400,33,5.24887
600,6400,34,5.25972
600,6400,35,5.20789
600,6400,36,5.45973
600,6400,37,6.03378
600,6400,38,5.13823
600,6400,39,5.18911
600,6400,40,5.17674
600,6400,41,5.23184
600,6400,42,6.13232
600,6400,43,5.29774
600,6400,44,5.19344
600,6400,45,5.18356
600,6400,46,5.29331
600,6400,47,5.36947
600,6400,48,6.17135
600,6400,49,14.4519
600,10000,0,8.45715
600,10000,1,9.30089
600,10000,2,8.07085
600,10000,3,8.02843
600,10000,4,9.29665
600,10000,5,8.06998
600,10000,6,8.24446
600,10000,7,8.42995
600,10000,8,8.73475
600,10000,9,8.05975
600,10000,10,18.9874
600,10000,11,8.09578
600,10000,12,7.99646
600,10000,13,8.47665
600,10000,14,8.87274
600,10000,15,8.02681
600,10000,16,8.01211
600,10000,17,9.35322
600,10000,18,7.98951
600,10000,19,8.02551
600,10000,20,8.0916
600,10000,21,15.7863
600,10000,22,8.10662
600,10000,23,8.79499
600,10000,24,8.48375
600,10000,25,8.00548
600,10000,26,7.9947
600,10000,27,9.35905
600,10000,28,8.04526
600,10000,29,8.03824
600,10000,30,8.29573
600,10000,31,17.6189
600,10000,32,8.22223
600,10000,33,9.33238
600,10000,34,8.01653
600,10000,35,8.11423
600,10000,36,8.10386
600,10000,37,9.17123
600,10000,38,8.4243
600,10000,39,8.11084
600,10000,40,9.22056
600,10000,41,8.10396
600,10000,42,17.3166
600,10000,43,9.18202
600,10000,44,8.00748
600,10000,45,8.0042
600,10000,46,9.16267
600,10000,47,8.12315
600,10000,48,8.09347
600,10000,49,8.03202
501,1,0,0.439955
501,1,1,0.162066
501,1,2,0.158515
501,1,3,0.148226
501,1,4,0.145605
501,1,5,0.146075
501,1,6,0.143115
501,1,7,0.139685
501,1,8,0.145395
501,1,9,0.143245
501,1,10,0.141235
501,1,11,0.140715
501,1,12,0.140455
501,1,13,0.140685
501,1,14,0.140695
501,1,15,0.145185
501,1,16,0.143585
501,1,17,0.140105
501,1,18,0.144405
501,1,19,0.139635
501,1,20,0.139115
501,1,21,0.140745
501,1,22,0.144895
501,1,23,0.142485
501,1,24,0.146556
501,1,25,0.139965
501,1,26,0.139785
501,1,27,0.139854
501,1,28,0.140796
501,1,29,0.143954
501,1,30,0.143535
501,1,31,0.141405
501,1,32,0.140785
501,1,33,0.141205
501,1,34,0.139685
501,1,35,0.139335
501,1,36,0.144135
501,1,37,0.141045
501,1,38,0.139425
501,1,39,0.143225
501,1,40,0.138135
501,1,41,0.140155
501,1,42,0.138776
501,1,43,0.144514
501,1,44,0.141314
501,1,45,0.141605
501,1,46,0.140074
501,1,47,0.137974
501,1,48,0.139675
501,1,49,0.140145
501,2,0,0.240708
501,2,1,0.237078
501,2,2,0.228979
501,2,3,0.227157
501,2,4,0.212427
501,2,5,0.210768
501,2,6,0.203968
501,2,7,0.198757
501,2,8,0.194047
501,2,9,0.198777
501,2,10,0.201857
501,2,11,0.194717
501,2,12,0.201897
501,2,13,0.193797
501,2,14,0.197186
501,2,15,0.212188
501,2,16,0.202987
501,2,17,0.196327
501,2,18,0.198867
501,2,19,0.198927
501,2,20,0.194117
501,2,21,0.193537
501,2,22,0.191056
501,2,23,0.190416
501,2,24,0.195667
501,2,25,0.193487
501,2,26,0.191117
501,2,27,0.190997
501,2,28,0.197867
501,2,29,0.194827
501,2,30,0.196217
501,2,31,0.195007
501,2,32,0.191017
501,2,33,0.191187
501,2,34,0.193497
501,2,35,0.199287
501,2,36,0.192417
501,2,37,0.188936
501,2,38,0.189607
501,2,39,0.190106
501,2,40,0.196676
501,2,41,0.190926
501,2,42,0.197437
501,2,43,0.192307
501,2,44,0.190227
501,2,45,0.196627
501,2,46,0.193696
501,2,47,0.189737
501,2,48,0.190687
501,2,49,0.189706
501,4,0,0.233508
501,4,1,0.218908
501,4,2,0.213898
501,4,3,0.206307
501,4,4,0.203557
501,4,5,0.203587
501,4,6,0.197397
501,4,7,0.200287
501,4,8,0.200247
501,4,9,0.204437
501,4,10,0.198507
501,4,11,0.195747
501,4,12,0.200917
501,4,13,0.194706
501,4,14,0.203288
501,4,15,0.209367
501,4,16,0.201377
501,4,17,0.199647
501,4,18,0.197947
501,4,19,0.216498
501,4,20,0.202407
501,4,21,0.197057
501,4,22,0.193707
501,4,23,0.203637
501,4,24,0.199257
501,4,25,0.198997
501,4,26,0.195077
501,4,27,0.195347
501,4,28,0.195087
501,4,29,0.211387
501,4,30,0.213498
501,4,31,0.201387
501,4,32,0.198487
501,4,33,0.196727
501,4,34,0.206877
501,4,35,0.198857
501,4,36,0.194297
501,4,37,0.194147
501,4,38,0.204717
501,4,39,0.204927
501,4,40,0.198927
501,4,41,0.199536
501,4,42,0.199198
501,4,43,0.196698
501,4,44,0.206808
501,4,45,0.198377
501,4,46,0.196347
501,4,47,0.196447
501,4,48,0.192936
501,4,49,0.199187
501,8,0,0.233119
501,8,1,0.225688
501,8,2,0.218827
501,8,3,0.222497
501,8,4,0.220468
501,8,5,0.214418
501,8,6,0.217317
501,8,7,0.215188
501,8,8,0.216758
501,8,9,0.212628
501,8,10,0.214388
501,8,11,0.211237
501,8,12,0.211868
501,8,13,0.217247
501,8,14,0.212258
501,8,15,0.213307
501,8,16,0.219328
501,8,17,0.215838
501,8,18,0.210767
501,8,19,0.213648
501,8,20,0.254739
501,8,21,0.232948
501,8,22,0.244049
501,8,23,0.224427
501,8,24,0.26079
501,8,25,0.363472
501,8,26,0.333001
501,8,27,0.27164
501,8,28,0.258909
501,8,29,0.29414
501,8,30,0.284441
501,8,31,0.242828
501,8,32,0.226168
501,8,33,0.222158
501,8,34,0.219428
501,8,35,0.237678
501,8,36,0.241799
501,8,37,0.234588
501,8,38,0.236228
501,8,39,0.222358
501,8,40,0.216718
501,8,41,0.219798
501,8,42,0.215178
501,8,43,0.211588
501,8,44,0.213707
501,8,45,0.210528
501,8,46,0.253249
501,8,47,0.238678
501,8,48,0.236438
501,8,49,0.238439
501,16,0,0.27699
501,16,1,0.264939
501,16,2,0.250649
501,16,3,0.260699
501,16,4,0.255639
501,16,5,0.251499
501,16,6,0.263559
501,16,7,0.26914
501,16,8,0.256109
501,16,9,0.248909
501,16,10,0.357632
501,16,11,0.27598
501,16,12,0.260989
501,16,13,0.254139
501,16,14,0.26948
501,16,15,0.271269
501,16,16,0.25889
501,16,17,0.252309
501,16,18,0.262169
501,16,19,0.256089
501,16,20,0.252639
501,16,21,0.251429
501,16,22,0.256079
501,16,23,0.251239
501,16,24,0.248699
501,16,25,0.247069
501,16,26,0.254419
501,16,27,0.252199
501,16,28,0.251519
501,16,29,0.246588
501,16,30,0.253089
501,16,31,0.248449
501,16,32,0.247539
501,16,33,0.246688
501,16,34,0.25586
501,16,35,0.253829
501,16,36,0.247748
501,16,37,0.246449
501,16,38,0.255259
501,16,39,0.250679
501,16,40,0.250029
501,16,41,0.249318
501,16,42,0.251628
501,16,43,0.246979
501,16,44,0.252519
501,16,45,0.248719
501,16,46,0.261029
501,16,47,0.251259
501,16,48,0.248328
501,16,49,0.250579
501,32,0,0.359022
501,32,1,0.334482
501,32,2,0.354353
501,32,3,0.333211
501,32,4,0.324751
501,32,5,0.325981
501,32,6,0.320642
501,32,7,0.325141
501,32,8,0.320001
501,32,9,0.315722
501,32,10,0.316781
501,32,11,0.331682
501,32,12,0.322162
501,32,13,0.315941
501,32,14,0.314211
501,32,15,0.326811
501,32,16,0.317801
501,32,17,0.317191
501,32,18,0.351753
501,32,19,0.320672
501,32,20,0.320611
501,32,21,0.326322
501,32,22,0.318811
501,32,23,0.423985
501,32,24,0.319751
501,32,25,0.314901
501,32,26,0.311621
501,32,27,0.321351
501,32,28,0.311511
501,32,29,0.310341
501,32,30,0.314051
501,32,31,0.31023
501,32,32,0.309181
501,32,33,0.314901
501,32,34,0.310591
501,32,35,0.309121
501,32,36,0.328532
501,32,37,0.314691
501,32,38,0.311451
501,32,39,0.316311
501,32,40,0.314961
501,32,41,0.310181
501,32,42,0.315611
501,32,43,0.312001
501,32,44,0.311841
501,32,45,0.310141
501,32,46,0.317041
501,32,47,0.312761
501,32,48,0.309741
501,32,49,0.314801
501,64,0,0.457156
501,64,1,0.461256
501,64,2,0.454266
501,64,3,0.451776
501,64,4,0.446656
501,64,5,0.448266
501,64,6,0.443955
501,64,7,0.445156
501,64,8,0.443296
501,64,9,0.443565
501,64,10,0.457856
501,64,11,0.442136
501,64,12,0.446116
501,64,13,0.443475
501,64,14,0.444436
501,64,15,0.444696
501,64,16,0.449065
501,64,17,0.443555
501,64,18,0.442626
501,64,19,0.473086
501,64,20,0.466457
501,64,21,0.458626
501,64,22,0.448156
501,64,23,0.448076
501,64,24,0.442995
501,64,25,0.448676
501,64,26,0.443406
501,64,27,0.451495
501,64,28,0.443496
501,64,29,0.441366
501,64,30,0.447965
501,64,31,0.443356
501,64,32,0.497808
501,64,33,0.460477
501,64,34,0.450155
501,64,35,0.456227
501,64,36,0.451115
501,64,37,0.445416
501,64,38,0.446996
501,64,39,0.441535
501,64,40,0.443945
501,64,41,0.447086
501,64,42,0.443495
501,64,43,0.445725
501,64,44,0.445056
501,64,45,0.446356
501,64,46,0.453285
501,64,47,0.451315
501,64,48,0.444015
501,64,49,0.441726
501,100,0,0.519269
501,100,1,0.496677
501,100,2,0.488897
501,100,3,0.489948
501,100,4,0.489277
501,100,5,0.490887
501,100,6,0.485757
501,100,7,0.489578
501,100,8,0.487307
501,100,9,0.490237
501,100,10,0.491738
501,100,11,0.487828
501,100,12,0.487827
501,100,13,0.491527
501,100,14,0.487357
501,100,15,0.503538
501,100,16,0.488887
501,100,17,0.487698
501,100,18,0.483388
501,100,19,0.488137
501,100,20,0.486727
501,100,21,0.488727
501,100,22,0.484767
501,100,23,0.490347
501,100,24,0.522489
501,100,25,0.617882
501,100,26,0.516608
501,100,27,0.549399
501,100,28,0.505268
501,100,29,0.506628
501,100,30,0.493997
501,100,31,0.507698
501,100,32,0.496378
501,100,33,0.497067
501,100,34,0.500138
501,100,35,0.507248
501,100,36,0.498867
501,100,37,0.495758
501,100,38,0.500668
501,100,39,0.511587
501,100,40,0.537638
501,100,41,0.527259
501,100,42,0.500757
501,100,43,0.510837
501,100,44,0.502297
501,100,45,0.503418
501,100,46,0.507048
501,100,47,0.497927
501,100,48,0.539779
501,100,49,0.503178
501,200,0,0.606442
501,200,1,0.583651
501,200,2,0.582781
501,200,3,0.56854
501,200,4,0.56995
501,200,5,0.57297
501,200,6,0.56839
501,200,7,0.57034
501,200,8,0.58363
501,200,9,0.57558
501,200,10,0.57031
501,200,11,0.57298
501,200,12,0.56718
501,200,13,0.57149
501,200,14,0.57352
501,200,15,0.579281
501,200,16,0.58237
501,200,17,0.574271
501,200,18,0.57085
501,200,19,0.56996
501,200,20,0.56955
501,200,21,0.57103
501,200,22,0.57332
501,200,23,0.583351
501,200,24,0.561649
501,200,25,0.571651
501,200,26,0.566491
501,200,27,0.57076
501,200,28,0.56364
501,200,29,0.572541
501,200,30,0.56882
501,200,31,0.58498
501,200,32,0.56755
501,200,33,0.5671
501,200,34,0.579631
501,200,35,0.57553
501,200,36,0.57083
501,200,37,0.57838
501,200,38,0.570309
501,200,39,0.58329
501,200,40,0.637112
501,200,41,0.704955
501,200,42,0.688324
501,200,43,0.698384
501,200,44,0.692235
501,200,45,0.700985
501,200,46,0.709635
501,200,47,0.700435
501,200,48,0.599531
501,200,49,0.57878
501,400,0,0.645362
501,400,1,0.633682
501,400,2,0.633442
501,400,3,0.629452
501,400,4,0.618991
501,400,5,0.624082
501,400,6,0.611422
501,400,7,0.623302
501,400,8,0.630582
501,400,9,0.625682
501,400,10,0.617362
501,400,11,0.611651
501,400,12,0.609552
501,400,13,0.620092
501,400,14,0.603671
501,400,15,0.616252
501,400,16,0.607981
501,400,17,0.618322
501,400,18,0.618271
501,400,19,0.611261
501,400,20,0.609181
501,400,21,0.735736
501,400,22,0.648993
501,400,23,0.706365
501,400,24,0.612172
501,400,25,0.616221
501,400,26,0.614402
501,400,27,0.619522
501,400,28,0.611531
501,400,29,0.618072
501,400,30,0.612452
501,400,31,0.611741
501,400,32,0.603821
501,400,33,0.614411
501,400,34,0.620752
501,400,35,0.611512
501,400,36,0.713314
501,400,37,0.744636
501,400,38,0.756496
501,400,39,0.733416
501,400,40,0.731416
501,400,41,0.756127
501,400,42,0.886141
501,400,43,0.690564
501,400,44,0.615462
501,400,45,0.666923
501,400,46,0.617852
501,400,47,0.619022
501,400,48,0.616642
501,400,49,6.81478
501,800,0,1.02445
501,800,1,0.909522
501,800,2,0.87098
501,800,3,0.948563
501,800,4,0.877611
501,800,5,0.891181
501,800,6,0.930303
501,800,7,0.893461
501,800,8,0.945183
501,800,9,0.882261
501,800,10,0.893331
501,800,11,0.899542
501,800,12,0.86587
501,800,13,1.00935
501,800,14,1.14226
501,800,15,1.15495
501,800,16,1.29634
501,800,17,1.21328
501,800,18,0.989255
501,800,19,0.916372
501,800,20,0.882431
501,800,21,0.897922
501,800,22,0.889611
501,800,23,1.03238
501,800,24,0.904051
501,800,25,0.911232
501,800,26,0.875991
501,800,27,0.886021
501,800,28,1.0487
501,800,29,0.968994
501,800,30,0.899202
501,800,31,0.904202
501,800,32,0.899812
501,800,33,0.956503
501,800,34,0.874931
501,800,35,0.883871
501,800,36,0.869491
501,800,37,0.879991
501,800,38,0.943643
501,800,39,0.883881
501,800,40,0.868561
501,800,41,0.878471
501,800,42,0.87304
501,800,43,0.955184
501,800,44,0.896551
501,800,45,1.1405
501,800,46,1.13642
501,800,47,1.14959
501,800,48,1.12834
501,800,49,1.10658
501,1600,0,1.29299
501,1600,1,1.27963
501,1600,2,1.26552
501,1600,3,1.26219
501,1600,4,1.25259
501,1600,5,1.26251
501,1600,6,1.25833
501,1600,7,1.254
501,1600,8,1.25238
501,1600,9,1.25949
501,1600,10,1.24984
501,1600,11,1.25175
501,1600,12,1.24154
501,1600,13,1.25576
501,1600,14,1.24344
501,1600,15,1.25097
501,1600,16,1.25042
501,1600,17,1.39632
501,1600,18,1.69655
501,1600,19,1.62965
501,1600,20,1.61918
501,1600,21,1.27867
501,1600,22,1.28154
501,1600,23,1.27843
501,1600,24,1.34026
501,1600,25,1.31494
501,1600,26,1.27164
501,1600,27,1.29008
501,1600,28,10.5483
501,1600,29,1.27138
501,1600,30,1.24865
501,1600,31,1.2842
501,1600,32,1.26353
501,1600,33,1.62099
501,1600,34,1.61348
501,1600,35,1.63825
501,1600,36,1.38446
501,1600,37,1.25446
501,1600,38,1.24858
501,1600,39,1.25363
501,1600,40,1.25977
501,1600,41,1.2661
501,1600,42,1.26044
501,1600,43,1.26937
501,1600,44,1.25796
501,1600,45,1.25768
501,1600,46,1.2494
501,1600,47,1.26063
501,1600,48,1.25286
501,1600,49,1.25821
501,3200,0,2.61376
501,3200,1,2.60296
501,3200,2,2.76185
501,3200,3,2.7695
501,3200,4,2.57974
501,3200,5,2.57886
501,3200,6,2.5665
501,3200,7,2.57189
501,3200,8,2.55367
501,3200,9,2.56884
501,3200,10,2.55685
501,3200,11,2.55938
501,3200,12,2.55247
501,3200,13,2.56689
501,3200,14,2.74396
501,3200,15,2.55875
501,3200,16,2.594
501,3200,17,2.58295
501,3200,18,2.5745
501,3200,19,2.56127
501,3200,20,2.56764
501,3200,21,2.59278
501,3200,22,12.1069
501,3200,23,2.68485
501,3200,24,2.5833
501,3200,25,2.65947
501,3200,26,2.56499
501,3200,27,2.56848
501,3200,28,2.55851
501,3200,29,2.56325
501,3200,30,2.56684
501,3200,31,2.56328
501,3200,32,2.55488
501,3200,33,2.68477
501,3200,34,2.78543
501,3200,35,2.58154
501,3200,36,2.5636
501,3200,37,2.56577
501,3200,38,2.55107
501,3200,39,2.5656
501,3200,40,2.55433
501,3200,41,2.5694
501,3200,42,2.56071
501,3200,43,2.55956
501,3200,44,2.55823
501,3200,45,2.75972
501,3200,46,2.6792
501,3200,47,2.59115
501,3200,48,2.56159
501,3200,49,2.57646
501,6400,0,4.75657
501,6400,1,4.73384
501,6400,2,4.69352
501,6400,3,15.1251
501,6400,4,4.70679
501,6400,5,4.71819
501,6400,6,4.70406
501,6400,7,5.72466
501,6400,8,4.69999
501,6400,9,4.8169
501,6400,10,4.70693
501,6400,11,4.68045
501,6400,12,4.74366
501,6400,13,5.46004
501,6400,14,6.19182
501,6400,15,4.88954
501,6400,16,4.66334
501,6400,17,4.66011
501,6400,18,4.66224
501,6400,19,5.43051
501,6400,20,5.08976
501,6400,21,15.4786
501,6400,22,4.96379
501,6400,23,5.63231
501,6400,24,4.84991
501,6400,25,4.66339
501,6400,26,4.64253
501,6400,27,4.76336
501,6400,28,4.71276
501,6400,29,5.38281
501,6400,30,5.21816
501,6400,31,4.70153
501,6400,32,4.65153
501,6400,33,4.65622
501,6400,34,4.66787
501,6400,35,4.91673
501,6400,36,5.56769
501,6400,37,4.68046
501,6400,38,4.66881
501,6400,39,18.2956
501,6400,40,5.03182
501,6400,41,4.73434
501,6400,42,4.70961
501,6400,43,4.7146
501,6400,44,4.66714
501,6400,45,5.32089
501,6400,46,5.18237
501,6400,47,4.73613
501,6400,48,4.77895
501,6400,49,4.71094
501,10000,0,7.64004
501,10000,1,7.96649
501,10000,2,7.21685
501,10000,3,7.21515
501,10000,4,7.57146
501,10000,5,14.4569
501,10000,6,7.21095
501,10000,7,7.2235
501,10000,8,8.38815
501,10000,9,7.21304
501,10000,10,7.20029
501,10000,11,7.27536
501,10000,12,8.44265
501,10000,13,7.34888
501,10000,14,7.23556
501,10000,15,7.21483
501,10000,16,8.43404
501,10000,17,16.4543
501,10000,18,7.75043
501,10000,19,7.8726
501,10000,20,7.20513
501,10000,21,7.35179
501,10000,22,7.74016
501,10000,23,7.86169
501,10000,24,7.20327
501,10000,25,7.23708
501,10000,26,7.65791
501,10000,27,7.99628
501,10000,28,7.19872
501,10000,29,18.7757
501,10000,30,7.2269
501,10000,31,7.21586
501,10000,32,7.20425
501,10000,33,8.46461
501,10000,34,7.24627
501,10000,35,7.20779
501,10000,36,7.22092
501,10000,37,8.38571
501,10000,38,7.26076
501,10000,39,7.30361
501,10000,40,7.19389
501,10000,41,15.1728
501,10000,42,7.20507
501,10000,43,7.21175
501,10000,44,7.99954
501,10000,45,7.61784
501,10000,46,7.19971
501,10000,47,7.20321
501,10000,48,7.91101
501,10000,49,7.69463
399,1,0,0.678324
399,1,1,0.160696
399,1,2,0.141345
399,1,3,0.137635
399,1,4,0.136114
399,1,5,0.135675
399,1,6,0.136435
399,1,7,0.131615
399,1,8,0.138725
399,1,9,0.133004
399,1,10,0.130364
399,1,11,0.129915
399,1,12,0.130794
399,1,13,0.130725
399,1,14,0.130195
399,1,15,0.129525
399,1,16,0.141835
399,1,17,0.135265
399,1,18,0.133955
399,1,19,0.131924
399,1,20,0.130385
399,1,21,0.129084
399,1,22,0.128485
399,1,23,0.144585
399,1,24,0.132555
399,1,25,0.129705
399,1,26,0.128344
399,1,27,0.130945
399,1,28,0.129924
399,1,29,0.129165
399,1,30,0.129145
399,1,31,0.133144
399,1,32,0.129185
399,1,33,0.130095
399,1,34,0.127294
399,1,35,0.130305
399,1,36,0.130374
399,1,37,0.130175
399,1,38,0.138685
399,1,39,0.133414
399,1,40,0.129905
399,1,41,0.130645
399,1,42,0.130524
399,1,43,0.129075
399,1,44,0.129845
399,1,45,0.129644
399,1,46,0.139935
399,1,47,0.130315
399,1,48,0.130084
399,1,49,0.131895
399,2,0,0.212738
399,2,1,0.201347
399,2,2,0.209527
399,2,3,0.192937
399,2,4,0.180087
399,2,5,0.171455
399,2,6,0.169805
399,2,7,0.201497
399,2,8,0.193837
399,2,9,0.179266
399,2,10,0.178616
399,2,11,0.172966
399,2,12,0.175206
399,2,13,0.177987
399,2,14,0.179206
399,2,15,0.171956
399,2,16,0.169096
399,2,17,0.171096
399,2,18,0.183217
399,2,19,0.173176
399,2,20,0.170736
399,2,21,0.172456
399,2,22,0.174086
399,2,23,0.170816
399,2,24,0.180356
399,2,25,0.171646
399,2,26,0.167297
399,2,27,0.167455
399,2,28,0.167335
399,2,29,0.167376
399,2,30,0.193877
399,2,31,0.173866
399,2,32,0.179837
399,2,33,0.169046
399,2,34,0.169495
399,2,35,0.173656
399,2,36,0.169126
399,2,37,0.166015
399,2,38,0.170006
399,2,39,0.168746
399,2,40,0.166735
399,2,41,0.172366
399,2,42,0.170726
399,2,43,0.167906
399,2,44,0.167436
399,2,45,0.167386
399,2,46,0.168116
399,2,47,0.172576
399,2,48,0.168706
399,2,49,0.168116
399,4,0,0.190976
399,4,1,0.185747
399,4,2,0.183166
399,4,3,0.179606
399,4,4,0.173286
399,4,5,0.174046
399,4,6,0.171106
399,4,7,0.171796
399,4,8,0.176247
399,4,9,0.183636
399,4,10,0.172726
399,4,11,0.185277
399,4,12,0.173936
399,4,13,0.173476
399,4,14,0.183646
399,4,15,0.173946
399,4,16,0.171246
399,4,17,0.170076
399,4,18,0.171256
399,4,19,0.175826
399,4,20,0.176886
399,4,21,0.187557
399,4,22,0.174196
399,4,23,0.170746
399,4,24,0.170776
399,4,25,0.177306
399,4,26,0.175136
399,4,27,0.172826
399,4,28,0.171596
399,4,29,0.171076
399,4,30,0.171786
399,4,31,0.176856
399,4,32,0.173016
399,4,33,0.172486
399,4,34,0.171306
399,4,35,0.172976
399,4,36,0.171077
399,4,37,0.177666
399,4,38,0.172356
399,4,39,0.178026
399,4,40,0.178606
399,4,41,0.173115
399,4,42,0.178876
399,4,43,0.174646
399,4,44,0.188077
399,4,45,0.173396
399,4,46,0.170366
399,4,47,0.171176
399,4,48,0.180836
399,4,49,0.176646
399,8,0,0.216428
399,8,1,0.198657
399,8,2,0.201827
399,8,3,0.199597
399,8,4,0.189787
399,8,5,0.188067
399,8,6,0.187586
399,8,7,0.188707
399,8,8,0.195347
399,8,9,0.188236
399,8,10,0.186226
399,8,11,0.186727
399,8,12,0.187536
399,8,13,0.199477
399,8,14,0.187606
399,8,15,0.183737
399,8,16,0.208047
399,8,17,0.191497
399,8,18,0.196576
399,8,19,0.186286
399,8,20,0.185787
399,8,21,0.186326
399,8,22,0.193447
399,8,23,0.190697
399,8,24,0.186157
399,8,25,0.191407
399,8,26,0.192257
399,8,27,0.185497
399,8,28,0.185116
399,8,29,0.188637
399,8,30,0.185606
399,8,31,0.183817
399,8,32,0.182246
399,8,33,0.186667
399,8,34,0.194097
399,8,35,0.187526
399,8,36,0.183357
399,8,37,0.182956
399,8,38,0.184797
399,8,39,0.187557
399,8,40,0.190176
399,8,41,0.183817
399,8,42,0.183336
399,8,43,0.197357
399,8,44,0.186947
399,8,45,0.200947
399,8,46,0.203797
399,8,47,0.197737
399,8,48,0.189277
399,8,49,0.188937
399,16,0,0.228028
399,16,1,0.221807
399,16,2,0.215518
399,16,3,0.220308
399,16,4,0.218628
399,16,5,0.218127
399,16,6,0.210708
399,16,7,0.210277
399,16,8,0.214618
399,16,9,0.213907
399,16,10,0.214578
399,16,11,0.211807
399,16,12,0.211958
399,16,13,0.216858
399,16,14,0.211937
399,16,15,0.214468
399,16,16,0.219597
399,16,17,0.215087
399,16,18,0.230048
399,16,19,0.212848
399,16,20,0.231988
399,16,21,0.223988
399,16,22,0.216677
399,16,23,0.213938
399,16,24,0.212317
399,16,25,0.211748
399,16,26,0.214137
399,16,27,0.224638
399,16,28,0.214718
399,16,29,0.211278
399,16,30,0.211067
399,16,31,0.216918
399,16,32,0.211047
399,16,33,0.210608
399,16,34,0.215468
399,16,35,0.210897
399,16,36,0.214598
399,16,37,0.212817
399,16,38,0.222708
399,16,39,0.213538
399,16,40,0.223448
399,16,41,0.231548
399,16,42,0.213328
399,16,43,0.209948
399,16,44,0.210257
399,16,45,0.222028
399,16,46,0.213918
399,16,47,0.212317
399,16,48,0.210738
399,16,49,0.211387
399,32,0,0.27862
399,32,1,0.27083
399,32,2,0.267909
399,32,3,0.27586
399,32,4,0.27782
399,32,5,0.269299
399,32,6,0.27719
399,32,7,0.27364
399,32,8,0.273609
399,32,9,0.27114
399,32,10,0.282
399,32,11,0.271219
399,32,12,0.26802
399,32,13,0.266919
399,32,14,0.27382
399,32,15,0.271879
399,32,16,0.27009
399,32,17,0.267769
399,32,18,0.276
399,32,19,0.26879
399,32,20,0.267519
399,32,21,0.27092
399,32,22,0.268739
399,32,23,0.266529
399,32,24,0.268349
399,32,25,0.272219
399,32,26,0.267949
399,32,27,0.26682
399,32,28,0.27492
399,32,29,0.27756
399,32,30,0.26823
399,32,31,0.26881
399,32,32,0.27034
399,32,33,0.26963
399,32,34,0.26828
399,32,35,0.265749
399,32,36,0.303541
399,32,37,0.288781
399,32,38,0.268489
399,32,39,0.265999
399,32,40,0.27777
399,32,41,0.26695
399,32,42,0.270089
399,32,43,0.26967
399,32,44,0.271329
399,32,45,0.26685
399,32,46,0.268899
399,32,47,0.311061
399,32,48,0.27365
399,32,49,0.267599
399,64,0,0.386833
399,64,1,0.377073
399,64,2,0.376523
399,64,3,0.377153
399,64,4,0.375804
399,64,5,0.389854
399,64,6,0.376354
399,64,7,0.385013
399,64,8,0.376563
399,64,9,0.380783
399,64,10,0.398514
399,64,11,0.375183
399,64,12,0.371103
399,64,13,0.379013
399,64,14,0.372923
399,64,15,0.376843
399,64,16,0.372653
399,64,17,0.371403
399,64,18,0.376874
399,64,19,0.373174
399,64,20,0.372173
399,64,21,0.380773
399,64,22,0.374373
399,64,23,0.377394
399,64,24,0.380393
399,64,25,0.371113
399,64,26,0.378124
399,64,27,0.377694
399,64,28,0.371063
399,64,29,0.377813
399,64,30,0.372363
399,64,31,0.375034
399,64,32,0.370813
399,64,33,0.373923
399,64,34,0.372693
399,64,35,0.373543
399,64,36,0.371393
399,64,37,0.378454
399,64,38,0.371593
399,64,39,0.375563
399,64,40,0.371423
399,64,41,0.369293
399,64,42,0.372863
399,64,43,0.369863
399,64,44,0.369573
399,64,45,0.375343
399,64,46,0.370543
399,64,47,0.373794
399,64,48,0.372023
399,64,49,0.370323
399,100,0,0.467376
399,100,1,0.417624
399,100,2,0.413145
399,100,3,0.407854
399,100,4,0.417075
399,100,5,0.411175
399,100,6,0.417264
399,100,7,0.410295
399,100,8,0.412944
399,100,9,0.416315
399,100,10,0.407884
399,100,11,0.529499
399,100,12,0.418855
399,100,13,0.419924
399,100,14,0.422904
399,100,15,0.425375
399,100,16,0.418534
399,100,17,0.415985
399,100,18,0.425815
399,100,19,0.418544
399,100,20,0.422454
399,100,21,0.422085
399,100,22,0.427165
399,100,23,0.427595
399,100,24,0.419234
399,100,25,0.426585
399,100,26,0.424385
399,100,27,0.425475
399,100,28,0.419955
399,100,29,0.417495
399,100,30,0.424034
399,100,31,0.418125
399,100,32,0.420935
399,100,33,0.418665
399,100,34,0.418005
399,100,35,0.414524
399,100,36,0.415745
399,100,37,0.420225
399,100,38,0.417274
399,100,39,0.435325
399,100,40,0.423785
399,100,41,0.425064
399,100,42,0.420184
399,100,43,0.423685
399,100,44,0.418235
399,100,45,0.416985
399,100,46,0.418395
399,100,47,0.422134
399,100,48,0.415494
399,100,49,0.424125
399,200,0,0.455276
399,200,1,0.437705
399,200,2,0.436425
399,200,3,0.423384
399,200,4,0.430056
399,200,5,0.420564
399,200,6,0.427205
399,200,7,0.407715
399,200,8,0.424335
399,200,9,0.417344
399,200,10,0.432086
399,200,11,0.429645
399,200,12,0.430205
399,200,13,0.417035
399,200,14,0.423654
399,200,15,0.413485
399,200,16,0.430735
399,200,17,0.415195
399,200,18,0.431485
399,200,19,0.423815
399,200,20,0.432745
399,200,21,0.412835
399,200,22,0.424175
399,200,23,0.416595
399,200,24,0.424975
399,200,25,0.418504
399,200,26,0.427035
399,200,27,0.418915
399,200,28,0.438085
399,200,29,0.414295
399,200,30,0.426705
399,200,31,0.418525
399,200,32,0.426995
399,200,33,0.414465
399,200,34,0.424134
399,200,35,0.421555
399,200,36,0.425555
399,200,37,0.422915
399,200,38,0.424865
399,200,39,0.433505
399,200,40,0.428985
399,200,41,0.412195
399,200,42,0.430255
399,200,43,0.410124
399,200,44,0.427355
399,200,45,0.412494
399,200,46,0.425275
399,200,47,0.421025
399,200,48,0.422275
399,200,49,0.420075
399,400,0,0.57137
399,400,1,0.557189
399,400,2,0.552759
399,400,3,0.546499
399,400,4,0.611252
399,400,5,0.520308
399,400,6,0.516658
399,400,7,0.516739
399,400,8,0.520738
399,400,9,0.512288
399,400,10,0.510668
399,400,11,0.528209
399,400,12,0.509367
399,400,13,0.535468
399,400,14,0.536829
399,400,15,0.542699
399,400,16,0.535568
399,400,17,0.55335
399,400,18,0.533689
399,400,19,0.54576
399,400,20,0.533689
399,400,21,0.520868
399,400,22,0.515328
399,400,23,0.536099
399,400,24,0.55896
399,400,25,0.514468
399,400,26,0.522468
399,400,27,0.515118
399,400,28,0.515228
399,400,29,0.511348
399,400,30,0.517518
399,400,31,0.516418
399,400,32,0.515818
399,400,33,0.514178
399,400,34,0.513868
399,400,35,0.518479
399,400,36,0.518748
399,400,37,0.520268
399,400,38,0.512768
399,400,39,0.517159
399,400,40,0.516599
399,400,41,0.517538
399,400,42,0.513898
399,400,43,0.514928
399,400,44,0.519349
399,400,45,0.516318
399,400,46,0.514688
399,400,47,0.515838
399,400,48,0.512968
399,400,49,0.515978
399,800,0,0.742696
399,800,1,0.736856
399,800,2,0.732036
399,800,3,7.58552
399,800,4,1.26663
399,800,5,0.968254
399,800,6,0.941963
399,800,7,0.960464
399,800,8,0.959454
399,800,9,0.948143
399,800,10,0.786568
399,800,11,0.788078
399,800,12,0.783017
399,800,13,0.775677
399,800,14,0.760387
399,800,15,0.772967
399,800,16,0.768807
399,800,17,0.771627
399,800,18,0.756986
399,800,19,0.770167
399,800,20,0.860981
399,800,21,1.01711
399,800,22,1.11363
399,800,23,0.86195
399,800,24,0.759277
399,800,25,0.746686
399,800,26,0.741506
399,800,27,0.742036
399,800,28,0.734576
399,800,29,0.744786
399,800,30,0.731045
399,800,31,0.749867
399,800,32,0.745406
399,800,33,0.746746
399,800,34,0.737556
399,800,35,0.745436
399,800,36,0.734066
399,800,37,0.740396
399,800,38,0.730916
399,800,39,0.752236
399,800,40,0.735286
399,800,41,0.743736
399,800,42,0.729836
399,800,43,0.754176
399,800,44,0.734915
399,800,45,0.743796
399,800,46,0.733255
399,800,47,0.740595
399,800,48,0.732496
399,800,49,0.739276
399,1600,0,1.08124
399,1600,1,1.06835
399,1600,2,1.06458
399,1600,3,1.07465
399,1600,4,1.0942
399,1600,5,1.09521
399,1600,6,1.22031
399,1600,7,1.46777
399,1600,8,1.54804
399,1600,9,1.61126
399,1600,10,1.59693
399,1600,11,1.60641
399,1600,12,1.62898
399,1600,13,1.58035
399,1600,14,1.68774
399,1600,15,1.5179
399,1600,16,1.6693
399,1600,17,1.55398
399,1600,18,1.77772
399,1600,19,1.45055
399,1600,20,1.53653
399,1600,21,1.5951
399,1600,22,1.52628
399,1600,23,1.49208
399,1600,24,1.56193
399,1600,25,1.39983
399,1600,26,1.36361
399,1600,27,1.37927
399,1600,28,1.36328
399,1600,29,1.1123
399,1600,30,1.09403
399,1600,31,1.10471
399,1600,32,1.08641
399,1600,33,1.07121
399,1600,34,1.06971
399,1600,35,1.05263
399,1600,36,1.04434
399,1600,37,11.4255
399,1600,38,1.05888
399,1600,39,1.06428
399,1600,40,1.04856
399,1600,41,1.0844
399,1600,42,1.07416
399,1600,43,1.05813
399,1600,44,1.05353
399,1600,45,1.05866
399,1600,46,1.04402
399,1600,47,1.05001
399,1600,48,1.05102
399,1600,49,1.05268
399,3200,0,2.08945
399,3200,1,2.1048
399,3200,2,2.09583
399,3200,3,2.09446
399,3200,4,2.10145
399,3200,5,2.10374
399,3200,6,2.09208
399,3200,7,2.10462
399,3200,8,2.09897
399,3200,9,2.10454
399,3200,10,2.08574
399,3200,11,2.09862
399,3200,12,2.09476
399,3200,13,2.09468
399,3200,14,2.09399
399,3200,15,3.3415
399,3200,16,8.76697
399,3200,17,16.2689
399,3200,18,3.08227
399,3200,19,3.04573
399,3200,20,3.03932
399,3200,21,3.05123
399,3200,22,3.03507
399,3200,23,3.0673
399,3200,24,6.44982
399,3200,25,3.04791
399,3200,26,3.0377
399,3200,27,3.04354
399,3200,28,3.03535
399,3200,29,2.36178
399,3200,30,2.11419
399,3200,31,2.11487
399,3200,32,2.09422
399,3200,33,2.10491
399,3200,34,2.08836
399,3200,35,2.09688
399,3200,36,2.09688
399,3200,37,2.09199
399,3200,38,2.08785
399,3200,39,3.12938
399,3200,40,4.88703
399,3200,41,2.12923
399,3200,42,2.10635
399,3200,43,2.10226
399,3200,44,2.09221
399,3200,45,2.0963
399,3200,46,2.08843
399,3200,47,2.0936
399,3200,48,2.0935
399,3200,49,2.10783
399,6400,0,3.70471
399,6400,1,3.72508
399,6400,2,3.81625
399,6400,3,3.79884
399,6400,4,3.70677
399,6400,5,3.69947
399,6400,6,3.70237
399,6400,7,12.5817
399,6400,8,3.70052
399,6400,9,3.71852
399,6400,10,3.69524
399,6400,11,3.71091
399,6400,12,3.69828
399,6400,13,3.70819
399,6400,14,3.69391
399,6400,15,3.70858
399,6400,16,3.69289
399,6400,17,3.71132
399,6400,18,3.71166
399,6400,19,3.71027
399,6400,20,3.69452
399,6400,21,3.71432
399,6400,22,3.69418
399,6400,23,3.70025
399,6400,24,3.70214
399,6400,25,3.69275
399,6400,26,3.69467
399,6400,27,3.74461
399,6400,28,3.70066
399,6400,29,3.71774
399,6400,30,3.69436
399,6400,31,3.7108
399,6400,32,11.5158
399,6400,33,3.70656
399,6400,34,3.69345
399,6400,35,3.70664
399,6400,36,3.68948
399,6400,37,3.70168
399,6400,38,3.69294
399,6400,39,3.69748
399,6400,40,3.69573
399,6400,41,3.69364
399,6400,42,3.69898
399,6400,43,3.70131
399,6400,44,3.69452
399,6400,45,3.71059
399,6400,46,3.72559
399,6400,47,3.70073
399,6400,48,3.69571
399,6400,49,3.70816
399,10000,0,5.63181
399,10000,1,5.7948
399,10000,2,5.79217
399,10000,3,15.4208
399,10000,4,5.68836
399,10000,5,5.6982
399,10000,6,5.68165
399,10000,7,5.68883
399,10000,8,5.67524
399,10000,9,5.69046
399,10000,10,5.67799
399,10000,11,5.71239
399,10000,12,5.67821
399,10000,13,5.69591
399,10000,14,5.68635
399,10000,15,5.67799
399,10000,16,5.66738
399,10000,17,5.77396
399,10000,18,5.80897
399,10000,19,15.143
399,10000,20,5.72474
399,10000,21,5.69505
399,10000,22,5.68472
399,10000,23,5.68722
399,10000,24,5.68704
399,10000,25,5.70737
399,10000,26,5.68247
399,10000,27,5.69807
399,10000,28,5.68487
399,10000,29,5.68918
399,10000,30,5.68029
399,10000,31,5.68851
399,10000,32,5.67337
399,10000,33,5.72949
399,10000,34,5.73532
399,10000,35,14.1069
399,10000,36,5.68106
399,10000,37,5.681
399,10000,38,5.65637
399,10000,39,5.67895
399,10000,40,5.67252
399,10000,41,5.66764
399,10000,42,5.67384
399,10000,43,5.68618
399,10000,44,5.67235
399,10000,45,5.67685
399,10000,46,5.67521
399,10000,47,5.68158
399,10000,48,5.67254
399,10000,49,5.68638
300,1,0,0.792138
300,1,1,0.140145
300,1,2,0.128885
300,1,3,0.125414
300,1,4,0.121144
300,1,5,0.120294
300,1,6,0.127784
300,1,7,0.123325
300,1,8,0.118485
300,1,9,0.119444
300,1,10,0.118834
300,1,11,0.118374
300,1,12,0.125875
300,1,13,0.119344
300,1,14,0.125804
300,1,15,0.119235
300,1,16,0.118574
300,1,17,0.117824
300,1,18,0.117124
300,1,19,0.116394
300,1,20,0.118125
300,1,21,0.116624
300,1,22,0.122734
300,1,23,0.119244
300,1,24,0.116644
300,1,25,0.117505
300,1,26,0.117164
300,1,27,0.117774
300,1,28,0.118944
300,1,29,0.117164
300,1,30,0.121574
300,1,31,0.120364
300,1,32,0.119634
300,1,33,0.118704
300,1,34,0.117585
300,1,35,0.118605
300,1,36,0.117934
300,1,37,0.124884
300,1,38,0.117074
300,1,39,0.124365
300,1,40,0.118164
300,1,41,0.118044
300,1,42,0.117804
300,1,43,0.117074
300,1,44,0.117404
300,1,45,0.117234
300,1,46,0.115984
300,1,47,0.121624
300,1,48,0.118774
300,1,49,0.118355
300,2,0,0.181136
300,2,1,0.171416
300,2,2,0.163276
300,2,3,0.171066
300,2,4,0.157436
300,2,5,0.152965
300,2,6,0.147225
300,2,7,0.151216
300,2,8,0.147945
300,2,9,0.146635
300,2,10,0.151565
300,2,11,0.149065
300,2,12,0.146415
300,2,13,0.144995
300,2,14,0.145085
300,2,15,0.146085
300,2,16,0.147166
300,2,17,0.152615
300,2,18,0.147155
300,2,19,0.146445
300,2,20,0.147206
300,2,21,0.144426
300,2,22,0.144295
300,2,23,0.152065
300,2,24,0.148495
300,2,25,0.146496
300,2,26,0.145115
300,2,27,0.145435
300,2,28,0.144165
300,2,29,0.150605
300,2,30,0.150006
300,2,31,0.146265
300,2,32,0.145945
300,2,33,0.145885
300,2,34,0.143435
300,2,35,0.144135
300,2,36,0.150236
300,2,37,0.176256
300,2,38,0.152065
300,2,39,0.147435
300,2,40,0.147155
300,2,41,0.147575
300,2,42,0.153415
300,2,43,0.152596
300,2,44,0.152575
300,2,45,0.145865
300,2,46,0.144795
300,2,47,0.145196
300,2,48,0.151456
300,2,49,0.145455
300,4,0,0.171546
300,4,1,0.162576
300,4,2,0.156906
300,4,3,0.154965
300,4,4,0.150036
300,4,5,0.152385
300,4,6,0.161996
300,4,7,0.157365
300,4,8,0.149615
300,4,9,0.153795
300,4,10,0.149265
300,4,11,0.148736
300,4,12,0.151475
300,4,13,0.160396
300,4,14,0.149125
300,4,15,0.147705
300,4,16,0.148255
300,4,17,0.147996
300,4,18,0.149405
300,4,19,0.157935
300,4,20,0.149776
300,4,21,0.149365
300,4,22,0.149315
300,4,23,0.148156
300,4,24,0.148895
300,4,25,0.150715
300,4,26,0.157376
300,4,27,0.148395
300,4,28,0.147775
300,4,29,0.148095
300,4,30,0.148766
300,4,31,0.149935
300,4,32,0.153206
300,4,33,0.153795
300,4,34,0.149235
300,4,35,0.149296
300,4,36,0.148075
300,4,37,0.148075
300,4,38,0.148595
300,4,39,0.164196
300,4,40,0.150545
300,4,41,0.148456
300,4,42,0.148575
300,4,43,0.148225
300,4,44,0.149595
300,4,45,0.148496
300,4,46,0.157085
300,4,47,0.147835
300,4,48,0.147645
300,4,49,0.148865
300,8,0,0.174736
300,8,1,0.169926
300,8,2,0.170836
300,8,3,0.160296
300,8,4,0.159856
300,8,5,0.157295
300,8,6,0.158476
300,8,7,0.157015
300,8,8,0.186407
300,8,9,0.161596
300,8,10,0.158765
300,8,11,0.157646
300,8,12,0.158365
300,8,13,0.158566
300,8,14,0.166666
300,8,15,0.158976
300,8,16,0.158816
300,8,17,0.167326
300,8,18,0.158795
300,8,19,0.159145
300,8,20,0.166916
300,8,21,0.167596
300,8,22,0.158185
300,8,23,0.157035
300,8,24,0.157136
300,8,25,0.158215
300,8,26,0.165296
300,8,27,0.160296
300,8,28,0.157595
300,8,29,0.158005
300,8,30,0.158836
300,8,31,0.159095
300,8,32,0.162926
300,8,33,0.163426
300,8,34,0.159106
300,8,35,0.164316
300,8,36,0.158956
300,8,37,0.159255
300,8,38,0.157876
300,8,39,0.164046
300,8,40,0.157755
300,8,41,0.157415
300,8,42,0.158986
300,8,43,0.169466
300,8,44,0.159025
300,8,45,0.169306
300,8,46,0.165296
300,8,47,0.163736
300,8,48,0.161366
300,8,49,0.159565
300,16,0,0.198917
300,16,1,0.188047
300,16,2,0.183386
300,16,3,0.180817
300,16,4,0.180716
300,16,5,0.179776
300,16,6,0.186746
300,16,7,0.179546
300,16,8,0.180206
300,16,9,0.179936
300,16,10,0.179096
300,16,11,0.191086
300,16,12,0.181637
300,16,13,0.179526
300,16,14,0.184116
300,16,15,0.179546
300,16,16,0.185126
300,16,17,0.180307
300,16,18,0.178656
300,16,19,0.178296
300,16,20,0.179057
300,16,21,0.179016
300,16,22,0.182857
300,16,23,0.178956
300,16,24,0.187046
300,16,25,0.181386
300,16,26,0.179046
300,16,27,0.186867
300,16,28,0.180856
300,16,29,0.185867
300,16,30,0.177456
300,16,31,0.177636
300,16,32,0.178847
300,16,33,0.184676
300,16,34,0.180307
300,16,35,0.179996
300,16,36,0.178996
300,16,37,0.179227
300,16,38,0.183886
300,16,39,0.206557
300,16,40,0.200537
300,16,41,0.186977
300,16,42,0.189287
300,16,43,0.181046
300,16,44,0.194397
300,16,45,0.179526
300,16,46,0.183967
300,16,47,0.179166
300,16,48,0.179266
300,16,49,0.183537
300,32,0,0.241029
300,32,1,0.224438
300,32,2,0.222558
300,32,3,0.226238
300,32,4,0.228308
300,32,5,0.221308
300,32,6,0.221207
300,32,7,0.226687
300,32,8,0.223287
300,32,9,0.222848
300,32,10,0.221318
300,32,11,0.221488
300,32,12,0.233228
300,32,13,0.222828
300,32,14,0.219948
300,32,15,0.234318
300,32,16,0.225528
300,32,17,0.222708
300,32,18,0.220198
300,32,19,0.221708
300,32,20,0.221198
300,32,21,0.227438
300,32,22,0.220768
300,32,23,0.222598
300,32,24,0.222058
300,32,25,0.225518
300,32,26,0.223088
300,32,27,0.230138
300,32,28,0.221667
300,32,29,0.225588
300,32,30,0.224468
300,32,31,0.222237
300,32,32,0.220778
300,32,33,0.221628
300,32,34,0.225918
300,32,35,0.230008
300,32,36,0.222818
300,32,37,0.221788
300,32,38,0.229478
300,32,39,0.223208
300,32,40,0.227478
300,32,41,0.221087
300,32,42,0.220297
300,32,43,0.226448
300,32,44,0.223478
300,32,45,0.224638
300,32,46,0.222828
300,32,47,0.231278
300,32,48,0.222218
300,32,49,0.227038
300,64,0,0.322712
300,64,1,0.311281
300,64,2,0.31014
300,64,3,0.3054
300,64,4,0.305761
300,64,5,0.300761
300,64,6,0.308001
300,64,7,0.30489
300,64,8,0.307191
300,64,9,0.300421
300,64,10,0.30476
300,64,11,0.30159
300,64,12,0.300421
300,64,13,0.30676
300,64,14,0.300631
300,64,15,0.306791
300,64,16,0.304931
300,64,17,0.322221
300,64,18,0.316571
300,64,19,0.309851
300,64,20,0.307061
300,64,21,0.300421
300,64,22,0.301
300,64,23,0.305051
300,64,24,0.302441
300,64,25,0.297921
300,64,26,0.309081
300,64,27,0.311081
300,64,28,0.317851
300,64,29,0.301971
300,64,30,0.309461
300,64,31,0.29789
300,64,32,0.305641
300,64,33,0.305231
300,64,34,0.30016
300,64,35,0.300751
300,64,36,0.30235
300,64,37,0.30485
300,64,38,0.299971
300,64,39,0.304091
300,64,40,0.29842
300,64,41,0.298961
300,64,42,0.2983
300,64,43,0.304851
300,64,44,0.301061
300,64,45,0.29987
300,64,46,0.305901
300,64,47,0.300001
300,64,48,0.30143
300,64,49,0.312621
300,100,0,0.355653
300,100,1,0.327371
300,100,2,0.321751
300,100,3,0.311571
300,100,4,0.316701
300,100,5,0.315621
300,100,6,0.312831
300,100,7,0.310661
300,100,8,0.315871
300,100,9,0.311921
300,100,10,0.310491
300,100,11,0.319291
300,100,12,0.311941
300,100,13,0.316501
300,100,14,0.314841
300,100,15,0.321301
300,100,16,0.312151
300,100,17,0.316111
300,100,18,0.318701
300,100,19,0.311021
300,100,20,0.316091
300,100,21,0.312271
300,100,22,0.314431
300,100,23,0.316991
300,100,24,0.312251
300,100,25,0.318971
300,100,26,0.316501
300,100,27,0.315252
300,100,28,0.310321
300,100,29,0.315431
300,100,30,0.341092
300,100,31,0.312621
300,100,32,0.312281
300,100,33,0.314451
300,100,34,0.316181
300,100,35,0.311001
300,100,36,0.316382
300,100,37,0.312691
300,100,38,0.309021
300,100,39,0.314262
300,100,40,0.318021
300,100,41,0.308431
300,100,42,0.313171
300,100,43,0.315621
300,100,44,0.313501
300,100,45,0.319751
300,100,46,0.311141
300,100,47,0.311001
300,100,48,0.309221
300,100,49,0.320211
300,200,0,0.419545
300,200,1,0.390774
300,200,2,0.393563
300,200,3,0.393613
300,200,4,0.385654
300,200,5,0.390044
300,200,6,0.385293
300,200,7,0.391344
300,200,8,0.388104
300,200,9,0.385703
300,200,10,0.389494
300,200,11,0.388654
300,200,12,0.390654
300,200,13,0.385723
300,200,14,0.385444
300,200,15,0.390144
300,200,16,0.382493
300,200,17,0.384954
300,200,18,0.390073
300,200,19,0.386614
300,200,20,0.391674
300,200,21,0.385593
300,200,22,0.386493
300,200,23,0.390294
300,200,24,0.386293
300,200,25,0.386604
300,200,26,0.385914
300,200,27,0.384593
300,200,28,0.388994
300,200,29,0.378913
300,200,30,0.385384
300,200,31,0.383173
300,200,32,0.384674
300,200,33,0.388034
300,200,34,0.383273
300,200,35,0.382393
300,200,36,0.392243
300,200,37,0.390774
300,200,38,0.388354
300,200,39,0.386013
300,200,40,0.380943
300,200,41,0.384183
300,200,42,0.381363
300,200,43,0.386934
300,200,44,0.384133
300,200,45,0.384304
300,200,46,0.386683
300,200,47,0.393124
300,200,48,0.388324
300,200,49,0.381773
300,400,0,0.447396
300,400,1,0.431965
300,400,2,0.424035
300,400,3,0.433185
300,400,4,0.424875
300,400,5,0.430455
300,400,6,0.424946
300,400,7,0.429704
300,400,8,0.420835
300,400,9,0.426985
300,400,10,0.428615
300,400,11,0.434735
300,400,12,0.432095
300,400,13,0.430255
300,400,14,0.425964
300,400,15,0.436916
300,400,16,0.416174
300,400,17,0.433586
300,400,18,0.424855
300,400,19,0.423835
300,400,20,0.424525
300,400,21,0.437865
300,400,22,0.422905
300,400,23,0.434705
300,400,24,0.426105
300,400,25,0.422445
300,400,26,0.425925
300,400,27,0.422835
300,400,28,0.422085
300,400,29,0.426765
300,400,30,0.414735
300,400,31,0.428385
300,400,32,0.417835
300,400,33,0.429545
300,400,34,0.427185
300,400,35,0.431565
300,400,36,0.417345
300,400,37,0.425555
300,400,38,0.419655
300,400,39,0.421245
300,400,40,0.419945
300,400,41,0.418825
300,400,42,0.425315
300,400,43,0.428315
300,400,44,0.422275
300,400,45,0.423615
300,400,46,0.424935
300,400,47,0.424195
300,400,48,0.416724
300,400,49,0.432685
300,800,0,0.604162
300,800,1,0.617761
300,800,2,0.702765
300,800,3,0.621891
300,800,4,0.705214
300,800,5,0.610502
300,800,6,0.598171
300,800,7,0.609741
300,800,8,0.597841
300,800,9,0.605232
300,800,10,0.601671
300,800,11,0.609551
300,800,12,0.602501
300,800,13,0.609201
300,800,14,0.594761
300,800,15,0.609841
300,800,16,0.596271
300,800,17,0.608212
300,800,18,0.603401
300,800,19,0.607191
300,800,20,0.628662
300,800,21,0.611271
300,800,22,0.597741
300,800,23,0.610681
300,800,24,0.596561
300,800,25,0.602982
300,800,26,0.599801
300,800,27,0.609351
300,800,28,0.600281
300,800,29,0.606281
300,800,30,0.599161
300,800,31,0.603601
300,800,32,0.598221
300,800,33,0.607061
300,800,34,0.598731
300,800,35,0.611671
300,800,36,0.597991
300,800,37,0.619812
300,800,38,0.597541
300,800,39,0.605401
300,800,40,0.600372
300,800,41,0.608661
300,800,42,0.595371
300,800,43,0.612761
300,800,44,0.598521
300,800,45,0.610402
300,800,46,0.597791
300,800,47,0.606751
300,800,48,0.60007
300,800,49,0.619791
300,1600,0,0.877471
300,1600,1,0.87635
300,1600,2,0.86322
300,1600,3,0.866721
300,1600,4,0.85745
300,1600,5,0.86838
300,1600,6,0.858561
300,1600,7,0.869391
300,1600,8,0.86354
300,1600,9,0.877091
300,1600,10,0.858379
300,1600,11,0.86541
300,1600,12,0.86105
300,1600,13,0.870241
300,1600,14,0.85646
300,1600,15,0.86455
300,1600,16,6.76734
300,1600,17,0.890702
300,1600,18,0.8694
300,1600,19,0.871441
300,1600,20,0.86005
300,1600,21,0.874691
300,1600,22,0.86428
300,1600,23,0.934833
300,1600,24,0.866451
300,1600,25,0.86769
300,1600,26,0.85748
300,1600,27,0.866951
300,1600,28,0.86229
300,1600,29,0.867261
300,1600,30,0.86183
300,1600,31,0.86079
300,1600,32,0.860801
300,1600,33,0.868361
300,1600,34,0.85708
300,1600,35,0.864821
300,1600,36,0.8601
300,1600,37,0.86739
300,1600,38,0.85473
300,1600,39,0.86432
300,1600,40,0.869581
300,1600,41,0.873001
300,1600,42,0.860541
300,1600,43,0.86957
300,1600,44,0.85664
300,1600,45,0.880071
300,1600,46,0.86017
300,1600,47,0.8658
300,1600,48,0.86178
300,1600,49,0.866891
300,3200,0,1.7345
300,3200,1,1.70297
300,3200,2,1.69517
300,3200,3,1.71785
300,3200,4,1.70874
300,3200,5,1.70089
300,3200,6,1.69385
300,3200,7,1.68933
300,3200,8,1.69833
300,3200,9,1.68712
300,3200,10,1.76322
300,3200,11,1.72623
300,3200,12,1.71685
300,3200,13,1.81294
300,3200,14,1.68524
300,3200,15,1.6902
300,3200,16,1.68691
300,3200,17,1.69974
300,3200,18,1.68817
300,3200,19,1.69026
300,3200,20,1.67747
300,3200,21,1.70692
300,3200,22,1.69978
300,3200,23,1.69772
300,3200,24,1.70969
300,3200,25,1.70268
300,3200,26,1.68534
300,3200,27,1.69712
300,3200,28,1.67805
300,3200,29,1.68681
300,3200,30,1.6693
300,3200,31,1.68629
300,3200,32,1.6808
300,3200,33,1.67777
300,3200,34,11.9454
300,3200,35,1.73789
300,3200,36,1.70166
300,3200,37,1.7079
300,3200,38,1.69563
300,3200,39,1.70234
300,3200,40,1.7149
300,3200,41,1.71182
300,3200,42,1.69016
300,3200,43,1.69381
300,3200,44,1.68449
300,3200,45,1.6981
300,3200,46,1.69785
300,3200,47,1.68732
300,3200,48,1.6882
300,3200,49,1.7131
300,6400,0,3.03728
300,6400,1,3.07245
300,6400,2,3.04342
300,6400,3,3.06243
300,6400,4,3.0421
300,6400,5,3.06009
300,6400,6,3.04754
300,6400,7,3.06095
300,6400,8,3.13447
300,6400,9,3.1383
300,6400,10,3.04059
300,6400,11,3.0484
300,6400,12,3.03896
300,6400,13,3.04169
300,6400,14,3.0522
300,6400,15,3.05224
300,6400,16,3.03431
300,6400,17,3.05736
300,6400,18,3.04858
300,6400,19,13.2282
300,6400,20,3.06117
300,6400,21,3.05501
300,6400,22,3.08542
300,6400,23,3.58263
300,6400,24,3.17218
300,6400,25,3.05653
300,6400,26,3.04031
300,6400,27,3.06054
300,6400,28,3.03379
300,6400,29,3.04267
300,6400,30,3.03033
300,6400,31,3.04189
300,6400,32,3.02751
300,6400,33,3.04105
300,6400,34,3.04284
300,6400,35,3.06335
300,6400,36,3.06082
300,6400,37,3.06082
300,6400,38,3.11406
300,6400,39,3.07585
300,6400,40,3.06642
300,6400,41,3.07905
300,6400,42,3.05813
300,6400,43,3.07116
300,6400,44,3.07325
300,6400,45,3.08091
300,6400,46,3.064
300,6400,47,3.1102
300,6400,48,13.6105
300,6400,49,3.13981
300,10000,0,4.63159
300,10000,1,4.68935
300,10000,2,4.68447
300,10000,3,4.6946
300,10000,4,4.67223
300,10000,5,4.68307
300,10000,6,4.66352
300,10000,7,4.66489
300,10000,8,4.6661
300,10000,9,4.67437
300,10000,10,4.66106
300,10000,11,4.69268
300,10000,12,4.66706
300,10000,13,4.66165
300,10000,14,4.65039
300,10000,15,4.659
300,10000,16,4.64762
300,10000,17,14.7896
300,10000,18,4.82202
300,10000,19,4.79722
300,10000,20,4.6603
300,10000,21,4.66498
300,10000,22,4.66096
300,10000,23,4.66791
300,10000,24,4.66458
300,10000,25,4.69343
300,10000,26,4.64988
300,10000,27,4.67422
300,10000,28,4.65775
300,10000,29,4.67978
300,10000,30,4.66432
300,10000,31,4.68599
300,10000,32,4.66127
300,10000,33,4.68501
300,10000,34,4.66278
300,10000,35,4.66458
300,10000,36,4.65778
300,10000,37,13.4441
300,10000,38,4.70612
300,10000,39,4.7777
300,10000,40,4.66382
300,10000,41,4.66513
300,10000,42,4.65323
300,10000,43,4.66729
300,10000,44,4.64759
300,10000,45,4.65187
300,10000,46,4.65472
300,10000,47,4.65943
300,10000,48,4.6549
300,10000,49,4.66114
201,1,0,0.26917
201,1,1,0.129474
201,1,2,0.116524
201,1,3,0.114244
201,1,4,0.113384
201,1,5,0.114214
201,1,6,0.112384
201,1,7,0.108494
201,1,8,0.120495
201,1,9,0.110454
201,1,10,0.110244
201,1,11,0.109584
201,1,12,0.108313
201,1,13,0.110964
201,1,14,0.107594
201,1,15,0.108684
201,1,16,0.109134
201,1,17,0.120524
201,1,18,0.109284
201,1,19,0.108134
201,1,20,0.108844
201,1,21,0.108624
201,1,22,0.107854
201,1,23,0.108224
201,1,24,0.109974
201,1,25,0.106964
201,1,26,0.114514
201,1,27,0.107144
201,1,28,0.108374
201,1,29,0.106954
201,1,30,0.107594
201,1,31,0.106674
201,1,32,0.107414
201,1,33,0.108204
201,1,34,0.109794
201,1,35,0.114694
201,1,36,0.108743
201,1,37,0.107783
201,1,38,0.109284
201,1,39,0.107494
201,1,40,0.107674
201,1,41,0.107754
201,1,42,0.107833
201,1,43,0.107813
201,1,44,0.114894
201,1,45,0.109183
201,1,46,0.109064
201,1,47,0.108714
201,1,48,0.109934
201,1,49,0.109024
201,2,0,0.153915
201,2,1,0.144925
201,2,2,0.146445
201,2,3,0.131944
201,2,4,0.128995
201,2,5,0.129615
201,2,6,0.125085
201,2,7,0.133405
201,2,8,0.138875
201,2,9,0.146675
201,2,10,0.135194
201,2,11,0.127734
201,2,12,0.127355
201,2,13,0.126974
201,2,14,0.125545
201,2,15,0.126124
201,2,16,0.126735
201,2,17,0.134694
201,2,18,0.127705
201,2,19,0.127744
201,2,20,0.132545
201,2,21,0.127225
201,2,22,0.125814
201,2,23,0.125764
201,2,24,0.125585
201,2,25,0.133035
201,2,26,0.132764
201,2,27,0.126115
201,2,28,0.125644
201,2,29,0.127385
201,2,30,0.129344
201,2,31,0.129995
201,2,32,0.134795
201,2,33,0.128544
201,2,34,0.126335
201,2,35,0.125544
201,2,36,0.124945
201,2,37,0.124394
201,2,38,0.125464
201,2,39,0.126374
201,2,40,0.133575
201,2,41,0.134394
201,2,42,0.127455
201,2,43,0.127095
201,2,44,0.125194
201,2,45,0.126244
201,2,46,0.128285
201,2,47,0.138785
201,2,48,0.132205
201,2,49,0.127294
201,4,0,0.142194
201,4,1,0.138914
201,4,2,0.133695
201,4,3,0.131225
201,4,4,0.129384
201,4,5,0.137275
201,4,6,0.130985
201,4,7,0.130194
201,4,8,0.129144
201,4,9,0.131045
201,4,10,0.128964
201,4,11,0.128925
201,4,12,0.133975
201,4,13,0.131454
201,4,14,0.131045
201,4,15,0.130315
201,4,16,0.129484
201,4,17,0.130145
201,4,18,0.131194
201,4,19,0.129775
201,4,20,0.135115
201,4,21,0.132374
201,4,22,0.130485
201,4,23,0.132965
201,4,24,0.130524
201,4,25,0.129085
201,4,26,0.129235
201,4,27,0.130124
201,4,28,0.154106
201,4,29,0.129984
201,4,30,0.130105
201,4,31,0.128654
201,4,32,0.129155
201,4,33,0.128925
201,4,34,0.128734
201,4,35,0.150845
201,4,36,0.152185
201,4,37,0.135494
201,4,38,0.129185
201,4,39,0.133015
201,4,40,0.128864
201,4,41,0.131465
201,4,42,0.134815
201,4,43,0.133544
201,4,44,0.130335
201,4,45,0.128515
201,4,46,0.128944
201,4,47,0.134275
201,4,48,0.129794
201,4,49,0.127994
201,8,0,0.153286
201,8,1,0.141835
201,8,2,0.139465
201,8,3,0.146105
201,8,4,0.139165
201,8,5,0.137755
201,8,6,0.143975
201,8,7,0.139075
201,8,8,0.135995
201,8,9,0.135795
201,8,10,0.136655
201,8,11,0.135805
201,8,12,0.136275
201,8,13,0.140445
201,8,14,0.141085
201,8,15,0.141095
201,8,16,0.135955
201,8,17,0.136145
201,8,18,0.136234
201,8,19,0.135485
201,8,20,0.134995
201,8,21,0.141755
201,8,22,0.140575
201,8,23,0.136975
201,8,24,0.135674
201,8,25,0.139465
201,8,26,0.136025
201,8,27,0.136465
201,8,28,0.141835
201,8,29,0.137645
201,8,30,0.136405
201,8,31,0.137584
201,8,32,0.133914
201,8,33,0.137565
201,8,34,0.136595
201,8,35,0.140605
201,8,36,0.137075
201,8,37,0.134965
201,8,38,0.135894
201,8,39,0.135645
201,8,40,0.134505
201,8,41,0.134385
201,8,42,0.141095
201,8,43,0.137635
201,8,44,0.135805
201,8,45,0.136205
201,8,46,0.134565
201,8,47,0.135125
201,8,48,0.137985
201,8,49,0.135045
201,16,0,0.170976
201,16,1,0.165276
201,16,2,0.155556
201,16,3,0.154075
201,16,4,0.152125
201,16,5,0.156166
201,16,6,0.153765
201,16,7,0.156386
201,16,8,0.149825
201,16,9,0.158266
201,16,10,0.160656
201,16,11,0.156535
201,16,12,0.167806
201,16,13,0.160546
201,16,14,0.161205
201,16,15,0.157996
201,16,16,0.164886
201,16,17,0.158115
201,16,18,0.165126
201,16,19,0.159066
201,16,20,0.157936
201,16,21,0.157056
201,16,22,0.156016
201,16,23,0.157396
201,16,24,0.163036
201,16,25,0.158686
201,16,26,0.158226
201,16,27,0.156606
201,16,28,0.158145
201,16,29,0.157566
201,16,30,0.163845
201,16,31,0.160225
201,16,32,0.163426
201,16,33,0.160186
201,16,34,0.157915
201,16,35,0.157466
201,16,36,0.157275
201,16,37,0.164506
201,16,38,0.158396
201,16,39,0.157465
201,16,40,0.156546
201,16,41,0.160556
201,16,42,0.159795
201,16,43,0.163226
201,16,44,0.158056
201,16,45,0.157355
201,16,46,0.156226
201,16,47,0.156795
201,16,48,0.167256
201,16,49,0.162746
201,32,0,0.193436
201,32,1,0.186757
201,32,2,0.181206
201,32,3,0.181847
201,32,4,0.192027
201,32,5,0.181896
201,32,6,0.178826
201,32,7,0.179687
201,32,8,0.181086
201,32,9,0.184687
201,32,10,0.180916
201,32,11,0.180536
201,32,12,0.178077
201,32,13,0.180716
201,32,14,0.179667
201,32,15,0.184677
201,32,16,0.181536
201,32,17,0.185346
201,32,18,0.179656
201,32,19,0.177337
201,32,20,0.184316
201,32,21,0.182157
201,32,22,0.179367
201,32,23,0.180336
201,32,24,0.181057
201,32,25,0.179036
201,32,26,0.190037
201,32,27,0.179396
201,32,28,0.178546
201,32,29,0.178076
201,32,30,0.178576
201,32,31,0.182786
201,32,32,0.181357
201,32,33,0.180176
201,32,34,0.179827
201,32,35,0.179256
201,32,36,0.181716
201,32,37,0.185877
201,32,38,0.183266
201,32,39,0.183317
201,32,40,0.179166
201,32,41,0.179456
201,32,42,0.184507
201,32,43,0.181426
201,32,44,0.179507
201,32,45,0.179226
201,32,46,0.182017
201,32,47,0.177656
201,32,48,0.190367
201,32,49,0.177516
201,64,0,0.239648
201,64,1,0.254729
201,64,2,0.234539
201,64,3,0.236138
201,64,4,0.232848
201,64,5,0.238769
201,64,6,0.236058
201,64,7,0.236998
201,64,8,0.234209
201,64,9,0.237598
201,64,10,0.239479
201,64,11,0.247188
201,64,12,0.233478
201,64,13,0.235188
201,64,14,0.238948
201,64,15,0.237989
201,64,16,0.239189
201,64,17,0.237268
201,64,18,0.237249
201,64,19,0.235828
201,64,20,0.232678
201,64,21,0.233538
201,64,22,0.240388
201,64,23,0.235498
201,64,24,0.233279
201,64,25,0.234388
201,64,26,0.236828
201,64,27,0.234929
201,64,28,0.231668
201,64,29,0.234158
201,64,30,0.232258
201,64,31,0.242699
201,64,32,0.239718
201,64,33,0.236028
201,64,34,0.233269
201,64,35,0.240438
201,64,36,0.234948
201,64,37,0.235568
201,64,38,0.234648
201,64,39,0.239329
201,64,40,0.234358
201,64,41,0.235808
201,64,42,0.235298
201,64,43,0.239538
201,64,44,0.239748
201,64,45,0.236009
201,64,46,0.234798
201,64,47,0.242089
201,64,48,0.235128
201,64,49,0.235638
201,100,0,0.301041
201,100,1,0.258039
201,100,2,0.258299
201,100,3,0.256459
201,100,4,0.261289
201,100,5,0.25887
201,100,6,0.258049
201,100,7,0.252758
201,100,8,0.260429
201,100,9,0.256209
201,100,10,0.255779
201,100,11,0.256619
201,100,12,0.264379
201,100,13,0.254069
201,100,14,0.255849
201,100,15,0.261579
201,100,16,0.254969
201,100,17,0.254029
201,100,18,0.255869
201,100,19,0.257599
201,100,20,0.26006
201,100,21,0.256368
201,100,22,0.254169
201,100,23,0.25741
201,100,24,0.255279
201,100,25,0.255659
201,100,26,0.254888
201,100,27,0.258159
201,100,28,0.255849
201,100,29,0.259619
201,100,30,0.252639
201,100,31,0.259579
201,100,32,0.262289
201,100,33,0.255309
201,100,34,0.2596
201,100,35,0.25974
201,100,36,0.253478
201,100,37,0.255378
201,100,38,0.252509
201,100,39,0.271729
201,100,40,0.257849
201,100,41,0.257469
201,100,42,0.260559
201,100,43,0.259529
201,100,44,0.254318
201,100,45,0.265119
201,100,46,0.261569
201,100,47,0.256369
201,100,48,0.254749
201,100,49,0.255669
201,200,0,0.318261
201,200,1,0.303791
201,200,2,0.300871
201,200,3,0.29597
201,200,4,0.301161
201,200,5,0.30247
201,200,6,0.302651
201,200,7,0.297511
201,200,8,0.30256
201,200,9,0.296381
201,200,10,0.29268
201,200,11,0.300281
201,200,12,0.29791
201,200,13,0.299431
201,200,14,0.30252
201,200,15,0.300741
201,200,16,0.299691
201,200,17,0.297131
201,200,18,0.30219
201,200,19,0.299561
201,200,20,0.298211
201,200,21,0.30561
201,200,22,0.29775
201,200,23,0.29904
201,200,24,0.29788
201,200,25,0.296891
201,200,26,0.297311
201,200,27,0.29709
201,200,28,0.29773
201,200,29,0.29931
201,200,30,0.293801
201,200,31,0.3017
201,200,32,0.3038
201,200,33,0.311481
201,200,34,0.312891
201,200,35,0.313881
201,200,36,0.305441
201,200,37,0.312911
201,200,38,0.305871
201,200,39,0.30343
201,200,40,0.3075
201,200,41,0.304021
201,200,42,0.303331
201,200,43,0.30236
201,200,44,0.310631
201,200,45,0.302591
201,200,46,0.29501
201,200,47,0.309671
201,200,48,0.305221
201,200,49,0.301581
201,400,0,0.352562
201,400,1,0.337482
201,400,2,0.331382
201,400,3,2.36877
201,400,4,0.368633
201,400,5,0.344032
201,400,6,0.327262
201,400,7,0.334712
201,400,8,0.337952
201,400,9,0.333801
201,400,10,0.328482
201,400,11,0.454906
201,400,12,0.341632
201,400,13,0.344562
201,400,14,0.348063
201,400,15,0.351183
201,400,16,0.345002
201,400,17,0.430055
201,400,18,0.328312
201,400,19,0.331862
201,400,20,0.333691
201,400,21,0.332102
201,400,22,0.328122
201,400,23,0.339422
201,400,24,0.330591
201,400,25,0.331412
201,400,26,0.349232
201,400,27,0.340792
201,400,28,0.335992
201,400,29,0.346082
201,400,30,0.333141
201,400,31,0.346402
201,400,32,0.340292
201,400,33,0.328422
201,400,34,0.336572
201,400,35,0.332142
201,400,36,0.326741
201,400,37,0.339812
201,400,38,0.329062
201,400,39,0.333972
201,400,40,0.334111
201,400,41,0.333211
201,400,42,0.325632
201,400,43,0.337172
201,400,44,0.334301
201,400,45,0.330022
201,400,46,0.337242
201,400,47,0.336832
201,400,48,0.330161
201,400,49,0.349052
201,800,0,0.465696
201,800,1,0.475927
201,800,2,0.467326
201,800,3,0.477507
201,800,4,0.461537
201,800,5,0.476426
201,800,6,0.459687
201,800,7,0.475946
201,800,8,0.462517
201,800,9,0.481607
201,800,10,0.465657
201,800,11,0.475637
201,800,12,0.462497
201,800,13,0.468737
201,800,14,0.467747
201,800,15,0.470846
201,800,16,0.474516
201,800,17,0.470077
201,800,18,0.468556
201,800,19,0.472577
201,800,20,0.469676
201,800,21,0.471136
201,800,22,0.467047
201,800,23,0.469066
201,800,24,0.465746
201,800,25,0.472897
201,800,26,0.472797
201,800,27,0.469116
201,800,28,0.464686
201,800,29,0.470286
201,800,30,0.458716
201,800,31,0.481986
201,800,32,0.466487
201,800,33,0.477207
201,800,34,0.464546
201,800,35,0.475257
201,800,36,0.463266
201,800,37,0.472227
201,800,38,0.462436
201,800,39,0.473937
201,800,40,0.463176
201,800,41,0.476297
201,800,42,0.465276
201,800,43,0.478007
201,800,44,0.462186
201,800,45,0.477367
201,800,46,0.465026
201,800,47,0.468326
201,800,48,0.472257
201,800,49,0.468726
201,1600,0,0.658513
201,1600,1,0.669233
201,1600,2,0.664594
201,1600,3,0.671774
201,1600,4,0.663583
201,1600,5,0.672064
201,1600,6,0.657593
201,1600,7,0.674694
201,1600,8,0.666993
201,1600,9,0.667154
201,1600,10,0.675563
201,1600,11,0.667434
201,1600,12,0.659343
201,1600,13,0.677164
201,1600,14,0.660833
201,1600,15,0.662164
201,1600,16,0.663163
201,1600,17,0.667594
201,1600,18,0.658243
201,1600,19,0.673014
201,1600,20,0.661623
201,1600,21,0.660503
201,1600,22,0.659923
201,1600,23,0.667173
201,1600,24,0.663083
201,1600,25,0.670894
201,1600,26,0.662583
201,1600,27,0.666194
201,1600,28,0.663873
201,1600,29,0.668524
201,1600,30,0.651313
201,1600,31,0.668093
201,1600,32,0.673964
201,1600,33,0.693864
201,1600,34,0.690234
201,1600,35,0.682214
201,1600,36,0.670214
201,1600,37,0.675463
201,1600,38,0.683184
201,1600,39,0.691935
201,1600,40,0.673854
201,1600,41,0.673643
201,1600,42,0.696345
201,1600,43,0.677904
201,1600,44,0.670583
201,1600,45,0.678973
201,1600,46,0.690545
201,1600,47,0.681224
201,1600,48,0.689694
201,1600,49,0.691234
201,3200,0,1.20083
201,3200,1,1.21812
201,3200,2,1.22405
201,3200,3,1.20803
201,3200,4,1.19883
201,3200,5,1.21452
201,3200,6,1.21515
201,3200,7,1.20185
201,3200,8,11.3744
201,3200,9,1.22372
201,3200,10,1.21703
201,3200,11,1.31469
201,3200,12,1.22714
201,3200,13,1.23375
201,3200,14,1.23073
201,3200,15,1.2317
201,3200,16,1.22713
201,3200,17,1.24098
201,3200,18,1.22934
201,3200,19,1.2323
201,3200,20,1.21072
201,3200,21,1.2276
201,3200,22,1.22202
201,3200,23,1.22876
201,3200,24,1.21541
201,3200,25,1.21576
201,3200,26,1.22092
201,3200,27,1.21073
201,3200,28,1.20546
201,3200,29,1.23945
201,3200,30,1.2394
201,3200,31,1.22521
201,3200,32,1.22618
201,3200,33,1.23756
201,3200,34,1.23297
201,3200,35,1.23207
201,3200,36,1.20806
201,3200,37,1.22154
201,3200,38,1.2229
201,3200,39,1.22433
201,3200,40,1.20638
201,3200,41,1.22462
201,3200,42,1.22873
201,3200,43,1.22404
201,3200,44,1.21384
201,3200,45,1.21349
201,3200,46,1.23326
201,3200,47,1.23466
201,3200,48,1.22476
201,3200,49,1.22351
201,6400,0,2.35767
201,6400,1,2.38655
201,6400,2,2.38451
201,6400,3,2.45003
201,6400,4,2.36781
201,6400,5,2.36308
201,6400,6,2.35386
201,6400,7,2.33828
201,6400,8,2.36597
201,6400,9,2.35085
201,6400,10,2.34078
201,6400,11,2.35069
201,6400,12,2.33428
201,6400,13,2.35898
201,6400,14,2.35241
201,6400,15,12.4082
201,6400,16,2.36618
201,6400,17,2.34598
201,6400,18,2.32792
201,6400,19,2.36655
201,6400,20,2.36476
201,6400,21,2.34088
201,6400,22,2.33907
201,6400,23,2.35141
201,6400,24,2.34206
201,6400,25,2.35985
201,6400,26,2.31991
201,6400,27,2.33256
201,6400,28,2.35441
201,6400,29,2.35508
201,6400,30,2.3611
201,6400,31,2.36347
201,6400,32,2.32042
201,6400,33,2.41063
201,6400,34,2.34974
201,6400,35,2.34735
201,6400,36,2.3772
201,6400,37,2.34811
201,6400,38,2.32963
201,6400,39,2.35377
201,6400,40,2.34763
201,6400,41,2.48391
201,6400,42,2.36309
201,6400,43,2.37106
201,6400,44,2.45497
201,6400,45,2.37888
201,6400,46,2.41286
201,6400,47,2.36657
201,6400,48,2.34488
201,6400,49,2.40333
201,10000,0,3.4113
201,10000,1,13.5383
201,10000,2,3.48137
201,10000,3,3.49275
201,10000,4,3.42823
201,10000,5,3.47407
201,10000,6,3.44748
201,10000,7,3.47018
201,10000,8,3.4131
201,10000,9,3.47384
201,10000,10,3.48442
201,10000,11,3.47806
201,10000,12,3.46114
201,10000,13,3.47616
201,10000,14,3.45359
201,10000,15,3.4727
201,10000,16,3.46356
201,10000,17,3.50829
201,10000,18,3.46739
201,10000,19,3.47202
201,10000,20,3.45724
201,10000,21,3.58838
201,10000,22,3.52227
201,10000,23,3.50981
201,10000,24,3.49811
201,10000,25,3.49613
201,10000,26,3.50657
201,10000,27,13.0594
201,10000,28,3.46767
201,10000,29,3.47171
201,10000,30,3.48789
201,10000,31,3.49276
201,10000,32,3.47077
201,10000,33,3.4695
201,10000,34,3.47616
201,10000,35,3.4885
201,10000,36,3.45297
201,10000,37,3.47788
201,10000,38,3.48039
201,10000,39,3.48061
201,10000,40,3.44672
201,10000,41,3.48248
201,10000,42,3.47632
201,10000,43,3.46991
201,10000,44,3.48277
201,10000,45,3.47553
201,10000,46,3.46819
201,10000,47,3.47244
201,10000,48,3.46343
201,10000,49,3.46906
99,1,0,0.196417
99,1,1,0.112674
99,1,2,0.098214
99,1,3,0.096593
99,1,4,0.095643
99,1,5,0.095184
99,1,6,0.095173
99,1,7,0.094593
99,1,8,0.102223
99,1,9,0.096274
99,1,10,0.096183
99,1,11,0.095143
99,1,12,0.094414
99,1,13,0.093763
99,1,14,0.093893
99,1,15,0.093363
99,1,16,0.095224
99,1,17,0.097503
99,1,18,0.103094
99,1,19,0.098494
99,1,20,0.096223
99,1,21,0.096243
99,1,22,0.094834
99,1,23,0.096283
99,1,24,0.095204
99,1,25,0.094933
99,1,26,0.095243
99,1,27,0.095364
99,1,28,0.099523
99,1,29,0.097824
99,1,30,0.095483
99,1,31,0.095784
99,1,32,0.095654
99,1,33,0.097363
99,1,34,0.094733
99,1,35,0.095133
99,1,36,0.095013
99,1,37,0.094823
99,1,38,0.094573
99,1,39,0.101224
99,1,40,0.095733
99,1,41,0.095533
99,1,42,0.095283
99,1,43,0.094783
99,1,44,0.094544
99,1,45,0.098063
99,1,46,0.093503
99,1,47,0.094543
99,1,48,0.094763
99,1,49,0.101544
99,2,0,0.122744
99,2,1,0.113984
99,2,2,0.108634
99,2,3,0.107104
99,2,4,0.108474
99,2,5,0.105643
99,2,6,0.106024
99,2,7,0.104734
99,2,8,0.111304
99,2,9,0.106934
99,2,10,0.106173
99,2,11,0.105703
99,2,12,0.105494
99,2,13,0.105994
99,2,14,0.105754
99,2,15,0.105083
99,2,16,0.105934
99,2,17,0.110584
99,2,18,0.108474
99,2,19,0.106044
99,2,20,0.105443
99,2,21,0.104254
99,2,22,0.103234
99,2,23,0.104824
99,2,24,0.104513
99,2,25,0.107924
99,2,26,0.104854
99,2,27,0.107274
99,2,28,0.106644
99,2,29,0.105223
99,2,30,0.105424
99,2,31,0.114424
99,2,32,0.104444
99,2,33,0.104893
99,2,34,0.106343
99,2,35,0.105754
99,2,36,0.111104
99,2,37,0.106014
99,2,38,0.106343
99,2,39,0.105074
99,2,40,0.106124
99,2,41,0.104803
99,2,42,0.111164
99,2,43,0.105603
99,2,44,0.104514
99,2,45,0.110774
99,2,46,0.108094
99,2,47,0.106454
99,2,48,0.105214
99,2,49,0.109584
99,4,0,0.116885
99,4,1,0.112254
99,4,2,0.108253
99,4,3,0.105133
99,4,4,0.112924
99,4,5,0.107434
99,4,6,0.105304
99,4,7,0.106284
99,4,8,0.107074
99,4,9,0.106423
99,4,10,0.106044
99,4,11,0.105304
99,4,12,0.105473
99,4,13,0.112063
99,4,14,0.107683
99,4,15,0.107314
99,4,16,0.106044
99,4,17,0.108624
99,4,18,0.105903
99,4,19,0.105324
99,4,20,0.109054
99,4,21,0.107634
99,4,22,0.110394
99,4,23,0.109354
99,4,24,0.106194
99,4,25,0.107064
99,4,26,0.107104
99,4,27,0.106454
99,4,28,0.118914
99,4,29,0.116234
99,4,30,0.107914
99,4,31,0.125404
99,4,32,0.125425
99,4,33,0.108774
99,4,34,0.110733
99,4,35,0.106303
99,4,36,0.110324
99,4,37,0.114994
99,4,38,0.108444
99,4,39,0.106644
99,4,40,0.113134
99,4,41,0.110124
99,4,42,0.106654
99,4,43,0.107114
99,4,44,0.106434
99,4,45,0.106914
99,4,46,0.107194
99,4,47,0.106374
99,4,48,0.111753
99,4,49,0.126774
99,8,0,0.120504
99,8,1,0.113374
99,8,2,0.115874
99,8,3,0.111933
99,8,4,0.110374
99,8,5,0.110054
99,8,6,0.110904
99,8,7,0.116474
99,8,8,0.113014
99,8,9,0.120244
99,8,10,0.118725
99,8,11,0.110504
99,8,12,0.109253
99,8,13,0.109344
99,8,14,0.108814
99,8,15,0.108774
99,8,16,0.128555
99,8,17,0.124034
99,8,18,0.110074
99,8,19,0.114694
99,8,20,0.111034
99,8,21,0.109204
99,8,22,0.108994
99,8,23,0.110474
99,8,24,0.108614
99,8,25,0.120574
99,8,26,0.109894
99,8,27,0.110434
99,8,28,0.108603
99,8,29,0.108974
99,8,30,0.111864
99,8,31,0.110104
99,8,32,0.116254
99,8,33,0.109814
99,8,34,0.111593
99,8,35,0.111053
99,8,36,0.110064
99,8,37,0.109884
99,8,38,0.108344
99,8,39,0.108704
99,8,40,0.108934
99,8,41,0.110904
99,8,42,0.115454
99,8,43,0.112174
99,8,44,0.110033
99,8,45,0.110675
99,8,46,0.109633
99,8,47,0.109324
99,8,48,0.109224
99,8,49,0.108764
99,16,0,0.134175
99,16,1,0.126264
99,16,2,0.122504
99,16,3,0.119725
99,16,4,0.117954
99,16,5,0.118214
99,16,6,0.117864
99,16,7,0.116784
99,16,8,0.117294
99,16,9,0.125714
99,16,10,0.119624
99,16,11,0.118264
99,16,12,0.117694
99,16,13,0.117604
99,16,14,0.117764
99,16,15,0.117814
99,16,16,0.117684
99,16,17,0.122855
99,16,18,0.122204
99,16,19,0.118014
99,16,20,0.119344
99,16,21,0.117895
99,16,22,0.119164
99,16,23,0.116344
99,16,24,0.123424
99,16,25,0.121715
99,16,26,0.120474
99,16,27,0.118584
99,16,28,0.116534
99,16,29,0.116744
99,16,30,0.116695
99,16,31,0.116905
99,16,32,0.116314
99,16,33,0.116684
99,16,34,0.125104
99,16,35,0.117465
99,16,36,0.116854
99,16,37,0.116534
99,16,38,0.117944
99,16,39,0.116754
99,16,40,0.117724
99,16,41,0.117694
99,16,42,0.122325
99,16,43,0.121184
99,16,44,0.118524
99,16,45,0.117525
99,16,46,0.116435
99,16,47,0.116844
99,16,48,0.116594
99,16,49,0.117804
99,32,0,0.145505
99,32,1,0.135574
99,32,2,0.134704
99,32,3,0.135345
99,32,4,0.132265
99,32,5,0.133844
99,32,6,0.132865
99,32,7,0.139635
99,32,8,0.133535
99,32,9,0.142375
99,32,10,0.133495
99,32,11,0.132424
99,32,12,0.133285
99,32,13,0.137735
99,32,14,0.143225
99,32,15,0.134815
99,32,16,0.138854
99,32,17,0.132484
99,32,18,0.132885
99,32,19,0.133285
99,32,20,0.131625
99,32,21,0.136594
99,32,22,0.134125
99,32,23,0.132315
99,32,24,0.133604
99,32,25,0.131474
99,32,26,0.131755
99,32,27,0.132084
99,32,28,0.131504
99,32,29,0.139815
99,32,30,0.133945
99,32,31,0.132374
99,32,32,0.132995
99,32,33,0.133755
99,32,34,0.133105
99,32,35,0.134524
99,32,36,0.137955
99,32,37,0.135385
99,32,38,0.134255
99,32,39,0.137925
99,32,40,0.131714
99,32,41,0.131435
99,32,42,0.131304
99,32,43,0.139036
99,32,44,0.136175
99,32,45,0.131895
99,32,46,0.133065
99,32,47,0.133474
99,32,48,0.132424
99,32,49,0.131555
99,64,0,0.175206
99,64,1,0.164825
99,64,2,0.162126
99,64,3,0.161256
99,64,4,0.162735
99,64,5,0.166335
99,64,6,0.163026
99,64,7,0.162526
99,64,8,0.161365
99,64,9,0.160765
99,64,10,0.162686
99,64,11,0.165136
99,64,12,0.163546
99,64,13,0.162036
99,64,14,0.160656
99,64,15,0.160726
99,64,16,0.160425
99,64,17,0.167866
99,64,18,0.164046
99,64,19,0.162396
99,64,20,0.161575
99,64,21,0.160506
99,64,22,0.161166
99,64,23,0.160416
99,64,24,0.167585
99,64,25,0.161236
99,64,26,0.160426
99,64,27,0.161545
99,64,28,0.161015
99,64,29,0.161586
99,64,30,0.173166
99,64,31,0.160666
99,64,32,0.167756
99,64,33,0.160685
99,64,34,0.161446
99,64,35,0.162586
99,64,36,0.167826
99,64,37,0.162276
99,64,38,0.161596
99,64,39,0.161026
99,64,40,0.160046
99,64,41,0.160346
99,64,42,0.166416
99,64,43,0.162576
99,64,44,0.162845
99,64,45,0.160685
99,64,46,0.161686
99,64,47,0.160506
99,64,48,0.165955
99,64,49,0.163305
99,100,0,0.198667
99,100,1,0.177567
99,100,2,0.183166
99,100,3,0.179007
99,100,4,0.177456
99,100,5,0.177786
99,100,6,0.175196
99,100,7,0.181827
99,100,8,0.180536
99,100,9,0.177896
99,100,10,0.177707
99,100,11,0.177716
99,100,12,0.175036
99,100,13,0.182886
99,100,14,0.178797
99,100,15,0.177636
99,100,16,0.175516
99,100,17,0.178057
99,100,18,0.182406
99,100,19,0.180436
99,100,20,0.176497
99,100,21,0.181526
99,100,22,0.175126
99,100,23,0.178017
99,100,24,0.183726
99,100,25,0.177586
99,100,26,0.176126
99,100,27,0.176256
99,100,28,0.176276
99,100,29,0.183876
99,100,30,0.179896
99,100,31,0.180126
99,100,32,0.175947
99,100,33,0.177027
99,100,34,0.177576
99,100,35,0.182236
99,100,36,0.179766
99,100,37,0.182766
99,100,38,0.175667
99,100,39,0.176616
99,100,40,0.177036
99,100,41,0.183547
99,100,42,0.176576
99,100,43,0.178276
99,100,44,0.176956
99,100,45,0.175846
99,100,46,0.180216
99,100,47,0.179896
99,100,48,0.176087
99,100,49,0.176676
99,200,0,0.219878
99,200,1,0.218598
99,200,2,0.209267
99,200,3,0.209528
99,200,4,0.207367
99,200,5,0.205317
99,200,6,0.205138
99,200,7,0.206757
99,200,8,0.217768
99,200,9,0.213287
99,200,10,0.205768
99,200,11,0.208327
99,200,12,0.211877
99,200,13,0.211898
99,200,14,0.203577
99,200,15,0.206107
99,200,16,0.208748
99,200,17,0.208377
99,200,18,0.207827
99,200,19,0.211488
99,200,20,0.213087
99,200,21,0.206458
99,200,22,0.212067
99,200,23,0.213418
99,200,24,0.209777
99,200,25,0.207317
99,200,26,0.213638
99,200,27,0.213247
99,200,28,0.204478
99,200,29,0.205147
99,200,30,0.207147
99,200,31,0.217758
99,200,32,0.213978
99,200,33,0.208127
99,200,34,0.210987
99,200,35,0.205648
99,200,36,0.209927
99,200,37,0.206617
99,200,38,0.208288
99,200,39,0.210097
99,200,40,0.205867
99,200,41,0.211498
99,200,42,0.215067
99,200,43,0.212467
99,200,44,0.211397
99,200,45,0.208978
99,200,46,0.217847
99,200,47,0.205517
99,200,48,0.206237
99,200,49,0.205157
99,400,0,0.251869
99,400,1,0.246929
99,400,2,0.241618
99,400,3,0.249379
99,400,4,0.238408
99,400,5,0.239669
99,400,6,0.237628
99,400,7,0.242779
99,400,8,0.237338
99,400,9,0.238309
99,400,10,0.243268
99,400,11,0.239439
99,400,12,0.241858
99,400,13,0.236609
99,400,14,0.238448
99,400,15,0.235608
99,400,16,0.240319
99,400,17,0.244579
99,400,18,0.237139
99,400,19,0.238188
99,400,20,0.253609
99,400,21,0.240209
99,400,22,0.240778
99,400,23,0.237509
99,400,24,0.244818
99,400,25,0.240129
99,400,26,0.230998
99,400,27,0.242319
99,400,28,0.242198
99,400,29,0.238469
99,400,30,0.233268
99,400,31,0.239098
99,400,32,0.238009
99,400,33,0.236808
99,400,34,0.234398
99,400,35,0.244529
99,400,36,0.248999
99,400,37,0.236618
99,400,38,0.239549
99,400,39,0.235159
99,400,40,0.234978
99,400,41,0.242699
99,400,42,0.233408
99,400,43,0.239279
99,400,44,0.237118
99,400,45,0.249849
99,400,46,0.235138
99,400,47,0.237198
99,400,48,0.231858
99,400,49,0.237068
99,800,0,0.334312
99,800,1,0.334442
99,800,2,0.326441
99,800,3,0.336092
99,800,4,0.337372
99,800,5,0.331062
99,800,6,0.321881
99,800,7,0.331652
99,800,8,0.326001
99,800,9,0.330362
99,800,10,0.323541
99,800,11,0.338721
99,800,12,0.328891
99,800,13,0.332012
99,800,14,0.322621
99,800,15,0.335592
99,800,16,0.327502
99,800,17,0.330351
99,800,18,0.332832
99,800,19,4.34432
99,800,20,0.384403
99,800,21,0.382844
99,800,22,0.329741
99,800,23,0.331012
99,800,24,0.331242
99,800,25,0.340942
99,800,26,0.328861
99,800,27,0.330212
99,800,28,0.330002
99,800,29,0.333361
99,800,30,0.327942
99,800,31,0.338972
99,800,32,0.331842
99,800,33,0.334791
99,800,34,0.327442
99,800,35,0.330862
99,800,36,0.331691
99,800,37,0.450785
99,800,38,0.339881
99,800,39,0.339351
99,800,40,0.337292
99,800,41,0.351023
99,800,42,0.340842
99,800,43,0.359782
99,800,44,0.360343
99,800,45,0.361343
99,800,46,0.337702
99,800,47,0.336312
99,800,48,0.340802
99,800,49,0.342412
99,1600,0,0.479897
99,1600,1,0.480197
99,1600,2,0.473267
99,1600,3,0.468346
99,1600,4,0.474697
99,1600,5,0.472817
99,1600,6,0.475116
99,1600,7,0.461466
99,1600,8,0.473626
99,1600,9,0.466386
99,1600,10,0.460926
99,1600,11,0.475637
99,1600,12,0.460146
99,1600,13,0.473907
99,1600,14,0.468596
99,1600,15,0.473776
99,1600,16,0.460156
99,1600,17,0.484406
99,1600,18,0.463537
99,1600,19,0.465606
99,1600,20,0.466897
99,1600,21,0.483727
99,1600,22,0.471046
99,1600,23,0.487557
99,1600,24,0.471586
99,1600,25,0.477307
99,1600,26,0.490987
99,1600,27,0.479517
99,1600,28,0.476847
99,1600,29,0.490118
99,1600,30,0.476236
99,1600,31,0.480547
99,1600,32,0.494608
99,1600,33,0.481277
99,1600,34,0.481407
99,1600,35,0.488327
99,1600,36,0.481627
99,1600,37,0.488597
99,1600,38,0.481687
99,1600,39,0.481867
99,1600,40,0.476287
99,1600,41,0.489817
99,1600,42,0.484417
99,1600,43,0.489198
99,1600,44,0.482217
99,1600,45,0.468436
99,1600,46,0.472027
99,1600,47,0.468376
99,1600,48,0.466937
99,1600,49,0.472586
99,3200,0,0.818689
99,3200,1,0.825719
99,3200,2,0.817039
99,3200,3,0.8382
99,3200,4,0.822869
99,3200,5,0.824099
99,3200,6,0.822199
99,3200,7,0.824189
99,3200,8,0.821849
99,3200,9,0.85251
99,3200,10,0.833489
99,3200,11,0.85424
99,3200,12,0.853641
99,3200,13,0.855571
99,3200,14,0.835879
99,3200,15,0.841
99,3200,16,0.834489
99,3200,17,0.84194
99,3200,18,0.84668
99,3200,19,0.83849
99,3200,20,0.826579
99,3200,21,0.830279
99,3200,22,0.84442
99,3200,23,0.83589
99,3200,24,0.838559
99,3200,25,0.832739
99,3200,26,0.84764
99,3200,27,0.83339
99,3200,28,0.83855
99,3200,29,0.832219
99,3200,30,0.83705
99,3200,31,0.833839
99,3200,32,0.827369
99,3200,33,0.84427
99,3200,34,0.822059
99,3200,35,0.84801
99,3200,36,0.820519
99,3200,37,0.845129
99,3200,38,0.852779
99,3200,39,0.830759
99,3200,40,0.840759
99,3200,41,0.84467
99,3200,42,0.829259
99,3200,43,0.842249
99,3200,44,0.825149
99,3200,45,0.834519
99,3200,46,0.828138
99,3200,47,0.842849
99,3200,48,0.8382
99,3200,49,0.821089
99,6400,0,1.41862
99,6400,1,1.41854
99,6400,2,1.38984
99,6400,3,1.42197
99,6400,4,11.394
99,6400,5,1.68168
99,6400,6,1.42998
99,6400,7,1.42828
99,6400,8,1.43228
99,6400,9,1.4245
99,6400,10,1.43438
99,6400,11,1.44133
99,6400,12,1.41619
99,6400,13,1.46775
99,6400,14,1.43158
99,6400,15,1.44784
99,6400,16,1.43241
99,6400,17,1.45304
99,6400,18,1.44478
99,6400,19,1.44336
99,6400,20,1.45292
99,6400,21,1.442
99,6400,22,1.4755
99,6400,23,1.45249
99,6400,24,1.46298
99,6400,25,1.45599
99,6400,26,1.45861
99,6400,27,1.45647
99,6400,28,1.47756
99,6400,29,1.45029
99,6400,30,1.45655
99,6400,31,1.46492
99,6400,32,1.43655
99,6400,33,1.45874
99,6400,34,1.42803
99,6400,35,1.45195
99,6400,36,1.44295
99,6400,37,1.46449
99,6400,38,1.45256
99,6400,39,1.50019
99,6400,40,1.45122
99,6400,41,1.46061
99,6400,42,1.45746
99,6400,43,1.44288
99,6400,44,1.46619
99,6400,45,1.44161
99,6400,46,1.45149
99,6400,47,1.44733
99,6400,48,1.45651
99,6400,49,1.45413
99,10000,0,2.13679
99,10000,1,2.18102
99,10000,2,2.16497
99,10000,3,2.18847
99,10000,4,2.17335
99,10000,5,2.18495
99,10000,6,2.16175
99,10000,7,2.19188
99,10000,8,2.16665
99,10000,9,2.17229
99,10000,10,11.6236
99,10000,11,2.19868
99,10000,12,2.18288
99,10000,13,2.18703
99,10000,14,2.18603
99,10000,15,2.16862
99,10000,16,2.17915
99,10000,17,2.19096
99,10000,18,2.16694
99,10000,19,2.18744
99,10000,20,2.16182
99,10000,21,2.18034
99,10000,22,2.16565
99,10000,23,2.17247
99,10000,24,2.16921
99,10000,25,2.16925
99,10000,26,2.17057
99,10000,27,2.17338
99,10000,28,2.18036
99,10000,29,2.18233
99,10000,30,2.16003
99,10000,31,2.18316
99,10000,32,2.16511
99,10000,33,2.17061
99,10000,34,2.1717
99,10000,35,2.1685
99,10000,36,2.17659
99,10000,37,2.18085
99,10000,38,2.18321
99,10000,39,2.17032
99,10000,40,2.1694
99,10000,41,2.2702
99,10000,42,2.25294
99,10000,43,2.16678
99,10000,44,2.16038
99,10000,45,2.18319
99,10000,46,2.17691
99,10000,47,2.16622
99,10000,48,2.16264
99,10000,49,2.16959
