ensemble_size,batch_size,trial_num,predict_ms,optimised
999,1,0,0.2766130492091179,False
999,1,1,0.2159029245376587,False
999,1,2,0.20662229508161545,False
999,1,3,0.20608212798833847,False
999,1,4,0.20103156566619873,False
999,1,5,0.2028234302997589,False
999,1,6,0.2080025151371956,False
999,1,7,0.20189210772514343,False
999,1,8,0.19987300038337708,False
999,1,9,0.19815191626548767,False
999,1,10,0.2011321485042572,False
999,1,11,0.20103342831134796,False
999,1,12,0.19786134362220764,False
999,1,13,0.19648298621177673,False
999,1,14,0.19704177975654602,False
999,1,15,0.2023233100771904,False
999,1,16,0.21043326705694199,False
999,1,17,0.19979383796453476,False
999,1,18,0.19754189997911453,False
999,1,19,0.19644293934106827,False
999,1,20,0.19814260303974152,False
999,1,21,0.19937288016080856,False
999,1,22,0.19635260105133057,False
999,1,23,0.19671209156513214,False
999,1,24,0.19644293934106827,False
999,1,25,0.19724201411008835,False
999,1,26,0.19787345081567764,False
999,1,27,0.19524339586496353,False
999,1,28,0.19592233002185822,False
999,1,29,0.19558239728212357,False
999,1,30,0.1993216574192047,False
999,1,31,0.19727274775505066,False
999,1,32,0.1965416595339775,False
999,1,33,0.19515212625265121,False
999,1,34,0.19549299031496048,False
999,1,35,0.1967819407582283,False
999,1,36,0.19822362810373306,False
999,1,37,0.19531138241291046,False
999,1,38,0.19546318799257278,False
999,1,39,0.195222906768322,False
999,1,40,0.19644200801849365,False
999,1,41,0.19700359553098679,False
999,1,42,0.1954212784767151,False
999,1,43,0.19482336938381195,False
999,1,44,0.19751302897930145,False
999,1,45,0.19633211195468903,False
999,1,46,0.19739288836717606,False
999,1,47,0.19593164324760437,False
999,1,48,0.19571278244256973,False
999,1,49,0.19522197544574738,False
999,2,0,16.07569120824337,False
999,2,1,0.23927446454763412,False
999,2,2,0.21599233150482178,False
999,2,3,0.20635314285755157,False
999,2,4,0.20677316933870316,False
999,2,5,0.2031233161687851,False
999,2,6,0.20824186503887177,False
999,2,7,0.20008347928524017,False
999,2,8,0.19907299429178238,False
999,2,9,0.19996240735054016,False
999,2,10,0.20085275173187256,False
999,2,11,0.2031531184911728,False
999,2,12,0.1989118754863739,False
999,2,13,0.19973330199718475,False
999,2,14,0.19964203238487244,False
999,2,15,0.20038243383169174,False
999,2,16,0.20094309002161026,False
999,2,17,0.19849184900522232,False
999,2,18,0.19916240125894547,False
999,2,19,0.19835308194160461,False
999,2,20,0.1994716003537178,False
999,2,21,0.20008254796266556,False
999,2,22,0.1989714801311493,False
999,2,23,0.1978231593966484,False
999,2,24,0.2017524093389511,False
999,2,25,0.19934214651584625,False
999,2,26,0.1994529739022255,False
999,2,27,0.1977328211069107,False
999,2,28,0.19720196723937988,False
999,2,29,0.19710324704647064,False
999,2,30,0.1986222341656685,False
999,2,31,0.19961316138505936,False
999,2,32,0.1977328211069107,False
999,2,33,0.19682198762893677,False
999,2,34,0.1971134915947914,False
999,2,35,0.1976415514945984,False
999,2,36,0.19940268248319626,False
999,2,37,0.19974354654550552,False
999,2,38,0.19719265401363373,False
999,2,39,0.19716285169124603,False
999,2,40,0.19852165132761002,False
999,2,41,0.19972212612628937,False
999,2,42,0.19795261323451996,False
999,2,43,0.1973714679479599,False
999,2,44,0.19701290875673294,False
999,2,45,0.19835215061903,False
999,2,46,0.19916333258152008,False
999,2,47,0.19777286797761917,False
999,2,48,0.19750185310840607,False
999,2,49,0.19728299230337143,False
999,4,0,0.23783277720212936,False
999,4,1,0.21236296743154526,False
999,4,2,0.20683184266090393,False
999,4,3,0.20471308380365372,False
999,4,4,0.20542368292808533,False
999,4,5,0.2056928351521492,False
999,4,6,0.20340178161859512,False
999,4,7,0.2023531123995781,False
999,4,8,0.20213332027196884,False
999,4,9,0.2040015533566475,False
999,4,10,0.20478293299674988,False
999,4,11,0.2028830349445343,False
999,4,12,0.2029919996857643,False
999,4,13,0.20203273743391037,False
999,4,14,0.20345300436019897,False
999,4,15,0.20434241741895676,False
999,4,16,0.2023531123995781,False
999,4,17,0.2007531002163887,False
999,4,18,0.20151212811470032,False
999,4,19,0.2019330859184265,False
999,4,20,0.20423252135515213,False
999,4,21,0.20182225853204727,False
999,4,22,0.20186323672533035,False
999,4,23,0.20120292901992798,False
999,4,24,0.2039726823568344,False
999,4,25,0.20328350365161896,False
999,4,26,0.20246300846338272,False
999,4,27,0.20226184278726578,False
999,4,28,0.20163320004940033,False
999,4,29,0.20254310220479965,False
999,4,30,0.20380225032567978,False
999,4,31,0.20222272723913193,False
999,4,32,0.20158197730779648,False
999,4,33,0.20181294530630112,False
999,4,34,0.20289327949285507,False
999,4,35,0.20386278629302979,False
999,4,36,0.2016918733716011,False
999,4,37,0.2016127109527588,False
999,4,38,0.20126346498727798,False
999,4,39,0.20173192024230957,False
999,4,40,0.20389258861541748,False
999,4,41,0.2019135281443596,False
999,4,42,0.20162202417850494,False
999,4,43,0.20142272114753723,False
999,4,44,0.2021724358201027,False
999,4,45,0.20385254174470901,False
999,4,46,0.20103249698877335,False
999,4,47,0.20148232579231262,False
999,4,48,0.2005426213145256,False
999,4,49,0.2079429104924202,False
999,8,0,0.23488420993089676,False
999,8,1,0.2137618139386177,False
999,8,2,0.2098623663187027,False
999,8,3,0.2085929736495018,False
999,8,4,0.20882301032543182,False
999,8,5,0.20973291248083115,False
999,8,6,0.2167820930480957,False
999,8,7,0.2078833058476448,False
999,8,8,0.2081533893942833,False
999,8,9,0.20636245608329773,False
999,8,10,0.20978134125471115,False
999,8,11,0.20559318363666534,False
999,8,12,0.2067331224679947,False
999,8,13,0.20778179168701172,False
999,8,14,0.20574312657117844,False
999,8,15,0.20515359938144684,False
999,8,16,0.20629167556762695,False
999,8,17,0.20589306950569153,False
999,8,18,0.20801275968551636,False
999,8,19,0.20568352192640305,False
999,8,20,0.20571239292621613,False
999,8,21,0.20543299615383148,False
999,8,22,0.20646210759878159,False
999,8,23,0.20807329565286636,False
999,8,24,0.20532216876745224,False
999,8,25,0.20547304302453995,False
999,8,26,0.2049533650279045,False
999,8,27,0.2061622217297554,False
999,8,28,0.20713359117507935,False
999,8,29,0.2056928351521492,False
999,8,30,0.20517315715551376,False
999,8,31,0.20485185086727142,False
999,8,32,0.21166261285543442,False
999,8,33,0.20660273730754852,False
999,8,34,0.20473171025514603,False
999,8,35,0.20515359938144684,False
999,8,36,0.20760297775268555,False
999,8,37,0.20694267004728317,False
999,8,38,0.20606163889169693,False
999,8,39,0.20494312047958374,False
999,8,40,0.20544324070215225,False
999,8,41,0.20666327327489853,False
999,8,42,0.20790193229913712,False
999,8,43,0.20639318972826004,False
999,8,44,0.20491238683462143,False
999,8,45,0.2051517367362976,False
999,8,46,0.20656362175941467,False
999,8,47,0.2071727067232132,False
999,8,48,0.2059219405055046,False
999,8,49,0.20607374608516693,False
999,16,0,0.2576131373643875,False
999,16,1,0.2215532585978508,False
999,16,2,0.21405238658189774,False
999,16,3,0.21059159189462662,False
999,16,4,0.209832563996315,False
999,16,5,0.2111326903104782,False
999,16,6,0.21224282681941986,False
999,16,7,0.20955316722393036,False
999,16,8,0.2096826210618019,False
999,16,9,0.20917225629091263,False
999,16,10,0.21150242537260056,False
999,16,11,0.21079275757074356,False
999,16,12,0.20970217883586884,False
999,16,13,0.20902324467897415,False
999,16,14,0.20999275147914886,False
999,16,15,0.210493803024292,False
999,16,16,0.209001824259758,False
999,16,17,0.20852312445640564,False
999,16,18,0.2093929797410965,False
999,16,19,0.21002255380153656,False
999,16,20,0.21076202392578125,False
999,16,21,0.20906329154968262,False
999,16,22,0.2095131203532219,False
999,16,23,0.208413228392601,False
999,16,24,0.21029170602560043,False
999,16,25,0.20993314683437347,False
999,16,26,0.20973291248083115,False
999,16,27,0.20831264555454254,False
999,16,28,0.20987261086702347,False
999,16,29,0.21002255380153656,False
999,16,30,0.2104528248310089,False
999,16,31,0.20857341587543488,False
999,16,32,0.20799320191144943,False
999,16,33,0.21525193005800247,False
999,16,34,0.21179299801588058,False
999,16,35,0.2084430307149887,False
999,16,36,0.20840298384428024,False
999,16,37,0.20765233784914017,False
999,16,38,0.21064281463623047,False
999,16,39,0.21047238260507584,False
999,16,40,0.20846351981163025,False
999,16,41,0.2076420933008194,False
999,16,42,0.20793266594409943,False
999,16,43,0.2092728391289711,False
999,16,44,0.21117273718118668,False
999,16,45,0.2084420993924141,False
999,16,46,0.20805280655622482,False
999,16,47,0.2083228901028633,False
999,16,48,0.20953267812728882,False
999,16,49,0.20959321409463882,False
999,32,0,0.24609360843896866,False
999,32,1,0.22030342370271683,False
999,32,2,0.21543260663747787,False
999,32,3,0.22246316075325012,False
999,32,4,0.2223234623670578,False
999,32,5,0.21329335868358612,False
999,32,6,0.21233223378658295,False
999,32,7,0.21316297352313995,False
999,32,8,0.21044351160526276,False
999,32,9,0.21079275757074356,False
999,32,10,0.2108430489897728,False
999,32,11,0.21126121282577515,False
999,32,12,0.21196343004703522,False
999,32,13,0.2108132466673851,False
999,32,14,0.2100430428981781,False
999,32,15,0.21050311625003815,False
999,32,16,0.21089240908622742,False
999,32,17,0.21206308156251907,False
999,32,18,0.21018274128437042,False
999,32,19,0.21003279834985733,False
999,32,20,0.21491199731826782,False
999,32,21,0.21324213594198227,False
999,32,22,0.21041277796030045,False
999,32,23,0.20905304700136185,False
999,32,24,0.20937155932188034,False
999,32,25,0.2112826332449913,False
999,32,26,0.21189264953136444,False
999,32,27,0.2125333994626999,False
999,32,28,0.2142433077096939,False
999,32,29,0.21038204431533813,False
999,32,30,0.2114325761795044,False
999,32,31,0.2130633220076561,False
999,32,32,0.2101929858326912,False
999,32,33,0.21002255380153656,False
999,32,34,0.20921137183904648,False
999,32,35,0.2108430489897728,False
999,32,36,0.21239276975393295,False
999,32,37,0.210663303732872,False
999,32,38,0.20913220942020416,False
999,32,39,0.20985305309295654,False
999,32,40,0.21094270050525665,False
999,32,41,0.21020323038101196,False
999,32,42,0.20978134125471115,False
999,32,43,0.20976271480321884,False
999,32,44,0.21188240498304367,False
999,32,45,0.2116728574037552,False
999,32,46,0.20987261086702347,False
999,32,47,0.20969193428754807,False
999,32,48,0.20914245396852493,False
999,32,49,0.216582790017128,False
999,64,0,0.2553928643465042,False
999,64,1,0.2278229221701622,False
999,64,2,0.22012367844581604,False
999,64,3,0.22680312395095825,False
999,64,4,0.21966267377138138,False
999,64,5,0.2179732546210289,False
999,64,6,0.21650362759828568,False
999,64,7,0.21707266569137573,False
999,64,8,0.21864287555217743,False
999,64,9,0.21667219698429108,False
999,64,10,0.2157529816031456,False
999,64,11,0.216042622923851,False
999,64,12,0.21727290004491806,False
999,64,13,0.21888315677642822,False
999,64,14,0.21648313850164413,False
999,64,15,0.21599233150482178,False
999,64,16,0.21822378039360046,False
999,64,17,0.2191830426454544,False
999,64,18,0.21656230092048645,False
999,64,19,0.21577347069978714,False
999,64,20,0.21586287766695023,False
999,64,21,0.21621305495500565,False
999,64,22,0.21807290613651276,False
999,64,23,0.2208426594734192,False
999,64,24,0.2217637374997139,False
999,64,25,0.22076256573200226,False
999,64,26,0.2180635929107666,False
999,64,27,0.21555274724960327,False
999,64,28,0.21597277373075485,False
999,64,29,0.21583307534456253,False
999,64,30,0.21630246192216873,False
999,64,31,0.2184733748435974,False
999,64,32,0.21610315889120102,False
999,64,33,0.21505355834960938,False
999,64,34,0.21603330969810486,False
999,64,35,0.21772272884845734,False
999,64,36,0.21819304674863815,False
999,64,37,0.2165529876947403,False
999,64,38,0.21558161824941635,False
999,64,39,0.21682307124137878,False
999,64,40,0.21814368665218353,False
999,64,41,0.21641328930854797,False
999,64,42,0.21559279412031174,False
999,64,43,0.21596252918243408,False
999,64,44,0.21680165082216263,False
999,64,45,0.2179732546210289,False
999,64,46,0.21586287766695023,False
999,64,47,0.21890364587306976,False
999,64,48,0.225813128054142,False
999,64,49,0.2194829285144806,False
999,100,0,0.24623330682516098,False
999,100,1,0.2276729792356491,False
999,100,2,0.22287294268608093,False
999,100,3,0.2204636111855507,False
999,100,4,0.2170223742723465,False
999,100,5,0.2165231853723526,False
999,100,6,0.2169320359826088,False
999,100,7,0.21748337894678116,False
999,100,8,0.21837279200553894,False
999,100,9,0.21633319556713104,False
999,100,10,0.2158433198928833,False
999,100,11,0.21659303456544876,False
999,100,12,0.2181725576519966,False
999,100,13,0.21571200340986252,False
999,100,14,0.2157231792807579,False
999,100,15,0.21617300808429718,False
999,100,16,0.21695252507925034,False
999,100,17,0.21816324442625046,False
999,100,18,0.21666288375854492,False
999,100,19,0.21868199110031128,False
999,100,20,0.22166315466165543,False
999,100,21,0.21976325660943985,False
999,100,22,0.21874252706766129,False
999,100,23,0.21551363170146942,False
999,100,24,0.21592341363430023,False
999,100,25,0.21721329540014267,False
999,100,26,0.2180933952331543,False
999,100,27,0.21578185260295868,False
999,100,28,0.21553318947553635,False
999,100,29,0.215163454413414,False
999,100,30,0.21695252507925034,False
999,100,31,0.2177031710743904,False
999,100,32,0.21550245583057404,False
999,100,33,0.2152416855096817,False
999,100,34,0.2170531079173088,False
999,100,35,0.21775253117084503,False
999,100,36,0.21595321595668793,False
999,100,37,0.21476298570632935,False
999,100,38,0.2153627574443817,False
999,100,39,0.21614227443933487,False
999,100,40,0.21763332188129425,False
999,100,41,0.21578185260295868,False
999,100,42,0.21849386394023895,False
999,100,43,0.22154301404953003,False
999,100,44,0.21831318736076355,False
999,100,45,0.21858327090740204,False
999,100,46,0.21592248231172562,False
999,100,47,0.2149529755115509,False
999,100,48,0.21564215421676636,False
999,100,49,0.21725334227085114,False
999,200,0,0.25190319865942,False
999,200,1,0.22546295076608658,False
999,200,2,0.22232253104448318,False
999,200,3,0.22144243121147156,False
999,200,4,0.2185329794883728,False
999,200,5,0.21727290004491806,False
999,200,6,0.22106245160102844,False
999,200,7,0.2206927165389061,False
999,200,8,0.21798256784677505,False
999,200,9,0.21698325872421265,False
999,200,10,0.21741259843111038,False
999,200,11,0.21793227642774582,False
999,200,12,0.21876301616430283,False
999,200,13,0.2171127125620842,False
999,200,14,0.21671317517757416,False
999,200,15,0.22360309958457947,False
999,200,16,0.22774282842874527,False
999,200,17,0.21857302635908127,False
999,200,18,0.21784286946058273,False
999,200,19,0.21739210933446884,False
999,200,20,0.21801330149173737,False
999,200,21,0.21890364587306976,False
999,200,22,0.21768268197774887,False
999,200,23,0.21685287356376648,False
999,200,24,0.21700281649827957,False
999,200,25,0.21807290613651276,False
999,200,26,0.21902285516262054,False
999,200,27,0.21697208285331726,False
999,200,28,0.21723192185163498,False
999,200,29,0.2177329733967781,False
999,200,30,0.21805241703987122,False
999,200,31,0.21689292043447495,False
999,200,32,0.2163732424378395,False
999,200,33,0.21594297140836716,False
999,200,34,0.21769199520349503,False
999,200,35,0.21814368665218353,False
999,200,36,0.21680258214473724,False
999,200,37,0.21641328930854797,False
999,200,38,0.21984241902828217,False
999,200,39,0.22815261036157608,False
999,200,40,0.21807290613651276,False
999,200,41,0.2169627696275711,False
999,200,42,0.2168836072087288,False
999,200,43,0.2186419442296028,False
999,200,44,0.21917279809713364,False
999,200,45,0.2163732424378395,False
999,200,46,0.21651387214660645,False
999,200,47,0.21686311811208725,False
999,200,48,0.2180030569434166,False
999,200,49,0.21879374980926514,False
999,400,0,0.254092738032341,False
999,400,1,0.22873282432556152,False
999,400,2,0.22523291409015656,False
999,400,3,0.22132322192192078,False
999,400,4,0.22065266966819763,False
999,400,5,0.2206629142165184,False
999,400,6,0.22712256759405136,False
999,400,7,0.22166315466165543,False
999,400,8,0.21970272064208984,False
999,400,9,0.21988339722156525,False
999,400,10,0.22757332772016525,False
999,400,11,0.22594258189201355,False
999,400,12,0.2202829346060753,False
999,400,13,0.2186531201004982,False
999,400,14,0.21866243332624435,False
999,400,15,0.22478215396404266,False
999,400,16,0.22100191563367844,False
999,400,17,0.2196226269006729,False
999,400,18,0.21956302225589752,False
999,400,19,0.21971296519041061,False
999,400,20,0.2212226390838623,False
999,400,21,0.2184426411986351,False
999,400,22,0.21831318736076355,False
999,400,23,0.21790340542793274,False
999,400,24,0.21969154477119446,False
999,400,25,0.22077374160289764,False
999,400,26,0.21894369274377823,False
999,400,27,0.21772272884845734,False
999,400,28,0.21943263709545135,False
999,400,29,0.22058282047510147,False
999,400,30,0.21881330758333206,False
999,400,31,0.2182135358452797,False
999,400,32,0.218123197555542,False
999,400,33,0.22982247173786163,False
999,400,34,0.2235928550362587,False
999,400,35,0.21957140415906906,False
999,400,36,0.21931249648332596,False
999,400,37,0.219833105802536,False
999,400,38,0.2207830548286438,False
999,400,39,0.21898280829191208,False
999,400,40,0.21950248628854752,False
999,400,41,0.21893251687288284,False
999,400,42,0.2202829346060753,False
999,400,43,0.22148247808218002,False
999,400,44,0.21896231919527054,False
999,400,45,0.21807197481393814,False
999,400,46,0.2205129712820053,False
999,400,47,0.21943263709545135,False
999,400,48,0.21866243332624435,False
999,400,49,0.21804310381412506,False
999,800,0,0.2588042989373207,False
999,800,1,0.23182295262813568,False
999,800,2,0.2267630770802498,False
999,800,3,0.22549275308847427,False
999,800,4,0.22932328283786774,False
999,800,5,0.2311132848262787,False
999,800,6,0.2254033461213112,False
999,800,7,0.22401288151741028,False
999,800,8,0.22606272250413895,False
999,800,9,0.22582244127988815,False
999,800,10,0.22375304251909256,False
999,800,11,0.22311322391033173,False
999,800,12,0.22311322391033173,False
999,800,13,0.22414326667785645,False
999,800,14,0.2252236008644104,False
999,800,15,0.2228226512670517,False
999,800,16,0.22336188703775406,False
999,800,17,0.22354349493980408,False
999,800,18,0.22556353360414505,False
999,800,19,0.22334326058626175,False
999,800,20,0.22302288562059402,False
999,800,21,0.22245384752750397,False
999,800,22,0.22399332374334335,False
999,800,23,0.22481288760900497,False
999,800,24,0.22348295897245407,False
999,800,25,0.2226121723651886,False
999,800,26,0.22881291806697845,False
999,800,27,0.22976286709308624,False
999,800,28,0.2241525799036026,False
999,800,29,0.22336281836032867,False
999,800,30,0.2229427918791771,False
999,800,31,0.23055262863636017,False
999,800,32,0.22478308528661728,False
999,800,33,0.22286269813776016,False
999,800,34,0.22346246987581253,False
999,800,35,0.22396352142095566,False
999,800,36,0.2249227836728096,False
999,800,37,0.2224314957857132,False
999,800,38,0.22287294268608093,False
999,800,39,0.22302288562059402,False
999,800,40,0.23040268570184708,False
999,800,41,0.22334232926368713,False
999,800,42,0.22181309759616852,False
999,800,43,0.22246316075325012,False
999,800,44,0.2238331362605095,False
999,800,45,0.2246033400297165,False
999,800,46,0.22275280207395554,False
999,800,47,0.2226429060101509,False
999,800,48,0.22703316062688828,False
999,800,49,0.22840313613414764,False
999,1600,0,0.26654358953237534,False
999,1600,1,0.24145375937223434,False
999,1600,2,0.2343626692891121,False
999,1600,3,0.2356627956032753,False
999,1600,4,0.24027284234762192,False
999,1600,5,0.23311376571655273,False
999,1600,6,0.23062247782945633,False
999,1600,7,0.22914353758096695,False
999,1600,8,0.2298029139637947,False
999,1600,9,0.23032259196043015,False
999,1600,10,0.23817364126443863,False
999,1600,11,0.2290625125169754,False
999,1600,12,0.22885296493768692,False
999,1600,13,0.229543074965477,False
999,1600,14,0.23173261433839798,False
999,1600,15,0.2291528508067131,False
999,1600,16,0.22837240248918533,False
999,1600,17,0.2296632155776024,False
999,1600,18,0.23435335606336594,False
999,1600,19,0.2343636006116867,False
999,1600,20,0.2292729914188385,False
999,1600,21,0.2274131402373314,False
999,1600,22,0.22896286100149155,False
999,1600,23,0.2301931381225586,False
999,1600,24,0.22893305867910385,False
999,1600,25,0.2279430627822876,False
999,1600,26,0.2297423779964447,False
999,1600,27,0.23046322166919708,False
999,1600,28,0.22876262664794922,False
999,1600,29,0.22808276116847992,False
999,1600,30,0.2342434599995613,False
999,1600,31,0.23138336837291718,False
999,1600,32,0.2369629219174385,False
999,1600,33,0.2278229221701622,False
999,1600,34,0.2284431830048561,False
999,1600,35,0.2293027937412262,False
999,1600,36,0.23124366998672485,False
999,1600,37,0.22841338068246841,False
999,1600,38,0.22892281413078308,False
999,1600,39,0.2289833500981331,False
999,1600,40,0.2331240102648735,False
999,1600,41,0.23367255926132202,False
999,1600,42,0.22961292415857315,False
999,1600,43,0.22999290376901627,False
999,1600,44,0.2311328426003456,False
999,1600,45,0.2280930057168007,False
999,1600,46,0.2285325899720192,False
999,1600,47,0.2285633236169815,False
999,1600,48,0.2294834703207016,False
999,1600,49,0.22982247173786163,False
999,3200,0,0.2817027270793915,False
999,3200,1,0.25642476975917816,False
999,3200,2,0.2502230927348137,False
999,3200,3,0.24618301540613174,False
999,3200,4,0.2453438937664032,False
999,3200,5,0.24258345365524292,False
999,3200,6,0.243503600358963,False
999,3200,7,0.24268310517072678,False
999,3200,8,0.24751387536525726,False
999,3200,9,0.2470826730132103,False
999,3200,10,0.24582352489233017,False
999,3200,11,0.24366285651922226,False
999,3200,12,0.2434132620692253,False
999,3200,13,0.24125445634126663,False
999,3200,14,0.24157296866178513,False
999,3200,15,0.24299323558807373,False
999,3200,16,0.24331267923116684,False
999,3200,17,0.240962952375412,False
999,3200,18,0.24941284209489822,False
999,3200,19,0.24276413023471832,False
999,3200,20,0.24398323148488998,False
999,3200,21,0.2422332763671875,False
999,3200,22,0.2450738102197647,False
999,3200,23,0.241854228079319,False
999,3200,24,0.24274270981550217,False
999,3200,25,0.24083256721496582,False
999,3200,26,0.24163257330656052,False
999,3200,27,0.2418728545308113,False
999,3200,28,0.2486240118741989,False
999,3200,29,0.24843309074640274,False
999,3200,30,0.24562329053878784,False
999,3200,31,0.2447729930281639,False
999,3200,32,0.2437429502606392,False
999,3200,33,0.24122372269630432,False
999,3200,34,0.24180300533771515,False
999,3200,35,0.2412525936961174,False
999,3200,36,0.2487730234861374,False
999,3200,37,0.24068262428045273,False
999,3200,38,0.24104490876197815,False
999,3200,39,0.23682322353124619,False
999,3200,40,0.23020338267087936,False
999,3200,41,0.22926367819309235,False
999,3200,42,0.22896379232406616,False
999,3200,43,0.23008324205875397,False
999,3200,44,0.22941362112760544,False
999,3200,45,0.22885296493768692,False
999,3200,46,0.22719241678714752,False
999,3200,47,0.22736284881830215,False
999,3200,48,0.22828299552202225,False
999,3200,49,0.22905319929122925,False
999,6400,0,0.2991640940308571,False
999,6400,1,0.2723224461078644,False
999,6400,2,0.2602236345410347,False
999,6400,3,0.25890301913022995,False
999,6400,4,0.25944411754608154,False
999,6400,5,0.25831256061792374,False
999,6400,6,0.2570236101746559,False
999,6400,7,0.2567637711763382,False
999,6400,8,0.2567935734987259,False
999,6400,9,0.27066469192504883,False
999,6400,10,0.2646036446094513,False
999,6400,11,0.2565337345004082,False
999,6400,12,0.2570543438196182,False
999,6400,13,0.25731325149536133,False
999,6400,14,0.2624746412038803,False
999,6400,15,0.2588927745819092,False
999,6400,16,0.25935471057891846,False
999,6400,17,0.2577938139438629,False
999,6400,18,0.25913305580616,False
999,6400,19,0.25592371821403503,False
999,6400,20,0.2571437507867813,False
999,6400,21,0.2572629600763321,False
999,6400,22,0.25541335344314575,False
999,6400,23,0.25594327598810196,False
999,6400,24,0.25559309870004654,False
999,6400,25,0.25630369782447815,False
999,6400,26,0.25506317615509033,False
999,6400,27,0.25349389761686325,False
999,6400,28,0.2635736018419266,False
999,6400,29,0.25651324540376663,False
999,6400,30,0.25506410747766495,False
999,6400,31,0.26077311486005783,False
999,6400,32,0.2557840198278427,False
999,6400,33,0.25787297636270523,False
999,6400,34,0.2651941031217575,False
999,6400,35,0.2606930211186409,False
999,6400,36,0.263323076069355,False
999,6400,37,0.2556638792157173,False
999,6400,38,0.25574304163455963,False
999,6400,39,0.25574304163455963,False
999,6400,40,0.2560345456004143,False
999,6400,41,0.254693441092968,False
999,6400,42,0.2552829682826996,False
999,6400,43,0.25533419102430344,False
999,6400,44,0.26029255241155624,False
999,6400,45,0.2529444172978401,False
999,6400,46,0.2543525770306587,False
999,6400,47,0.2651941031217575,False
999,6400,48,0.2548433840274811,False
999,6400,49,0.25485269725322723,False
999,10000,0,0.31639356166124344,False
999,10000,1,0.2964446321129799,False
999,10000,2,0.30047446489334106,False
999,10000,3,0.2877041697502136,False
999,10000,4,0.2794340252876282,False
999,10000,5,0.2792626619338989,False
999,10000,6,0.28091389685869217,False
999,10000,7,0.27837418019771576,False
999,10000,8,0.2814829349517822,False
999,10000,9,0.27952343225479126,False
999,10000,10,0.27869362384080887,False
999,10000,11,0.29011256992816925,False
999,10000,12,0.29453448951244354,False
999,10000,13,0.28157420456409454,False
999,10000,14,0.2841241657733917,False
999,10000,15,0.2838531509041786,False
999,10000,16,0.2852343022823334,False
999,10000,17,0.27746427804231644,False
999,10000,18,0.2816440537571907,False
999,10000,19,0.2781832590699196,False
999,10000,20,0.28553418815135956,False
999,10000,21,0.2806345000863075,False
999,10000,22,0.2766326069831848,False
999,10000,23,0.27698371559381485,False
999,10000,24,0.27745403349399567,False
999,10000,25,0.2756332978606224,False
999,10000,26,0.27520395815372467,False
999,10000,27,0.2820845693349838,False
999,10000,28,0.27538277208805084,False
999,10000,29,0.27447380125522614,False
999,10000,30,0.2759629860520363,False
999,10000,31,0.28727389872074127,False
999,10000,32,0.289183109998703,False
999,10000,33,0.2816542983055115,False
999,10000,34,0.33429358154535294,False
999,10000,35,0.3455355763435364,False
999,10000,36,0.3008740022778511,False
999,10000,37,0.2919137477874756,False
999,10000,38,0.28574373573064804,False
999,10000,39,0.28313416987657547,False
999,10000,40,0.2841940149664879,False
999,10000,41,0.28828438371419907,False
999,10000,42,0.2866433933377266,False
999,10000,43,0.2990439534187317,False
999,10000,44,0.30459463596343994,False
999,10000,45,0.2776132896542549,False
999,10000,46,0.28204359114170074,False
999,10000,47,0.2841241657733917,False
999,10000,48,0.2845730632543564,False
999,10000,49,0.28225407004356384,False
900,1,0,0.3414154052734375,False
900,1,1,0.19253231585025787,False
900,1,2,0.18266309052705765,False
900,1,3,0.17775222659111023,False
900,1,4,0.17659272998571396,False
900,1,5,0.17630308866500854,False
900,1,6,0.1760115846991539,False
900,1,7,0.17310213297605515,False
900,1,8,0.17210282385349274,False
900,1,9,0.1716921105980873,False
900,1,10,0.17227232456207275,False
900,1,11,0.1806030049920082,False
900,1,12,0.17286185175180435,False
900,1,13,0.1728823408484459,False
900,1,14,0.1712227240204811,False
900,1,15,0.17144251614809036,False
900,1,16,0.1730518415570259,False
900,1,17,0.17337221652269363,False
900,1,18,0.17159152776002884,False
900,1,19,0.17107278108596802,False
900,1,20,0.17114169895648956,False
900,1,21,0.17044134438037872,False
900,1,22,0.1721121370792389,False
900,1,23,0.17621275037527084,False
900,1,24,0.17901230603456497,False
900,1,25,0.17112214118242264,False
900,1,26,0.17082132399082184,False
900,1,27,0.1707533374428749,False
900,1,28,0.17452239990234375,False
900,1,29,0.17556175589561462,False
900,1,30,0.17170235514640808,False
900,1,31,0.17109233886003494,False
900,1,32,0.17452146857976913,False
900,1,33,0.17098337411880493,False
900,1,34,0.17333123832941055,False
900,1,35,0.1735212281346321,False
900,1,36,0.17111189663410187,False
900,1,37,0.17138291150331497,False
900,1,38,0.1745019108057022,False
900,1,39,0.18117204308509827,False
900,1,40,0.17502345144748688,False
900,1,41,0.1713419333100319,False
900,1,42,0.1705121248960495,False
900,1,43,0.170072540640831,False
900,1,44,0.1702532172203064,False
900,1,45,0.17132144421339035,False
900,1,46,0.17207209020853043,False
900,1,47,0.1745428889989853,False
900,1,48,0.17038360238075256,False
900,1,49,0.1703621819615364,False
900,2,0,0.20831357687711716,False
900,2,1,0.1849224790930748,False
900,2,2,0.17739273607730865,False
900,2,3,0.17447210848331451,False
900,2,4,0.173911452293396,False
900,2,5,0.17396267503499985,False
900,2,6,0.1756623387336731,False
900,2,7,0.1758318394422531,False
900,2,8,0.1736236736178398,False
900,2,9,0.17321202903985977,False
900,2,10,0.1824023202061653,False
900,2,11,0.17832312732934952,False
900,2,12,0.1759817823767662,False
900,2,13,0.1733517274260521,False
900,2,14,0.17264299094676971,False
900,2,15,0.1720823347568512,False
900,2,16,0.17241202294826508,False
900,2,17,0.1732921227812767,False
900,2,18,0.1743929460644722,False
900,2,19,0.17354171723127365,False
900,2,20,0.1714620739221573,False
900,2,21,0.1716911792755127,False
900,2,22,0.17192307859659195,False
900,2,23,0.17315149307250977,False
900,2,24,0.1745922490954399,False
900,2,25,0.1723533496260643,False
900,2,26,0.17278268933296204,False
900,2,27,0.17153192311525345,False
900,2,28,0.1721419394016266,False
900,2,29,0.17341319471597672,False
900,2,30,0.17422251403331757,False
900,2,31,0.1718718558549881,False
900,2,32,0.17576385289430618,False
900,2,33,0.17203204333782196,False
900,2,34,0.172322615981102,False
900,2,35,0.17860252410173416,False
900,2,36,0.17334334552288055,False
900,2,37,0.17204228788614273,False
900,2,38,0.17263181507587433,False
900,2,39,0.171721912920475,False
900,2,40,0.18526241183280945,False
900,2,41,0.18635205924510956,False
900,2,42,0.17490331083536148,False
900,2,43,0.17294194549322128,False
900,2,44,0.17310213297605515,False
900,2,45,0.17251167446374893,False
900,2,46,0.1735929399728775,False
900,2,47,0.17434172332286835,False
900,2,48,0.1722518354654312,False
900,2,49,0.1721130684018135,False
900,4,0,0.21204352378845215,False
900,4,1,0.1837620511651039,False
900,4,2,0.18434319645166397,False
900,4,3,0.1862514764070511,False
900,4,4,0.18017273396253586,False
900,4,5,0.18210150301456451,False
900,4,6,0.17795152962207794,False
900,4,7,0.17853360623121262,False
900,4,8,0.17585232853889465,False
900,4,9,0.17586257308721542,False
900,4,10,0.17567258328199387,False
900,4,11,0.17784256488084793,False
900,4,12,0.18159113824367523,False
900,4,13,0.1791529357433319,False
900,4,14,0.17708167433738708,False
900,4,15,0.17667189240455627,False
900,4,16,0.17678271979093552,False
900,4,17,0.1757219433784485,False
900,4,18,0.18263235688209534,False
900,4,19,0.1775631681084633,False
900,4,20,0.17600134015083313,False
900,4,21,0.17552170902490616,False
900,4,22,0.17493218183517456,False
900,4,23,0.1759817823767662,False
900,4,24,0.1776423305273056,False
900,4,25,0.17559248954057693,False
900,4,26,0.17503183335065842,False
900,4,27,0.1753922551870346,False
900,4,28,0.17515290528535843,False
900,4,29,0.17957203090190887,False
900,4,30,0.17734244465827942,False
900,4,31,0.1747719943523407,False
900,4,32,0.17544347792863846,False
900,4,33,0.1750420778989792,False
900,4,34,0.17516221851110458,False
900,4,35,0.1813126727938652,False
900,4,36,0.17591286450624466,False
900,4,37,0.17488282173871994,False
900,4,38,0.1782132312655449,False
900,4,39,0.17511192709207535,False
900,4,40,0.17546210438013077,False
900,4,41,0.17736293375492096,False
900,4,42,0.1751324161887169,False
900,4,43,0.1751519739627838,False
900,4,44,0.17534289509058,False
900,4,45,0.17455220222473145,False
900,4,46,0.17541181296110153,False
900,4,47,0.17686281353235245,False
900,4,48,0.17493218183517456,False
900,4,49,0.1750122755765915,False
900,8,0,0.20130258053541183,False
900,8,1,0.1867031678557396,False
900,8,2,0.18496252596378326,False
900,8,3,0.18121302127838135,False
900,8,4,0.17935223877429962,False
900,8,5,0.18025189638137817,False
900,8,6,0.1809028908610344,False
900,8,7,0.18324237316846848,False
900,8,8,0.18014200031757355,False
900,8,9,0.17968285828828812,False
900,8,10,0.17963163554668427,False
900,8,11,0.17989147454500198,False
900,8,12,0.18029287457466125,False
900,8,13,0.18104258924722672,False
900,8,14,0.1791827380657196,False
900,8,15,0.17940159887075424,False
900,8,16,0.17860159277915955,False
900,8,17,0.1814933493733406,False
900,8,18,0.180891714990139,False
900,8,19,0.17874222248792648,False
900,8,20,0.177701935172081,False
900,8,21,0.17893221229314804,False
900,8,22,0.17908308655023575,False
900,8,23,0.180012546479702,False
900,8,24,0.1808423548936844,False
900,8,25,0.1789722591638565,False
900,8,26,0.17822254449129105,False
900,8,27,0.17785187810659409,False
900,8,28,0.1777028664946556,False
900,8,29,0.18680188804864883,False
900,8,30,0.17886236310005188,False
900,8,31,0.17894338816404343,False
900,8,32,0.1789722591638565,False
900,8,33,0.17836224287748337,False
900,8,34,0.17935223877429962,False
900,8,35,0.18510222434997559,False
900,8,36,0.1804223284125328,False
900,8,37,0.17868168652057648,False
900,8,38,0.17832312732934952,False
900,8,39,0.17884187400341034,False
900,8,40,0.18005166202783585,False
900,8,41,0.18029287457466125,False
900,8,42,0.17828214913606644,False
900,8,43,0.17856154590845108,False
900,8,44,0.1782132312655449,False
900,8,45,0.17882231622934341,False
900,8,46,0.1805722713470459,False
900,8,47,0.1787133514881134,False
900,8,48,0.17878226935863495,False
900,8,49,0.1781117171049118,False
900,16,0,0.20419247448444366,False
900,16,1,0.19077304750680923,False
900,16,2,0.1834724098443985,False
900,16,3,0.1842426136136055,False
900,16,4,0.1855427399277687,False
900,16,5,0.18669292330741882,False
900,16,6,0.18395204097032547,False
900,16,7,0.18270127475261688,False
900,16,8,0.18163304775953293,False
900,16,9,0.18176250159740448,False
900,16,10,0.18627289682626724,False
900,16,11,0.18525216728448868,False
900,16,12,0.18301326781511307,False
900,16,13,0.1812214031815529,False
900,16,14,0.1814514398574829,False
900,16,15,0.18032267689704895,False
900,16,16,0.18237251788377762,False
900,16,17,0.18307380378246307,False
900,16,18,0.180722214281559,False
900,16,19,0.18052197992801666,False
900,16,20,0.18120277673006058,False
900,16,21,0.18026214092969894,False
900,16,22,0.18096156418323517,False
900,16,23,0.1826426014304161,False
900,16,24,0.18028169870376587,False
900,16,25,0.18026307225227356,False
900,16,26,0.17981138080358505,False
900,16,27,0.18485262989997864,False
900,16,28,0.18237251788377762,False
900,16,29,0.18052197992801666,False
900,16,30,0.1803925260901451,False
900,16,31,0.1804819330573082,False
900,16,32,0.1804819330573082,False
900,16,33,0.1814626157283783,False
900,16,34,0.18256157636642456,False
900,16,35,0.18179230391979218,False
900,16,36,0.1808125525712967,False
900,16,37,0.1807715743780136,False
900,16,38,0.1854933798313141,False
900,16,39,0.18315203487873077,False
900,16,40,0.18088240176439285,False
900,16,41,0.18037296831607819,False
900,16,42,0.18032267689704895,False
900,16,43,0.18038321286439896,False
900,16,44,0.181661918759346,False
900,16,45,0.18230173736810684,False
900,16,46,0.18136296421289444,False
900,16,47,0.1803617924451828,False
900,16,48,0.18052291125059128,False
900,16,49,0.1858919858932495,False
900,32,0,0.21203141659498215,False
900,32,1,0.18965359777212143,False
900,32,2,0.18596183508634567,False
900,32,3,0.18417276442050934,False
900,32,4,0.18507149070501328,False
900,32,5,0.18539279699325562,False
900,32,6,0.18369220197200775,False
900,32,7,0.1825522631406784,False
900,32,8,0.1826724037528038,False
900,32,9,0.18848199397325516,False
900,32,10,0.1850435510277748,False
900,32,11,0.18262211233377457,False
900,32,12,0.18244236707687378,False
900,32,13,0.18305331468582153,False
900,32,14,0.1827320083975792,False
900,32,15,0.1853732392191887,False
900,32,16,0.18482189625501633,False
900,32,17,0.18258299678564072,False
900,32,18,0.18482282757759094,False
900,32,19,0.1837918534874916,False
900,32,20,0.18396321684122086,False
900,32,21,0.18491223454475403,False
900,32,22,0.18299277871847153,False
900,32,23,0.1826426014304161,False
900,32,24,0.18269289284944534,False
900,32,25,0.18232222646474838,False
900,32,26,0.183742493391037,False
900,32,27,0.18464308232069016,False
900,32,28,0.18265191465616226,False
900,32,29,0.18521305173635483,False
900,32,30,0.18207170069217682,False
900,32,31,0.1834426075220108,False
900,32,32,0.185452401638031,False
900,32,33,0.18268171697854996,False
900,32,34,0.18239300698041916,False
900,32,35,0.182432122528553,False
900,32,36,0.18238183110952377,False
900,32,37,0.18345285207033157,False
900,32,38,0.189121812582016,False
900,32,39,0.18241256475448608,False
900,32,40,0.182432122528553,False
900,32,41,0.18292292952537537,False
900,32,42,0.18304120749235153,False
900,32,43,0.1843031495809555,False
900,32,44,0.18226169049739838,False
900,32,45,0.1817820593714714,False
900,32,46,0.18283259123563766,False
900,32,47,0.18228217959403992,False
900,32,48,0.18944311887025833,False
900,32,49,0.18312223255634308,False
900,64,0,0.2164924517273903,False
900,64,1,0.1948932185769081,False
900,64,2,0.201311893761158,False
900,64,3,0.1906026154756546,False
900,64,4,0.1881420612335205,False
900,64,5,0.18798280507326126,False
900,64,6,0.18766243010759354,False
900,64,7,0.18838327378034592,False
900,64,8,0.18994230777025223,False
900,64,9,0.18846243619918823,False
900,64,10,0.1871911808848381,False
900,64,11,0.18700305372476578,False
900,64,12,0.18700212240219116,False
900,64,13,0.19417237490415573,False
900,64,14,0.18878187984228134,False
900,64,15,0.18734298646450043,False
900,64,16,0.18662214279174805,False
900,64,17,0.18677301704883575,False
900,64,18,0.18759164959192276,False
900,64,19,0.18894299864768982,False
900,64,20,0.18701236695051193,False
900,64,21,0.18674321472644806,False
900,64,22,0.18674228340387344,False
900,64,23,0.18944218754768372,False
900,64,24,0.18937233835458755,False
900,64,25,0.1881122589111328,False
900,64,26,0.18693320453166962,False
900,64,27,0.18658209592103958,False
900,64,28,0.18620304763317108,False
900,64,29,0.19594188779592514,False
900,64,30,0.18948223441839218,False
900,64,31,0.18727220594882965,False
900,64,32,0.18701236695051193,False
900,64,33,0.18644239753484726,False
900,64,34,0.1879436895251274,False
900,64,35,0.18984172493219376,False
900,64,36,0.1866426318883896,False
900,64,37,0.18664170056581497,False
900,64,38,0.18645264208316803,False
900,64,39,0.18762238323688507,False
900,64,40,0.189242884516716,False
900,64,41,0.1871613785624504,False
900,64,42,0.1869434490799904,False
900,64,43,0.1866426318883896,False
900,64,44,0.18754228949546814,False
900,64,45,0.19402336329221725,False
900,64,46,0.1873224973678589,False
900,64,47,0.18636323511600494,False
900,64,48,0.1880219206213951,False
900,64,49,0.1866128295660019,False
900,100,0,0.21366309374570847,False
900,100,1,0.19481312483549118,False
900,100,2,0.1921122893691063,False
900,100,3,0.18919352442026138,False
900,100,4,0.19017327576875687,False
900,100,5,0.18999166786670685,False
900,100,6,0.19968301057815552,False
900,100,7,0.18775183707475662,False
900,100,8,0.18760282546281815,False
900,100,9,0.1926720142364502,False
900,100,10,0.19011273980140686,False
900,100,11,0.18747150897979736,False
900,100,12,0.1879725605249405,False
900,100,13,0.18787290900945663,False
900,100,14,0.18759258091449738,False
900,100,15,0.18825288861989975,False
900,100,16,0.18969271332025528,False
900,100,17,0.18764380365610123,False
900,100,18,0.1871725544333458,False
900,100,19,0.18703285604715347,False
900,100,20,0.18886197358369827,False
900,100,21,0.19168294966220856,False
900,100,22,0.1882016658782959,False
900,100,23,0.1879129558801651,False
900,100,24,0.18713250756263733,False
900,100,25,0.1884130761027336,False
900,100,26,0.18984265625476837,False
900,100,27,0.18784310668706894,False
900,100,28,0.18772203475236893,False
900,100,29,0.18694251775741577,False
900,100,30,0.18732156604528427,False
900,100,31,0.18808245658874512,False
900,100,32,0.18928200006484985,False
900,100,33,0.1874323934316635,False
900,100,34,0.18731225281953812,False
900,100,35,0.18728245049715042,False
900,100,36,0.18829293549060822,False
900,100,37,0.1886226236820221,False
900,100,38,0.18754322081804276,False
900,100,39,0.18722191452980042,False
900,100,40,0.1874323934316635,False
900,100,41,0.19136257469654083,False
900,100,42,0.18935278058052063,False
900,100,43,0.18714182078838348,False
900,100,44,0.1866621896624565,False
900,100,45,0.186811201274395,False
900,100,46,0.1867329701781273,False
900,100,47,0.19306130707263947,False
900,100,48,0.18890295177698135,False
900,100,49,0.1870822161436081,False
900,200,0,0.21086353808641434,False
900,200,1,0.19573234021663666,False
900,200,2,0.19361265003681183,False
900,200,3,0.19019190222024918,False
900,200,4,0.1896033063530922,False
900,200,5,0.18945243209600449,False
900,200,6,0.1915227621793747,False
900,200,7,0.1911316066980362,False
900,200,8,0.18888339400291443,False
900,200,9,0.1883525401353836,False
900,200,10,0.18876325339078903,False
900,200,11,0.1887315884232521,False
900,200,12,0.19588321447372437,False
900,200,13,0.18913205713033676,False
900,200,14,0.18804334104061127,False
900,200,15,0.18800143152475357,False
900,200,16,0.18710270524024963,False
900,200,17,0.1888824626803398,False
900,200,18,0.19020307809114456,False
900,200,19,0.1881122589111328,False
900,200,20,0.18802285194396973,False
900,200,21,0.18744170665740967,False
900,200,22,0.18872320652008057,False
900,200,23,0.19342172890901566,False
900,200,24,0.1880628988146782,False
900,200,25,0.1877620816230774,False
900,200,26,0.18786266446113586,False
900,200,27,0.18786173313856125,False
900,200,28,0.1894226297736168,False
900,200,29,0.18754135817289352,False
900,200,30,0.18740259110927582,False
900,200,31,0.18760189414024353,False
900,200,32,0.18753297626972198,False
900,200,33,0.18799211829900742,False
900,200,34,0.189242884516716,False
900,200,35,0.18748175352811813,False
900,200,36,0.18761307001113892,False
900,200,37,0.18742214888334274,False
900,200,38,0.18790364265441895,False
900,200,39,0.18940214067697525,False
900,200,40,0.18757209181785583,False
900,200,41,0.18778257071971893,False
900,200,42,0.18713250756263733,False
900,200,43,0.19056256860494614,False
900,200,44,0.18982216715812683,False
900,200,45,0.18765311688184738,False
900,200,46,0.18792226910591125,False
900,200,47,0.18739327788352966,False
900,200,48,0.18736161291599274,False
900,200,49,0.19355304539203644,False
900,400,0,0.2148626372218132,False
900,400,1,0.19707251340150833,False
900,400,2,0.1943213865160942,False
900,400,3,0.1932624727487564,False
900,400,4,0.19375234842300415,False
900,400,5,0.19216258078813553,False
900,400,6,0.19155163317918777,False
900,400,7,0.19067339599132538,False
900,400,8,0.19164197146892548,False
900,400,9,0.19221287220716476,False
900,400,10,0.19873306155204773,False
900,400,11,0.19013136625289917,False
900,400,12,0.18908362835645676,False
900,400,13,0.19095279276371002,False
900,400,14,0.1919930800795555,False
900,400,15,0.18996186554431915,False
900,400,16,0.1922324299812317,False
900,400,17,0.18922239542007446,False
900,400,18,0.19061286002397537,False
900,400,19,0.1921122893691063,False
900,400,20,0.18996279686689377,False
900,400,21,0.18970202654600143,False
900,400,22,0.1909630373120308,False
900,400,23,0.19007176160812378,False
900,400,24,0.19648298621177673,False
900,400,25,0.19029248505830765,False
900,400,26,0.18971320241689682,False
900,400,27,0.18878187984228134,False
900,400,28,0.19302312284708023,False
900,400,29,0.19062217324972153,False
900,400,30,0.1920834183692932,False
900,400,31,0.19032228738069534,False
900,400,32,0.18943287432193756,False
900,400,33,0.18958188593387604,False
900,400,34,0.19061286002397537,False
900,400,35,0.19196141511201859,False
900,400,36,0.19020307809114456,False
900,400,37,0.1909518614411354,False
900,400,38,0.19191298633813858,False
900,400,39,0.1914026215672493,False
900,400,40,0.1927930861711502,False
900,400,41,0.19044242799282074,False
900,400,42,0.19065290689468384,False
900,400,43,0.189892016351223,False
900,400,44,0.19620265811681747,False
900,400,45,0.19254162907600403,False
900,400,46,0.20397361367940903,False
900,400,47,0.18997304141521454,False
900,400,48,0.18973182886838913,False
900,400,49,0.1899832859635353,False
900,800,0,0.2209031954407692,False
900,800,1,0.20254310220479965,False
900,800,2,0.1978231593966484,False
900,800,3,0.19738171249628067,False
900,800,4,0.1977924257516861,False
900,800,5,0.19511207938194275,False
900,800,6,0.19478239119052887,False
900,800,7,0.19439216703176498,False
900,800,8,0.19576307386159897,False
900,800,9,0.19612349569797516,False
900,800,10,0.19476283341646194,False
900,800,11,0.20599272102117538,False
900,800,12,0.19402243196964264,False
900,800,13,0.19478239119052887,False
900,800,14,0.19669346511363983,False
900,800,15,0.19399169832468033,False
900,800,16,0.19416306167840958,False
900,800,17,0.19336119294166565,False
900,800,18,0.19873213022947311,False
900,800,19,0.19585154950618744,False
900,800,20,0.19534211605787277,False
900,800,21,0.19280333071947098,False
900,800,22,0.1940326765179634,False
900,800,23,0.19375234842300415,False
900,800,24,0.2033216878771782,False
900,800,25,0.1946333795785904,False
900,800,26,0.19390229135751724,False
900,800,27,0.19392278045415878,False
900,800,28,0.1943036913871765,False
900,800,29,0.19579194486141205,False
900,800,30,0.19548367708921432,False
900,800,31,0.19439123570919037,False
900,800,32,0.19373279064893723,False
900,800,33,0.19300170242786407,False
900,800,34,0.19457191228866577,False
900,800,35,0.1953132450580597,False
900,800,36,0.19384175539016724,False
900,800,37,0.19307248294353485,False
900,800,38,0.19316188991069794,False
900,800,39,0.19610300660133362,False
900,800,40,0.19991211593151093,False
900,800,41,0.1934124156832695,False
900,800,42,0.1927018165588379,False
900,800,43,0.19303243607282639,False
900,800,44,0.19618216902017593,False
900,800,45,0.1971917226910591,False
900,800,46,0.1932326704263687,False
900,800,47,0.1929318532347679,False
900,800,48,0.1934729516506195,False
900,800,49,0.19395258277654648,False
900,1600,0,0.2242131158709526,False
900,1600,1,0.21092314273118973,False
900,1600,2,0.20520295947790146,False
900,1600,3,0.20153168588876724,False
900,1600,4,0.20057335495948792,False
900,1600,5,0.2002529799938202,False
900,1600,6,0.20275171846151352,False
900,1600,7,0.20295288413763046,False
900,1600,8,0.20028185099363327,False
900,1600,9,0.20274240523576736,False
900,1600,10,0.2001030370593071,False
900,1600,11,0.200602225959301,False
900,1600,12,0.20204298198223114,False
900,1600,13,0.199953094124794,False
900,1600,14,0.19981246441602707,False
900,1600,15,0.20083319395780563,False
900,1600,16,0.20180270075798035,False
900,1600,17,0.20198244601488113,False
900,1600,18,0.2002529799938202,False
900,1600,19,0.19959360361099243,False
900,1600,20,0.20005181431770325,False
900,1600,21,0.20049232989549637,False
900,1600,22,0.201432965695858,False
900,1600,23,0.19981153309345245,False
900,1600,24,0.1999828964471817,False
900,1600,25,0.1991521567106247,False
900,1600,26,0.20299293100833893,False
900,1600,27,0.2010725438594818,False
900,1600,28,0.19991211593151093,False
900,1600,29,0.19894354045391083,False
900,1600,30,0.20044296979904175,False
900,1600,31,0.20009279251098633,False
900,1600,32,0.2013426274061203,False
900,1600,33,0.2000723034143448,False
900,1600,34,0.19908323884010315,False
900,1600,35,0.20120292901992798,False
900,1600,36,0.20962301641702652,False
900,1600,37,0.2018427476286888,False
900,1600,38,0.2005128189921379,False
900,1600,39,0.199013389647007,False
900,1600,40,0.20010210573673248,False
900,1600,41,0.20003318786621094,False
900,1600,42,0.2015223726630211,False
900,1600,43,0.19984319806098938,False
900,1600,44,0.19967276602983475,False
900,1600,45,0.1987917348742485,False
900,1600,46,0.2011433243751526,False
900,1600,47,0.20126346498727798,False
900,1600,48,0.19993167370557785,False
900,1600,49,0.19861292093992233,False
900,3200,0,0.23976247757673264,False
900,3200,1,0.22033322602510452,False
900,3200,2,0.21961331367492676,False
900,3200,3,0.2157837152481079,False
900,3200,4,0.21408218890428543,False
900,3200,5,0.2137729898095131,False
900,3200,6,0.21387264132499695,False
900,3200,7,0.21468289196491241,False
900,3200,8,0.21230336278676987,False
900,3200,9,0.2112528309226036,False
900,3200,10,0.2124020829796791,False
900,3200,11,0.21343212574720383,False
900,3200,12,0.21392293274402618,False
900,3200,13,0.2116924151778221,False
900,3200,14,0.21197181195020676,False
900,3200,15,0.21186284720897675,False
900,3200,16,0.21701306104660034,False
900,3200,17,0.21452270448207855,False
900,3200,18,0.2118833363056183,False
900,3200,19,0.21390244364738464,False
900,3200,20,0.2203434705734253,False
900,3200,21,0.21808315068483353,False
900,3200,22,0.21256227046251297,False
900,3200,23,0.21089334040880203,False
900,3200,24,0.2105431631207466,False
900,3200,25,0.21228287369012833,False
900,3200,26,0.21425168961286545,False
900,3200,27,0.21104328334331512,False
900,3200,28,0.2112230286002159,False
900,3200,29,0.21145306527614594,False
900,3200,30,0.22000353783369064,False
900,3200,31,0.21447241306304932,False
900,3200,32,0.21115224808454514,False
900,3200,33,0.21038297563791275,False
900,3200,34,0.21177250891923904,False
900,3200,35,0.21260138601064682,False
900,3200,36,0.21118298172950745,False
900,3200,37,0.21103303879499435,False
900,3200,38,0.21118298172950745,False
900,3200,39,0.21088309586048126,False
900,3200,40,0.21297205239534378,False
900,3200,41,0.21068286150693893,False
900,3200,42,0.2105236053466797,False
900,3200,43,0.21047238260507584,False
900,3200,44,0.21189264953136444,False
900,3200,45,0.21244212985038757,False
900,3200,46,0.21118298172950745,False
900,3200,47,0.21089334040880203,False
900,3200,48,0.21154340356588364,False
900,3200,49,0.21777302026748657,False
900,6400,0,0.26509445160627365,False
900,6400,1,0.2489537000656128,False
900,6400,2,0.2512233331799507,False
900,6400,3,0.24270452558994293,False
900,6400,4,0.24511292576789856,False
900,6400,5,0.24069380015134811,False
900,6400,6,0.24139322340488434,False
900,6400,7,0.2415236085653305,False
900,6400,8,0.24055317044258118,False
900,6400,9,0.2439534291625023,False
900,6400,10,0.24170242249965668,False
900,6400,11,0.2413727343082428,False
900,6400,12,0.24006329476833344,False
900,6400,13,0.2452237531542778,False
900,6400,14,0.24147238582372665,False
900,6400,15,0.2412833273410797,False
900,6400,16,0.2392129972577095,False
900,6400,17,0.23931264877319336,False
900,6400,18,0.2389233559370041,False
900,6400,19,0.2401033416390419,False
900,6400,20,0.23938342928886414,False
900,6400,21,0.23926328867673874,False
900,6400,22,0.2453131601214409,False
900,6400,23,0.240253284573555,False
900,6400,24,0.23957248777151108,False
900,6400,25,0.23909378796815872,False
900,6400,26,0.23733265697956085,False
900,6400,27,0.24684332311153412,False
900,6400,28,0.24017319083213806,False
900,6400,29,0.2384129911661148,False
900,6400,30,0.2389121800661087,False
900,6400,31,0.24096481502056122,False
900,6400,32,0.24052336812019348,False
900,6400,33,0.2390928566455841,False
900,6400,34,0.23793242871761322,False
900,6400,35,0.24048332124948502,False
900,6400,36,0.24103373289108276,False
900,6400,37,0.23893360048532486,False
900,6400,38,0.23798272013664246,False
900,6400,39,0.24854298681020737,False
900,6400,40,0.25169365108013153,False
900,6400,41,0.23858249187469482,False
900,6400,42,0.23995433002710342,False
900,6400,43,0.2385322004556656,False
900,6400,44,0.24023372679948807,False
900,6400,45,0.2417825162410736,False
900,6400,46,0.2437923103570938,False
900,6400,47,0.24018343538045883,False
900,6400,48,0.2400428056716919,False
900,6400,49,0.23856479674577713,False
900,10000,0,0.3000237047672272,False
900,10000,1,0.2768542617559433,False
900,10000,2,0.27787405997514725,False
900,10000,3,0.273263081908226,False
900,10000,4,0.27290452271699905,False
900,10000,5,0.2706637606024742,False
900,10000,6,0.2720840275287628,False
900,10000,7,0.2702530473470688,False
900,10000,8,0.27009379118680954,False
900,10000,9,0.27509406208992004,False
900,10000,10,0.2708137035369873,False
900,10000,11,0.26955362409353256,False
900,10000,12,0.2944832667708397,False
900,10000,13,0.27719326317310333,False
900,10000,14,0.28162356466054916,False
900,10000,15,0.2705138176679611,False
900,10000,16,0.2697231248021126,False
900,10000,17,0.27181394398212433,False
900,10000,18,0.270782969892025,False
900,10000,19,0.2690637484192848,False
900,10000,20,0.27032289654016495,False
900,10000,21,0.2728337422013283,False
900,10000,22,0.2736346796154976,False
900,10000,23,0.26872288435697556,False
900,10000,24,0.2693040296435356,False
900,10000,25,0.27132313698530197,False
900,10000,26,0.27053337544202805,False
900,10000,27,0.27106236666440964,False
900,10000,28,0.27264468371868134,False
900,10000,29,0.271492637693882,False
900,10000,30,0.2680746838450432,False
900,10000,31,0.2666134387254715,False
900,10000,32,0.2728244289755821,False
900,10000,33,0.26870425790548325,False
900,10000,34,0.27662236243486404,False
900,10000,35,0.2759145572781563,False
900,10000,36,0.27526356279850006,False
900,10000,37,0.2685142681002617,False
900,10000,38,0.26926398277282715,False
900,10000,39,0.26910286396741867,False
900,10000,40,0.2719340845942497,False
900,10000,41,0.2707522362470627,False
900,10000,42,0.26811379939317703,False
900,10000,43,0.2702828496694565,False
900,10000,44,0.27749408036470413,False
900,10000,45,0.269363634288311,False
900,10000,46,0.2768728882074356,False
900,10000,47,0.2707242965698242,False
900,10000,48,0.2696933224797249,False
900,10000,49,0.2699941396713257,False
801,1,0,0.3141239285469055,False
801,1,1,0.1801028847694397,False
801,1,2,0.16787182539701462,False
801,1,3,0.1635625958442688,False
801,1,4,0.1609213650226593,False
801,1,5,0.16159191727638245,False
801,1,6,0.1623118296265602,False
801,1,7,0.16019307076931,False
801,1,8,0.1590922474861145,False
801,1,9,0.1591220498085022,False
801,1,10,0.16181264072656631,False
801,1,11,0.16384199261665344,False
801,1,12,0.16216188669204712,False
801,1,13,0.16448181122541428,False
801,1,14,0.15893206000328064,False
801,1,15,0.15831273049116135,False
801,1,16,0.15710201114416122,False
801,1,17,0.1573832705616951,False
801,1,18,0.1598019152879715,False
801,1,19,0.15981215983629227,False
801,1,20,0.15718210488557816,False
801,1,21,0.1570219174027443,False
801,1,22,0.15676207840442657,False
801,1,23,0.15654228627681732,False
801,1,24,0.1577921211719513,False
801,1,25,0.15873275697231293,False
801,1,26,0.15772134065628052,False
801,1,27,0.15661213546991348,False
801,1,28,0.15686266124248505,False
801,1,29,0.16019213944673538,False
801,1,30,0.15792250633239746,False
801,1,31,0.15857256948947906,False
801,1,32,0.16135256737470627,False
801,1,33,0.15626195818185806,False
801,1,34,0.15644263476133347,False
801,1,35,0.15657208859920502,False
801,1,36,0.1569613814353943,False
801,1,37,0.15837140381336212,False
801,1,38,0.15931203961372375,False
801,1,39,0.15721283853054047,False
801,1,40,0.15629176050424576,False
801,1,41,0.15652179718017578,False
801,1,42,0.15641190111637115,False
801,1,43,0.15706289559602737,False
801,1,44,0.1584719866514206,False
801,1,45,0.16340240836143494,False
801,1,46,0.15602167695760727,False
801,1,47,0.15582144260406494,False
801,1,48,0.15655159950256348,False
801,1,49,0.15763193368911743,False
801,2,0,0.19157212227582932,False
801,2,1,0.1697726547718048,False
801,2,2,0.16271322965621948,False
801,2,3,0.16012229025363922,False
801,2,4,0.15976186841726303,False
801,2,5,0.16635190695524216,False
801,2,6,0.16085151582956314,False
801,2,7,0.1625819131731987,False
801,2,8,0.15913136303424835,False
801,2,9,0.15881191939115524,False
801,2,10,0.15875231474637985,False
801,2,11,0.16343314200639725,False
801,2,12,0.1604817807674408,False
801,2,13,0.15860237181186676,False
801,2,14,0.15848223119974136,False
801,2,15,0.1600421965122223,False
801,2,16,0.15856139361858368,False
801,2,17,0.15870202332735062,False
801,2,18,0.1632915809750557,False
801,2,19,0.15785172581672668,False
801,2,20,0.15734229236841202,False
801,2,21,0.15843287110328674,False
801,2,22,0.15821214765310287,False
801,2,23,0.15979167073965073,False
801,2,24,0.15967246145009995,False
801,2,25,0.15771202743053436,False
801,2,26,0.16336236149072647,False
801,2,27,0.165511853992939,False
801,2,28,0.1580324023962021,False
801,2,29,0.15768222510814667,False
801,2,30,0.16520265489816666,False
801,2,31,0.16015209257602692,False
801,2,32,0.15875231474637985,False
801,2,33,0.15802215784788132,False
801,2,34,0.1582317054271698,False
801,2,35,0.15730224549770355,False
801,2,36,0.1597125083208084,False
801,2,37,0.15967153012752533,False
801,2,38,0.15800166875123978,False
801,2,39,0.15689153224229813,False
801,2,40,0.15707314014434814,False
801,2,41,0.15706196427345276,False
801,2,42,0.1583220437169075,False
801,2,43,0.16011204570531845,False
801,2,44,0.15824288129806519,False
801,2,45,0.1574018970131874,False
801,2,46,0.1578712835907936,False
801,2,47,0.15710201114416122,False
801,2,48,0.1588519662618637,False
801,2,49,0.16516167670488358,False
801,4,0,0.18717162311077118,False
801,4,1,0.1679016277194023,False
801,4,2,0.16437284648418427,False
801,4,3,0.16242265701293945,False
801,4,4,0.1630326732993126,False
801,4,5,0.16389228403568268,False
801,4,6,0.16361195594072342,False
801,4,7,0.16884226351976395,False
801,4,8,0.16089249402284622,False
801,4,9,0.16059260815382004,False
801,4,10,0.16242172569036484,False
801,4,11,0.16364175826311111,False
801,4,12,0.1612519845366478,False
801,4,13,0.1608124002814293,False
801,4,14,0.16108155250549316,False
801,4,15,0.16052182763814926,False
801,4,16,0.16112346202135086,False
801,4,17,0.16266200691461563,False
801,4,18,0.16170181334018707,False
801,4,19,0.1618117094039917,False
801,4,20,0.16083195805549622,False
801,4,21,0.16022194176912308,False
801,4,22,0.16118213534355164,False
801,4,23,0.1669926568865776,False
801,4,24,0.16105268150568008,False
801,4,25,0.1602526754140854,False
801,4,26,0.16090180724859238,False
801,4,27,0.1603616401553154,False
801,4,28,0.16192160546779633,False
801,4,29,0.16248226165771484,False
801,4,30,0.16115233302116394,False
801,4,31,0.16022194176912308,False
801,4,32,0.16013160347938538,False
801,4,33,0.16076304018497467,False
801,4,34,0.16019213944673538,False
801,4,35,0.1648617908358574,False
801,4,36,0.16603246331214905,False
801,4,37,0.1609819009900093,False
801,4,38,0.16534235328435898,False
801,4,39,0.16027316451072693,False
801,4,40,0.16008224338293076,False
801,4,41,0.16179215162992477,False
801,4,42,0.1627327874302864,False
801,4,43,0.1607714220881462,False
801,4,44,0.16040168702602386,False
801,4,45,0.1602722331881523,False
801,4,46,0.15972182154655457,False
801,4,47,0.16176141798496246,False
801,4,48,0.1622634008526802,False
801,4,49,0.1601818948984146,False
801,8,0,0.18524285405874252,False
801,8,1,0.17089210450649261,False
801,8,2,0.16750209033489227,False
801,8,3,0.16653165221214294,False
801,8,4,0.16390159726142883,False
801,8,5,0.1634722575545311,False
801,8,6,0.16316305845975876,False
801,8,7,0.16392208635807037,False
801,8,8,0.1643020659685135,False
801,8,9,0.1657223328948021,False
801,8,10,0.16354210674762726,False
801,8,11,0.1660119742155075,False
801,8,12,0.16360357403755188,False
801,8,13,0.1634722575545311,False
801,8,14,0.1645619049668312,False
801,8,15,0.1666015014052391,False
801,8,16,0.16355235129594803,False
801,8,17,0.16364268958568573,False
801,8,18,0.1639416441321373,False
801,8,19,0.1645321026444435,False
801,8,20,0.1673419028520584,False
801,8,21,0.1661023125052452,False
801,8,22,0.1700911670923233,False
801,8,23,0.1635933294892311,False
801,8,24,0.16300193965435028,False
801,8,25,0.1624319702386856,False
801,8,26,0.16972236335277557,False
801,8,27,0.16639195382595062,False
801,8,28,0.16381219029426575,False
801,8,29,0.16326270997524261,False
801,8,30,0.16288179904222488,False
801,8,31,0.1630326732993126,False
801,8,32,0.1673419028520584,False
801,8,33,0.16990210860967636,False
801,8,34,0.16455166041851044,False
801,8,35,0.1619923859834671,False
801,8,36,0.16286224126815796,False
801,8,37,0.1626722514629364,False
801,8,38,0.1627318561077118,False
801,8,39,0.1650424674153328,False
801,8,40,0.16538240015506744,False
801,8,41,0.16299262642860413,False
801,8,42,0.16297213733196259,False
801,8,43,0.16256235539913177,False
801,8,44,0.1632021740078926,False
801,8,45,0.1636827364563942,False
801,8,46,0.16494188457727432,False
801,8,47,0.16288179904222488,False
801,8,48,0.16333255916833878,False
801,8,49,0.1620817929506302,False
801,16,0,0.187811441719532,False
801,16,1,0.17538387328386307,False
801,16,2,0.1677321270108223,False
801,16,3,0.16723200678825378,False
801,16,4,0.1671425998210907,False
801,16,5,0.16619358211755753,False
801,16,6,0.16742199659347534,False
801,16,7,0.16982201486825943,False
801,16,8,0.1660417765378952,False
801,16,9,0.16580242663621902,False
801,16,10,0.16544293612241745,False
801,16,11,0.16540195792913437,False
801,16,12,0.16612187027931213,False
801,16,13,0.16981270164251328,False
801,16,14,0.16571208834648132,False
801,16,15,0.1652231439948082,False
801,16,16,0.1654820516705513,False
801,16,17,0.16553141176700592,False
801,16,18,0.1673828810453415,False
801,16,19,0.16789138317108154,False
801,16,20,0.16635283827781677,False
801,16,21,0.16953237354755402,False
801,16,22,0.16579218208789825,False
801,16,23,0.16630161553621292,False
801,16,24,0.1672813668847084,False
801,16,25,0.17005298286676407,False
801,16,26,0.1657521352171898,False
801,16,27,0.16864202916622162,False
801,16,28,0.16949232667684555,False
801,16,29,0.16585178673267365,False
801,16,30,0.16891304403543472,False
801,16,31,0.16818195581436157,False
801,16,32,0.16606226563453674,False
801,16,33,0.1659821718931198,False
801,16,34,0.16591139137744904,False
801,16,35,0.16486365348100662,False
801,16,36,0.1673419028520584,False
801,16,37,0.16776192933321,False
801,16,38,0.1659328117966652,False
801,16,39,0.16499124467372894,False
801,16,40,0.16548298299312592,False
801,16,41,0.16587227582931519,False
801,16,42,0.17041154205799103,False
801,16,43,0.16803201287984848,False
801,16,44,0.16633141785860062,False
801,16,45,0.16725342720746994,False
801,16,46,0.1657716929912567,False
801,16,47,0.1653619110584259,False
801,16,48,0.169471837580204,False
801,16,49,0.16834214329719543,False
801,32,0,0.18973182886838913,False
801,32,1,0.17509236931800842,False
801,32,2,0.1708725467324257,False
801,32,3,0.17106160521507263,False
801,32,4,0.17384160310029984,False
801,32,5,0.16896333545446396,False
801,32,6,0.16837287694215775,False
801,32,7,0.16847159713506699,False
801,32,8,0.16812141984701157,False
801,32,9,0.16934331506490707,False
801,32,10,0.1703323796391487,False
801,32,11,0.16868207603693008,False
801,32,12,0.16822200268507004,False
801,32,13,0.16772188246250153,False
801,32,14,0.16731303185224533,False
801,32,15,0.16972236335277557,False
801,32,16,0.17065182328224182,False
801,32,17,0.1684417948126793,False
801,32,18,0.16769208014011383,False
801,32,19,0.16739312559366226,False
801,32,20,0.16724132001399994,False
801,32,21,0.16902200877666473,False
801,32,22,0.1703612506389618,False
801,32,23,0.16771256923675537,False
801,32,24,0.16753282397985458,False
801,32,25,0.1673419028520584,False
801,32,26,0.16692187637090683,False
801,32,27,0.16867183148860931,False
801,32,28,0.16941316425800323,False
801,32,29,0.16760267317295074,False
801,32,30,0.16735214740037918,False
801,32,31,0.17481204122304916,False
801,32,32,0.16763247549533844,False
801,32,33,0.17525162547826767,False
801,32,34,0.1689726486802101,False
801,32,35,0.16877148300409317,False
801,32,36,0.17641298472881317,False
801,32,37,0.1714928075671196,False
801,32,38,0.1733517274260521,False
801,32,39,0.17014238983392715,False
801,32,40,0.16798265278339386,False
801,32,41,0.1669619232416153,False
801,32,42,0.16682129353284836,False
801,32,43,0.1674322411417961,False
801,32,44,0.1681121066212654,False
801,32,45,0.16941316425800323,False
801,32,46,0.1674322411417961,False
801,32,47,0.1677917316555977,False
801,32,48,0.1673717051744461,False
801,32,49,0.1674015074968338,False
801,64,0,0.20057335495948792,False
801,64,1,0.17867237329483032,False
801,64,2,0.1750420778989792,False
801,64,3,0.17340295016765594,False
801,64,4,0.17499178647994995,False
801,64,5,0.17430167645215988,False
801,64,6,0.1751324161887169,False
801,64,7,0.17186161130666733,False
801,64,8,0.1719025894999504,False
801,64,9,0.17157196998596191,False
801,64,10,0.17633289098739624,False
801,64,11,0.17528235912322998,False
801,64,12,0.17399247735738754,False
801,64,13,0.17111189663410187,False
801,64,14,0.17141271382570267,False
801,64,15,0.1713121309876442,False
801,64,16,0.17152167856693268,False
801,64,17,0.17236173152923584,False
801,64,18,0.17325300723314285,False
801,64,19,0.1719621941447258,False
801,64,20,0.17138198018074036,False
801,64,21,0.1718122512102127,False
801,64,22,0.1722630113363266,False
801,64,23,0.18047168850898743,False
801,64,24,0.17251167446374893,False
801,64,25,0.17132330685853958,False
801,64,26,0.17133168876171112,False
801,64,27,0.17064157873392105,False
801,64,28,0.17332378774881363,False
801,64,29,0.1760721206665039,False
801,64,30,0.17159152776002884,False
801,64,31,0.170782208442688,False
801,64,32,0.17088279128074646,False
801,64,33,0.1711621880531311,False
801,64,34,0.172322615981102,False
801,64,35,0.17363205552101135,False
801,64,36,0.17136335372924805,False
801,64,37,0.1712515950202942,False
801,64,38,0.17135217785835266,False
801,64,39,0.17079152166843414,False
801,64,40,0.17215311527252197,False
801,64,41,0.17327163368463516,False
801,64,42,0.17094146460294724,False
801,64,43,0.17085205763578415,False
801,64,44,0.1707524061203003,False
801,64,45,0.17076171934604645,False
801,64,46,0.17179269343614578,False
801,64,47,0.1728413626551628,False
801,64,48,0.17118267714977264,False
801,64,49,0.1707226037979126,False
801,100,0,0.19418168812990189,False
801,100,1,0.17961300909519196,False
801,100,2,0.17704162746667862,False
801,100,3,0.1734718680381775,False
801,100,4,0.17278175801038742,False
801,100,5,0.17245300114154816,False
801,100,6,0.1776423305273056,False
801,100,7,0.17545185983181,False
801,100,8,0.172322615981102,False
801,100,9,0.17159245908260345,False
801,100,10,0.17156172543764114,False
801,100,11,0.17136242240667343,False
801,100,12,0.17331261187791824,False
801,100,13,0.1740017905831337,False
801,100,14,0.17203204333782196,False
801,100,15,0.1714024692773819,False
801,100,16,0.1714034005999565,False
801,100,17,0.17176195979118347,False
801,100,18,0.1734718680381775,False
801,100,19,0.1729726791381836,False
801,100,20,0.17180293798446655,False
801,100,21,0.17161201685667038,False
801,100,22,0.17124228179454803,False
801,100,23,0.17139315605163574,False
801,100,24,0.17295219004154205,False
801,100,25,0.17606187611818314,False
801,100,26,0.17200130969285965,False
801,100,27,0.17136242240667343,False
801,100,28,0.17378199845552444,False
801,100,29,0.17067231237888336,False
801,100,30,0.17727352678775787,False
801,100,31,0.17259176820516586,False
801,100,32,0.17121154814958572,False
801,100,33,0.17074216157197952,False
801,100,34,0.17103273421525955,False
801,100,35,0.17488189041614532,False
801,100,36,0.17339177429676056,False
801,100,37,0.17173215746879578,False
801,100,38,0.17098337411880493,False
801,100,39,0.1709219068288803,False
801,100,40,0.17121154814958572,False
801,100,41,0.1734727993607521,False
801,100,42,0.1733219251036644,False
801,100,43,0.17191283404827118,False
801,100,44,0.17073191702365875,False
801,100,45,0.17048325389623642,False
801,100,46,0.1711919903755188,False
801,100,47,0.17185229808092117,False
801,100,48,0.17377175390720367,False
801,100,49,0.17165299504995346,False
801,200,0,0.1989230513572693,False
801,200,1,0.18164142966270447,False
801,200,2,0.17712265253067017,False
801,200,3,0.1764325425028801,False
801,200,4,0.1748017966747284,False
801,200,5,0.17366278916597366,False
801,200,6,0.1732921227812767,False
801,200,7,0.17893221229314804,False
801,200,8,0.17663277685642242,False
801,200,9,0.17349142581224442,False
801,200,10,0.17244182527065277,False
801,200,11,0.17189327627420425,False
801,200,12,0.1725219190120697,False
801,200,13,0.17345231026411057,False
801,200,14,0.17544161528348923,False
801,200,15,0.1729428768157959,False
801,200,16,0.17248187214136124,False
801,200,17,0.17297174781560898,False
801,200,18,0.17304252833127975,False
801,200,19,0.17371214926242828,False
801,200,20,0.17501134425401688,False
801,200,21,0.17245113849639893,False
801,200,22,0.17192307859659195,False
801,200,23,0.1728525385260582,False
801,200,24,0.17241202294826508,False
801,200,25,0.17316173762083054,False
801,200,26,0.17554312944412231,False
801,200,27,0.17331168055534363,False
801,200,28,0.1728227362036705,False
801,200,29,0.17177313566207886,False
801,200,30,0.17667189240455627,False
801,200,31,0.17463229596614838,False
801,200,32,0.1730024814605713,False
801,200,33,0.17256289720535278,False
801,200,34,0.17210189253091812,False
801,200,35,0.1716315746307373,False
801,200,36,0.17367303371429443,False
801,200,37,0.17556268721818924,False
801,200,38,0.1721726730465889,False
801,200,39,0.1722518354654312,False
801,200,40,0.17209257930517197,False
801,200,41,0.17210189253091812,False
801,200,42,0.1725815236568451,False
801,200,43,0.18085353076457977,False
801,200,44,0.17224159091711044,False
801,200,45,0.17205160111188889,False
801,200,46,0.171552412211895,False
801,200,47,0.17144251614809036,False
801,200,48,0.17302203923463821,False
801,200,49,0.1740921288728714,False
801,400,0,0.19946228712797165,False
801,400,1,0.1829126849770546,False
801,400,2,0.18031150102615356,False
801,400,3,0.18049217760562897,False
801,400,4,0.17631333321332932,False
801,400,5,0.17499271780252457,False
801,400,6,0.17657224088907242,False
801,400,7,0.17574336379766464,False
801,400,8,0.17732195556163788,False
801,400,9,0.1783221960067749,False
801,400,10,0.179242342710495,False
801,400,11,0.1744115725159645,False
801,400,12,0.17520226538181305,False
801,400,13,0.17583277076482773,False
801,400,14,0.18381141126155853,False
801,400,15,0.17525162547826767,False
801,400,16,0.17512310296297073,False
801,400,17,0.17440132796764374,False
801,400,18,0.1751519739627838,False
801,400,19,0.17520226538181305,False
801,400,20,0.177701935172081,False
801,400,21,0.17940159887075424,False
801,400,22,0.17494242638349533,False
801,400,23,0.17479155212640762,False
801,400,24,0.17503183335065842,False
801,400,25,0.17564184963703156,False
801,400,26,0.1767035573720932,False
801,400,27,0.17478130757808685,False
801,400,28,0.17478223890066147,False
801,400,29,0.17488375306129456,False
801,400,30,0.17508212476968765,False
801,400,31,0.1826426014304161,False
801,400,32,0.17528142780065536,False
801,400,33,0.17464254051446915,False
801,400,34,0.1744115725159645,False
801,400,35,0.1737726852297783,False
801,400,36,0.1752721145749092,False
801,400,37,0.17701182514429092,False
801,400,38,0.17459318041801453,False
801,400,39,0.1780819147825241,False
801,400,40,0.1748315989971161,False
801,400,41,0.17527304589748383,False
801,400,42,0.17545185983181,False
801,400,43,0.18055178225040436,False
801,400,44,0.1865830272436142,False
801,400,45,0.17420202493667603,False
801,400,46,0.17449166625738144,False
801,400,47,0.17940346151590347,False
801,400,48,0.1760721206665039,False
801,400,49,0.17491262406110764,False
801,800,0,0.204392708837986,False
801,800,1,0.18917210400104523,False
801,800,2,0.1829434186220169,False
801,800,3,0.18017273396253586,False
801,800,4,0.1793215051293373,False
801,800,5,0.1787124201655388,False
801,800,6,0.1783818006515503,False
801,800,7,0.17928238958120346,False
801,800,8,0.17981324344873428,False
801,800,9,0.17798226326704025,False
801,800,10,0.1771124079823494,False
801,800,11,0.177052803337574,False
801,800,12,0.18204189836978912,False
801,800,13,0.18025189638137817,False
801,800,14,0.1780325546860695,False
801,800,15,0.1775519922375679,False
801,800,16,0.17688143998384476,False
801,800,17,0.1836838200688362,False
801,800,18,0.18339138478040695,False
801,800,19,0.1803021878004074,False
801,800,20,0.1783221960067749,False
801,800,21,0.1780819147825241,False
801,800,22,0.17808284610509872,False
801,800,23,0.17789192497730255,False
801,800,24,0.18253177404403687,False
801,800,25,0.18221326172351837,False
801,800,26,0.17802231013774872,False
801,800,27,0.17725303769111633,False
801,800,28,0.17783232033252716,False
801,800,29,0.1788819208741188,False
801,800,30,0.17956271767616272,False
801,800,31,0.17766281962394714,False
801,800,32,0.17772242426872253,False
801,800,33,0.17754267901182175,False
801,800,34,0.17958227545022964,False
801,800,35,0.1789424568414688,False
801,800,36,0.17902255058288574,False
801,800,37,0.17778202891349792,False
801,800,38,0.177101232111454,False
801,800,39,0.1780632883310318,False
801,800,40,0.17861183732748032,False
801,800,41,0.17905235290527344,False
801,800,42,0.1788632944226265,False
801,800,43,0.17797201871871948,False
801,800,44,0.17765257507562637,False
801,800,45,0.17728377133607864,False
801,800,46,0.1780213788151741,False
801,800,47,0.1788027584552765,False
801,800,48,0.17771217972040176,False
801,800,49,0.17730239778757095,False
801,1600,0,0.2122633159160614,False
801,1600,1,0.19292254000902176,False
801,1600,2,0.18905289471149445,False
801,1600,3,0.1932922750711441,False
801,1600,4,0.1877928152680397,False
801,1600,5,0.18535275012254715,False
801,1600,6,0.18535368144512177,False
801,1600,7,0.184682197868824,False
801,1600,8,0.18478184938430786,False
801,1600,9,0.19147340208292007,False
801,1600,10,0.18765311688184738,False
801,1600,11,0.1854216679930687,False
801,1600,12,0.18522143363952637,False
801,1600,13,0.1852530986070633,False
801,1600,14,0.18645171076059341,False
801,1600,15,0.18647313117980957,False
801,1600,16,0.18564146012067795,False
801,1600,17,0.18441211432218552,False
801,1600,18,0.18447265028953552,False
801,1600,19,0.18481258302927017,False
801,1600,20,0.1933518797159195,False
801,1600,21,0.1867637038230896,False
801,1600,22,0.18462259322404861,False
801,1600,23,0.1847418025135994,False
801,1600,24,0.1849830150604248,False
801,1600,25,0.18505193293094635,False
801,1600,26,0.18641259521245956,False
801,1600,27,0.18448196351528168,False
801,1600,28,0.1842426136136055,False
801,1600,29,0.18398184329271317,False
801,1600,30,0.18558185547590256,False
801,1600,31,0.18715299665927887,False
801,1600,32,0.18576253205537796,False
801,1600,33,0.1842128112912178,False
801,1600,34,0.18437206745147705,False
801,1600,35,0.1843022182583809,False
801,1600,36,0.1869620755314827,False
801,1600,37,0.18536299467086792,False
801,1600,38,0.18493179231882095,False
801,1600,39,0.18420163542032242,False
801,1600,40,0.18375273793935776,False
801,1600,41,0.18487218767404556,False
801,1600,42,0.1864032819867134,False
801,1600,43,0.18424168229103088,False
801,1600,44,0.18734298646450043,False
801,1600,45,0.1840926706790924,False
801,1600,46,0.19050296396017075,False
801,1600,47,0.18717162311077118,False
801,1600,48,0.1840917393565178,False
801,1600,49,0.18429290503263474,False
801,3200,0,0.22772327065467834,False
801,3200,1,0.20565371960401535,False
801,3200,2,0.20003225654363632,False
801,3200,3,0.20221248269081116,False
801,3200,4,0.2003619447350502,False
801,3200,5,0.19725318998098373,False
801,3200,6,0.1969924196600914,False
801,3200,7,0.19704177975654602,False
801,3200,8,0.199182890355587,False
801,3200,9,0.19756238907575607,False
801,3200,10,0.19672326743602753,False
801,3200,11,0.19582360982894897,False
801,3200,12,0.19584223628044128,False
801,3200,13,0.19678287208080292,False
801,3200,14,0.1977020874619484,False
801,3200,15,0.20049326121807098,False
801,3200,16,0.19821245223283768,False
801,3200,17,0.1960424706339836,False
801,3200,18,0.19663292914628983,False
801,3200,19,0.19801221787929535,False
801,3200,20,0.19573234021663666,False
801,3200,21,0.19564293324947357,False
801,3200,22,0.1979311928153038,False
801,3200,23,0.1957230269908905,False
801,3200,24,0.19777193665504456,False
801,3200,25,0.19631348550319672,False
801,3200,26,0.20012352615594864,False
801,3200,27,0.19592233002185822,False
801,3200,28,0.1956624910235405,False
801,3200,29,0.19695144146680832,False
801,3200,30,0.194513238966465,False
801,3200,31,0.19550137221813202,False
801,3200,32,0.19552279263734818,False
801,3200,33,0.19648298621177673,False
801,3200,34,0.19769277423620224,False
801,3200,35,0.19550323486328125,False
801,3200,36,0.19600242376327515,False
801,3200,37,0.19509345293045044,False
801,3200,38,0.19647367298603058,False
801,3200,39,0.20212214440107346,False
801,3200,40,0.19511301070451736,False
801,3200,41,0.19556190818548203,False
801,3200,42,0.19528251141309738,False
801,3200,43,0.19697286188602448,False
801,3200,44,0.19656214863061905,False
801,3200,45,0.20157359540462494,False
801,3200,46,0.19577238708734512,False
801,3200,47,0.1973528414964676,False
801,3200,48,0.20142272114753723,False
801,3200,49,0.19803177565336227,False
801,6400,0,0.2516023814678192,False
801,6400,1,0.23045390844345093,False
801,6400,2,0.22757332772016525,False
801,6400,3,0.22757332772016525,False
801,6400,4,0.22452324628829956,False
801,6400,5,0.2285027876496315,False
801,6400,6,0.22710300981998444,False
801,6400,7,0.22896286100149155,False
801,6400,8,0.22585317492485046,False
801,6400,9,0.22426247596740723,False
801,6400,10,0.22509228438138962,False
801,6400,11,0.23194309324026108,False
801,6400,12,0.22546295076608658,False
801,6400,13,0.22508297115564346,False
801,6400,14,0.225873664021492,False
801,6400,15,0.2254825085401535,False
801,6400,16,0.2276729792356491,False
801,6400,17,0.22647343575954437,False
801,6400,18,0.22277329117059708,False
801,6400,19,0.22207293659448624,False
801,6400,20,0.23136287927627563,False
801,6400,21,0.2247430384159088,False
801,6400,22,0.221962109208107,False
801,6400,23,0.22206362336874008,False
801,6400,24,0.2271132543683052,False
801,6400,25,0.22725295275449753,False
801,6400,26,0.22499263286590576,False
801,6400,27,0.22256281226873398,False
801,6400,28,0.22530276328325272,False
801,6400,29,0.22562313824892044,False
801,6400,30,0.22437237203121185,False
801,6400,31,0.22360216826200485,False
801,6400,32,0.22340286523103714,False
801,6400,33,0.22363290190696716,False
801,6400,34,0.22476259618997574,False
801,6400,35,0.22454280406236649,False
801,6400,36,0.22348295897245407,False
801,6400,37,0.2233525738120079,False
801,6400,38,0.22616330534219742,False
801,6400,39,0.22541359066963196,False
801,6400,40,0.2263123169541359,False
801,6400,41,0.22393278777599335,False
801,6400,42,0.2254033461213112,False
801,6400,43,0.22354256361722946,False
801,6400,44,0.22401288151741028,False
801,6400,45,0.22476259618997574,False
801,6400,46,0.22342242300510406,False
801,6400,47,0.22473279386758804,False
801,6400,48,0.22271275520324707,False
801,6400,49,0.2237921580672264,False
801,10000,0,0.2859747037291527,False
801,10000,1,0.2630827948451042,False
801,10000,2,0.2680029720067978,False
801,10000,3,0.2553733065724373,False
801,10000,4,0.2547232434153557,False
801,10000,5,0.2611447125673294,False
801,10000,6,0.25816354900598526,False
801,10000,7,0.2560829743742943,False
801,10000,8,0.25328435003757477,False
801,10000,9,0.2547726035118103,False
801,10000,10,0.254322774708271,False
801,10000,11,0.2556638792157173,False
801,10000,12,0.2527032047510147,False
801,10000,13,0.25435350835323334,False
801,10000,14,0.2543628215789795,False
801,10000,15,0.2534734085202217,False
801,10000,16,0.25343429297208786,False
801,10000,17,0.25449320673942566,False
801,10000,18,0.2688933163881302,False
801,10000,19,0.25355443358421326,False
801,10000,20,0.25497376918792725,False
801,10000,21,0.2553025260567665,False
801,10000,22,0.25343429297208786,False
801,10000,23,0.24515297263860703,False
801,10000,24,0.24475343525409698,False
801,10000,25,0.244922935962677,False
801,10000,26,0.24639442563056946,False
801,10000,27,0.24431291967630386,False
801,10000,28,0.24471338838338852,False
801,10000,29,0.2456335350871086,False
801,10000,30,0.24704448878765106,False
801,10000,31,0.2444721758365631,False
801,10000,32,0.24458300322294235,False
801,10000,33,0.245632603764534,False
801,10000,34,0.2458440139889717,False
801,10000,35,0.24401303380727768,False
801,10000,36,0.2445429563522339,False
801,10000,37,0.2457238733768463,False
801,10000,38,0.24550314992666245,False
801,10000,39,0.24459417909383774,False
801,10000,40,0.24458300322294235,False
801,10000,41,0.24952273815870285,False
801,10000,42,0.24638324975967407,False
801,10000,43,0.24483446031808853,False
801,10000,44,0.24444330483675003,False
801,10000,45,0.24880282580852509,False
801,10000,46,0.24627335369586945,False
801,10000,47,0.24527404457330704,False
801,10000,48,0.24399254471063614,False
801,10000,49,0.24469289928674698,False
699,1,0,0.294683501124382,False
699,1,1,0.16011204570531845,False
699,1,2,0.15244167298078537,False
699,1,3,0.15053246170282364,False
699,1,4,0.14950241893529892,False
699,1,5,0.14665257185697556,False
699,1,6,0.14652125537395477,False
699,1,7,0.14565140008926392,False
699,1,8,0.14768168330192566,False
699,1,9,0.14358200132846832,False
699,1,10,0.14567188918590546,False
699,1,11,0.14528166502714157,False
699,1,12,0.14310237020254135,False
699,1,13,0.14299247413873672,False
699,1,14,0.14591217041015625,False
699,1,15,0.14199130237102509,False
699,1,16,0.14237221330404282,False
699,1,17,0.14941208064556122,False
699,1,18,0.14410167932510376,False
699,1,19,0.1423712819814682,False
699,1,20,0.1425817608833313,False
699,1,21,0.1417212188243866,False
699,1,22,0.14194194227457047,False
699,1,23,0.14145206660032272,False
699,1,24,0.15056226402521133,False
699,1,25,0.15494134277105331,False
699,1,26,0.1424318179488182,False
699,1,27,0.1423414796590805,False
699,1,28,0.14207139611244202,False
699,1,29,0.14180224388837814,False
699,1,30,0.14438200742006302,False
699,1,31,0.1447722315788269,False
699,1,32,0.1423824578523636,False
699,1,33,0.14213193207979202,False
699,1,34,0.14209188520908356,False
699,1,35,0.14185160398483276,False
699,1,36,0.1423824578523636,False
699,1,37,0.1425817608833313,False
699,1,38,0.14410167932510376,False
699,1,39,0.14247186481952667,False
699,1,40,0.14165230095386505,False
699,1,41,0.14260224997997284,False
699,1,42,0.14248117804527283,False
699,1,43,0.15005189925432205,False
699,1,44,0.1516919583082199,False
699,1,45,0.1458423212170601,False
699,1,46,0.14212168753147125,False
699,1,47,0.14217104762792587,False
699,1,48,0.14215242117643356,False
699,1,49,0.14222227036952972,False
699,2,0,0.17606187611818314,False
699,2,1,0.15428196638822556,False
699,2,2,0.15310198068618774,False
699,2,3,0.14661159366369247,False
699,2,4,0.14452263712882996,False
699,2,5,0.14493241906166077,False
699,2,6,0.1448923721909523,False
699,2,7,0.1456812024116516,False
699,2,8,0.14673173427581787,False
699,2,9,0.14464184641838074,False
699,2,10,0.14327187091112137,False
699,2,11,0.14377199113368988,False
699,2,12,0.14324206858873367,False
699,2,13,0.1434721052646637,False
699,2,14,0.14482252299785614,False
699,2,15,0.14588236808776855,False
699,2,16,0.14422181993722916,False
699,2,17,0.1436108723282814,False
699,2,18,0.14426186680793762,False
699,2,19,0.1436714082956314,False
699,2,20,0.14263112097978592,False
699,2,21,0.14448165893554688,False
699,2,22,0.1453012228012085,False
699,2,23,0.14336220920085907,False
699,2,24,0.14333240687847137,False
699,2,25,0.14271121472120285,False
699,2,26,0.14280248433351517,False
699,2,27,0.14273077249526978,False
699,2,28,0.14466233551502228,False
699,2,29,0.15437137335538864,False
699,2,30,0.14358200132846832,False
699,2,31,0.14345161616802216,False
699,2,32,0.1435019075870514,False
699,2,33,0.1427019014954567,False
699,2,34,0.14266185462474823,False
699,2,35,0.14380179345607758,False
699,2,36,0.14463253319263458,False
699,2,37,0.143551267683506,False
699,2,38,0.1432318240404129,False
699,2,39,0.14314241707324982,False
699,2,40,0.14295242726802826,False
699,2,41,0.1436416059732437,False
699,2,42,0.14962255954742432,False
699,2,43,0.14571193605661392,False
699,2,44,0.142611563205719,False
699,2,45,0.1424020156264305,False
699,2,46,0.14321226626634598,False
699,2,47,0.14341063797473907,False
699,2,48,0.14271214604377747,False
699,2,49,0.1498023048043251,False
699,4,0,0.16717147082090378,False
699,4,1,0.15144236385822296,False
699,4,2,0.148051418364048,False
699,4,3,0.14744233340024948,False
699,4,4,0.15196111053228378,False
699,4,5,0.1489417627453804,False
699,4,6,0.1459820196032524,False
699,4,7,0.14549028128385544,False
699,4,8,0.14526210725307465,False
699,4,9,0.14559179544448853,False
699,4,10,0.1444825902581215,False
699,4,11,0.1461924985051155,False
699,4,12,0.14725234359502792,False
699,4,13,0.14553125947713852,False
699,4,14,0.14524254947900772,False
699,4,15,0.14517176896333694,False
699,4,16,0.14910195022821426,False
699,4,17,0.14499202370643616,False
699,4,18,0.1483522355556488,False
699,4,19,0.14812219887971878,False
699,4,20,0.14621205627918243,False
699,4,21,0.14496129006147385,False
699,4,22,0.1447424292564392,False
699,4,23,0.14401227235794067,False
699,4,24,0.14485232532024384,False
699,4,25,0.14583207666873932,False
699,4,26,0.14636199921369553,False
699,4,27,0.1448625698685646,False
699,4,28,0.14463253319263458,False
699,4,29,0.14491286128759384,False
699,4,30,0.14534220099449158,False
699,4,31,0.1447424292564392,False
699,4,32,0.14532171189785004,False
699,4,33,0.1470223069190979,False
699,4,34,0.14535244554281235,False
699,4,35,0.14454219490289688,False
699,4,36,0.14452170580625534,False
699,4,37,0.14526210725307465,False
699,4,38,0.14451239258050919,False
699,4,39,0.1458916813135147,False
699,4,40,0.1470521092414856,False
699,4,41,0.14524254947900772,False
699,4,42,0.14496222138404846,False
699,4,43,0.14475081115961075,False
699,4,44,0.1446818932890892,False
699,4,45,0.1441221684217453,False
699,4,46,0.1545920968055725,False
699,4,47,0.14641135931015015,False
699,4,48,0.14529190957546234,False
699,4,49,0.1458423212170601,False
699,8,0,0.16882270574569702,False
699,8,1,0.1597423106431961,False
699,8,2,0.15298184007406235,False
699,8,3,0.14878157526254654,False
699,8,4,0.14882255345582962,False
699,8,5,0.14778226613998413,False
699,8,6,0.14809239655733109,False
699,8,7,0.14756154268980026,False
699,8,8,0.14899205416440964,False
699,8,9,0.1499522477388382,False
699,8,10,0.14741159975528717,False
699,8,11,0.14731194823980331,False
699,8,12,0.14721229672431946,False
699,8,13,0.14673173427581787,False
699,8,14,0.14679227024316788,False
699,8,15,0.14806166291236877,False
699,8,16,0.14849193394184113,False
699,8,17,0.14728214591741562,False
699,8,18,0.14710240066051483,False
699,8,19,0.1472020521759987,False
699,8,20,0.14661159366369247,False
699,8,21,0.14849193394184113,False
699,8,22,0.14796201139688492,False
699,8,23,0.15307217836380005,False
699,8,24,0.15133246779441833,False
699,8,25,0.14760252088308334,False
699,8,26,0.14724116772413254,False
699,8,27,0.1474618911743164,False
699,8,28,0.1487424597144127,False
699,8,29,0.1495014876127243,False
699,8,30,0.14739204198122025,False
699,8,31,0.147990882396698,False
699,8,32,0.14712195843458176,False
699,8,33,0.1467820256948471,False
699,8,34,0.1473715528845787,False
699,8,35,0.1561921089887619,False
699,8,36,0.14958251267671585,False
699,8,37,0.1509813591837883,False
699,8,38,0.14706235378980637,False
699,8,39,0.14685187488794327,False
699,8,40,0.14735199511051178,False
699,8,41,0.1472020521759987,False
699,8,42,0.14857202768325806,False
699,8,43,0.14868192374706268,False
699,8,44,0.1471126452088356,False
699,8,45,0.14734268188476562,False
699,8,46,0.14673173427581787,False
699,8,47,0.14664232730865479,False
699,8,48,0.14696083962917328,False
699,8,49,0.1545427367091179,False
699,16,0,0.17179176211357117,False
699,16,1,0.15706196427345276,False
699,16,2,0.15362165868282318,False
699,16,3,0.15174224972724915,False
699,16,4,0.1518120989203453,False
699,16,5,0.15299208462238312,False
699,16,6,0.15034154057502747,False
699,16,7,0.1500118523836136,False
699,16,8,0.14987122267484665,False
699,16,9,0.15035178512334824,False
699,16,10,0.14963187277317047,False
699,16,11,0.15118159353733063,False
699,16,12,0.15209149569272995,False
699,16,13,0.15023164451122284,False
699,16,14,0.14999136328697205,False
699,16,15,0.1502716913819313,False
699,16,16,0.15221163630485535,False
699,16,17,0.15017203986644745,False
699,16,18,0.15711132436990738,False
699,16,19,0.1507820561528206,False
699,16,20,0.1491820439696312,False
699,16,21,0.1490022987127304,False
699,16,22,0.14958251267671585,False
699,16,23,0.1489119604229927,False
699,16,24,0.15056226402521133,False
699,16,25,0.1514926552772522,False
699,16,26,0.14969240874052048,False
699,16,27,0.14924164861440659,False
699,16,28,0.14969240874052048,False
699,16,29,0.14993268996477127,False
699,16,30,0.14919135719537735,False
699,16,31,0.15029218047857285,False
699,16,32,0.15168171375989914,False
699,16,33,0.14981254935264587,False
699,16,34,0.14919228851795197,False
699,16,35,0.14975201338529587,False
699,16,36,0.14934223145246506,False
699,16,37,0.1542912796139717,False
699,16,38,0.16424153000116348,False
699,16,39,0.15528220683336258,False
699,16,40,0.15055201947689056,False
699,16,41,0.1497725024819374,False
699,16,42,0.14928169548511505,False
699,16,43,0.14946237206459045,False
699,16,44,0.15014223754405975,False
699,16,45,0.15142187476158142,False
699,16,46,0.14928262680768967,False
699,16,47,0.14905259013175964,False
699,16,48,0.14887191355228424,False
699,16,49,0.148882158100605,False
699,32,0,0.17457175999879837,False
699,32,1,0.1601213589310646,False
699,32,2,0.16453303396701813,False
699,32,3,0.15445146709680557,False
699,32,4,0.15378184616565704,False
699,32,5,0.15206169337034225,False
699,32,6,0.15339255332946777,False
699,32,7,0.15504192560911179,False
699,32,8,0.1527620479464531,False
699,32,9,0.15139207243919373,False
699,32,10,0.15170220285654068,False
699,32,11,0.15499163419008255,False
699,32,12,0.15209149569272995,False
699,32,13,0.1522516831755638,False
699,32,14,0.1533813774585724,False
699,32,15,0.15200208872556686,False
699,32,16,0.1512523740530014,False
699,32,17,0.15087146311998367,False
699,32,18,0.1509217545390129,False
699,32,19,0.15245191752910614,False
699,32,20,0.1530218869447708,False
699,32,21,0.15165191143751144,False
699,32,22,0.1507522538304329,False
699,32,23,0.15090219676494598,False
699,32,24,0.151071697473526,False
699,32,25,0.15100277960300446,False
699,32,26,0.15218183398246765,False
699,32,27,0.16143172979354858,False
699,32,28,0.15232153236865997,False
699,32,29,0.15148241072893143,False
699,32,30,0.15111174434423447,False
699,32,31,0.1513911411166191,False
699,32,32,0.15602167695760727,False
699,32,33,0.15429221093654633,False
699,32,34,0.15242211520671844,False
699,32,35,0.1514628529548645,False
699,32,36,0.15103258192539215,False
699,32,37,0.15515275299549103,False
699,32,38,0.15123188495635986,False
699,32,39,0.15242211520671844,False
699,32,40,0.15577208250761032,False
699,32,41,0.1512216404080391,False
699,32,42,0.1518717035651207,False
699,32,43,0.15112198889255524,False
699,32,44,0.15161186456680298,False
699,32,45,0.1549823209643364,False
699,32,46,0.1539113000035286,False
699,32,47,0.15194248408079147,False
699,32,48,0.1515112817287445,False
699,32,49,0.15097204595804214,False
699,64,0,0.17692241817712784,False
699,64,1,0.1620519906282425,False
699,64,2,0.16031228005886078,False
699,64,3,0.15711132436990738,False
699,64,4,0.1564621925354004,False
699,64,5,0.15498138964176178,False
699,64,6,0.15542283654212952,False
699,64,7,0.1609325408935547,False
699,64,8,0.1574018970131874,False
699,64,9,0.15591178089380264,False
699,64,10,0.1551816239953041,False
699,64,11,0.1546218991279602,False
699,64,12,0.1552719622850418,False
699,64,13,0.1545427367091179,False
699,64,14,0.1553623005747795,False
699,64,15,0.1584123820066452,False
699,64,16,0.1549217849969864,False
699,64,17,0.15482213348150253,False
699,64,18,0.154862180352211,False
699,64,19,0.1547122374176979,False
699,64,20,0.15535205602645874,False
699,64,21,0.15787221491336823,False
699,64,22,0.15508197247982025,False
699,64,23,0.16040168702602386,False
699,64,24,0.15422236174345016,False
699,64,25,0.15482213348150253,False
699,64,26,0.15449244529008865,False
699,64,27,0.15552248805761337,False
699,64,28,0.15666242688894272,False
699,64,29,0.1595728099346161,False
699,64,30,0.15414133667945862,False
699,64,31,0.15514250844717026,False
699,64,32,0.15407241880893707,False
699,64,33,0.155571848154068,False
699,64,34,0.1569315791130066,False
699,64,35,0.15495158731937408,False
699,64,36,0.1544523984193802,False
699,64,37,0.154801644384861,False
699,64,38,0.15451200306415558,False
699,64,39,0.1556016504764557,False
699,64,40,0.16179122030735016,False
699,64,41,0.15594251453876495,False
699,64,42,0.1546815037727356,False
699,64,43,0.1546824350953102,False
699,64,44,0.15442166477441788,False
699,64,45,0.1582019031047821,False
699,64,46,0.1557525247335434,False
699,64,47,0.15724357217550278,False
699,64,48,0.15546195209026337,False
699,64,49,0.1581711694598198,False
699,100,0,0.17650332301855087,False
699,100,1,0.16213208436965942,False
699,100,2,0.16004126518964767,False
699,100,3,0.1571420580148697,False
699,100,4,0.15676207840442657,False
699,100,5,0.15602260828018188,False
699,100,6,0.15561189502477646,False
699,100,7,0.1553623005747795,False
699,100,8,0.15667174011468887,False
699,100,9,0.15759188681840897,False
699,100,10,0.16006175428628922,False
699,100,11,0.15467219054698944,False
699,100,12,0.1555420458316803,False
699,100,13,0.1548919826745987,False
699,100,14,0.15827268362045288,False
699,100,15,0.15822239220142365,False
699,100,16,0.15606265515089035,False
699,100,17,0.15967246145009995,False
699,100,18,0.16309134662151337,False
699,100,19,0.15506241470575333,False
699,100,20,0.1605721190571785,False
699,100,21,0.15771202743053436,False
699,100,22,0.1553921028971672,False
699,100,23,0.15502236783504486,False
699,100,24,0.1590615138411522,False
699,100,25,0.1549217849969864,False
699,100,26,0.1546628773212433,False
699,100,27,0.15587173402309418,False
699,100,28,0.15713181346654892,False
699,100,29,0.15939213335514069,False
699,100,30,0.1551322638988495,False
699,100,31,0.15550199896097183,False
699,100,32,0.15495158731937408,False
699,100,33,0.15534181147813797,False
699,100,34,0.1569017767906189,False
699,100,35,0.15507172793149948,False
699,100,36,0.15528220683336258,False
699,100,37,0.15446264296770096,False
699,100,38,0.15895161777734756,False
699,100,39,0.15469174832105637,False
699,100,40,0.1624319702386856,False
699,100,41,0.1566614955663681,False
699,100,42,0.15538185834884644,False
699,100,43,0.15499163419008255,False
699,100,44,0.15431176871061325,False
699,100,45,0.1544719561934471,False
699,100,46,0.15591178089380264,False
699,100,47,0.15659350901842117,False
699,100,48,0.1552226021885872,False
699,100,49,0.15444215387105942,False
699,200,0,0.18228217959403992,False
699,200,1,0.16422197222709656,False
699,200,2,0.16186200082302094,False
699,200,3,0.15861168503761292,False
699,200,4,0.15769246965646744,False
699,200,5,0.15650317072868347,False
699,200,6,0.16031228005886078,False
699,200,7,0.15608221292495728,False
699,200,8,0.1650722697377205,False
699,200,9,0.15822239220142365,False
699,200,10,0.15596207231283188,False
699,200,11,0.1598615199327469,False
699,200,12,0.15576183795928955,False
699,200,13,0.15570223331451416,False
699,200,14,0.15632249414920807,False
699,200,15,0.15780143439769745,False
699,200,16,0.1588519662618637,False
699,200,17,0.15573203563690186,False
699,200,18,0.15588197857141495,False
699,200,19,0.15594158321619034,False
699,200,20,0.15666242688894272,False
699,200,21,0.1580817624926567,False
699,200,22,0.1564621925354004,False
699,200,23,0.15589222311973572,False
699,200,24,0.1555420458316803,False
699,200,25,0.1556919887661934,False
699,200,26,0.15559233725070953,False
699,200,27,0.1622922718524933,False
699,200,28,0.15744194388389587,False
699,200,29,0.1556016504764557,False
699,200,30,0.15498138964176178,False
699,200,31,0.1559220254421234,False
699,200,32,0.15484262257814407,False
699,200,33,0.15661213546991348,False
699,200,34,0.15774276107549667,False
699,200,35,0.15650130808353424,False
699,200,36,0.15565194189548492,False
699,200,37,0.15561189502477646,False
699,200,38,0.1557823270559311,False
699,200,39,0.1598019152879715,False
699,200,40,0.1586414873600006,False
699,200,41,0.15645194798707962,False
699,200,42,0.15529245138168335,False
699,200,43,0.15494134277105331,False
699,200,44,0.15487242490053177,False
699,200,45,0.15553273260593414,False
699,200,46,0.15804171562194824,False
699,200,47,0.1581422984600067,False
699,200,48,0.15605147927999496,False
699,200,49,0.15529245138168335,False
699,400,0,0.18109194934368134,False
699,400,1,0.16632210463285446,False
699,400,2,0.1627923920750618,False
699,400,3,0.16006268560886383,False
699,400,4,0.15924125909805298,False
699,400,5,0.15916209667921066,False
699,400,6,0.15861261636018753,False
699,400,7,0.15931203961372375,False
699,400,8,0.15999190509319305,False
699,400,9,0.15845149755477905,False
699,400,10,0.1581721007823944,False
699,400,11,0.15801191329956055,False
699,400,12,0.1577623188495636,False
699,400,13,0.15914160758256912,False
699,400,14,0.16043242067098618,False
699,400,15,0.1581721007823944,False
699,400,16,0.15815161168575287,False
699,400,17,0.15963148325681686,False
699,400,18,0.15810225158929825,False
699,400,19,0.16096141189336777,False
699,400,20,0.1646820455789566,False
699,400,21,0.15874207019805908,False
699,400,22,0.15887245535850525,False
699,400,23,0.15861261636018753,False
699,400,24,0.15784241259098053,False
699,400,25,0.15791133046150208,False
699,400,26,0.1584719866514206,False
699,400,27,0.15969201922416687,False
699,400,28,0.1577325165271759,False
699,400,29,0.15762262046337128,False
699,400,30,0.15756208449602127,False
699,400,31,0.15800166875123978,False
699,400,32,0.158592127263546,False
699,400,33,0.15959236770868301,False
699,400,34,0.15792250633239746,False
699,400,35,0.1576533541083336,False
699,400,36,0.1572323963046074,False
699,400,37,0.15763193368911743,False
699,400,38,0.16367249190807343,False
699,400,39,0.16047246754169464,False
699,400,40,0.15811249613761902,False
699,400,41,0.15745218843221664,False
699,400,42,0.15721190720796585,False
699,400,43,0.1574922353029251,False
699,400,44,0.15697255730628967,False
699,400,45,0.16204174607992172,False
699,400,46,0.15955325216054916,False
699,400,47,0.15757232904434204,False
699,400,48,0.15772227197885513,False
699,400,49,0.1572621986269951,False
699,800,0,0.18842332065105438,False
699,800,1,0.1692427322268486,False
699,800,2,0.16867276281118393,False
699,800,3,0.16396213322877884,False
699,800,4,0.16276352107524872,False
699,800,5,0.16372185200452805,False
699,800,6,0.164802186191082,False
699,800,7,0.16245245933532715,False
699,800,8,0.16236212104558945,False
699,800,9,0.16204174607992172,False
699,800,10,0.16165152192115784,False
699,800,11,0.16313325613737106,False
699,800,12,0.16405154019594193,False
699,800,13,0.16207247972488403,False
699,800,14,0.16260240226984024,False
699,800,15,0.1619318500161171,False
699,800,16,0.16647204756736755,False
699,800,17,0.17677247524261475,False
699,800,18,0.1652119681239128,False
699,800,19,0.1618722453713417,False
699,800,20,0.16164220869541168,False
699,800,21,0.16076210886240005,False
699,800,22,0.16368180513381958,False
699,800,23,0.16112253069877625,False
699,800,24,0.16834121197462082,False
699,800,25,0.16138143837451935,False
699,800,26,0.16177259385585785,False
699,800,27,0.16068201512098312,False
699,800,28,0.16121193766593933,False
699,800,29,0.162552110850811,False
699,800,30,0.18063373863697052,False
699,800,31,0.17035193741321564,False
699,800,32,0.16185175627470016,False
699,800,33,0.16165152192115784,False
699,800,34,0.1719435676932335,False
699,800,35,0.1623416319489479,False
699,800,36,0.16664154827594757,False
699,800,37,0.16585178673267365,False
699,800,38,0.16134139150381088,False
699,800,39,0.16288179904222488,False
699,800,40,0.16030203551054,False
699,800,41,0.1606624573469162,False
699,800,42,0.16201287508010864,False
699,800,43,0.16315188258886337,False
699,800,44,0.16159191727638245,False
699,800,45,0.16114208847284317,False
699,800,46,0.1609819009900093,False
699,800,47,0.16141217201948166,False
699,800,48,0.16177259385585785,False
699,800,49,0.16318168491125107,False
699,1600,0,0.19733328372240067,False
699,1600,1,0.17771217972040176,False
699,1600,2,0.17180293798446655,False
699,1600,3,0.16936194151639938,False
699,1600,4,0.17007160931825638,False
699,1600,5,0.1692613586783409,False
699,1600,6,0.17366185784339905,False
699,1600,7,0.1758430153131485,False
699,1600,8,0.16825180500745773,False
699,1600,9,0.16851164400577545,False
699,1600,10,0.16982201486825943,False
699,1600,11,0.16760267317295074,False
699,1600,12,0.1687919721007347,False
699,1600,13,0.1783818006515503,False
699,1600,14,0.17471332103013992,False
699,1600,15,0.16861222684383392,False
699,1600,16,0.16807205975055695,False
699,1600,17,0.1683216542005539,False
699,1600,18,0.170842744410038,False
699,1600,19,0.17411168664693832,False
699,1600,20,0.1682015135884285,False
699,1600,21,0.16698241233825684,False
699,1600,22,0.16765203326940536,False
699,1600,23,0.1674126833677292,False
699,1600,24,0.17058197408914566,False
699,1600,25,0.17620157450437546,False
699,1600,26,0.1744413748383522,False
699,1600,27,0.1687426120042801,False
699,1600,28,0.16737263649702072,False
699,1600,29,0.17286185175180435,False
699,1600,30,0.1703919842839241,False
699,1600,31,0.16775354743003845,False
699,1600,32,0.16710162162780762,False
699,1600,33,0.16723200678825378,False
699,1600,34,0.1666620373725891,False
699,1600,35,0.17292145639657974,False
699,1600,36,0.17089303582906723,False
699,1600,37,0.16786158084869385,False
699,1600,38,0.16733258962631226,False
699,1600,39,0.17062202095985413,False
699,1600,40,0.1671425998210907,False
699,1600,41,0.16860198229551315,False
699,1600,42,0.16951188445091248,False
699,1600,43,0.16898196190595627,False
699,1600,44,0.16962364315986633,False
699,1600,45,0.16763247549533844,False
699,1600,46,0.16656238585710526,False
699,1600,47,0.1681121066212654,False
699,1600,48,0.16851257532835007,False
699,1600,49,0.167052261531353,False
699,3200,0,0.20724255591630936,False
699,3200,1,0.18950272351503372,False
699,3200,2,0.18386263400316238,False
699,3200,3,0.18188171088695526,False
699,3200,4,0.18254294991493225,False
699,3200,5,0.1832321286201477,False
699,3200,6,0.18127262592315674,False
699,3200,7,0.18040277063846588,False
699,3200,8,0.17949193716049194,False
699,3200,9,0.18015317618846893,False
699,3200,10,0.19058212637901306,False
699,3200,11,0.18929317593574524,False
699,3200,12,0.18587149679660797,False
699,3200,13,0.18052291125059128,False
699,3200,14,0.18072128295898438,False
699,3200,15,0.18068216741085052,False
699,3200,16,0.18178299069404602,False
699,3200,17,0.17952173948287964,False
699,3200,18,0.18061324954032898,False
699,3200,19,0.17942115664482117,False
699,3200,20,0.18479209393262863,False
699,3200,21,0.18382351845502853,False
699,3200,22,0.17970241606235504,False
699,3200,23,0.17949193716049194,False
699,3200,24,0.1798626035451889,False
699,3200,25,0.1797415316104889,False
699,3200,26,0.18019229173660278,False
699,3200,27,0.1826835796236992,False
699,3200,28,0.1803617924451828,False
699,3200,29,0.18033292144536972,False
699,3200,30,0.17937179654836655,False
699,3200,31,0.17929263412952423,False
699,3200,32,0.18839165568351746,False
699,3200,33,0.18043164163827896,False
699,3200,34,0.1795729622244835,False
699,3200,35,0.1786826178431511,False
699,3200,36,0.17859134823083878,False
699,3200,37,0.18506310880184174,False
699,3200,38,0.18038228154182434,False
699,3200,39,0.18473342061042786,False
699,3200,40,0.17961207777261734,False
699,3200,41,0.17911288887262344,False
699,3200,42,0.17866306006908417,False
699,3200,43,0.1871911808848381,False
699,3200,44,0.18145330250263214,False
699,3200,45,0.17978250980377197,False
699,3200,46,0.17960183322429657,False
699,3200,47,0.18092337995767593,False
699,3200,48,0.17976202070713043,False
699,3200,49,0.1816125586628914,False
699,6400,0,0.2346634864807129,False
699,6400,1,0.215042382478714,False
699,6400,2,0.2174433320760727,False
699,6400,3,0.21025259047746658,False
699,6400,4,0.21017342805862427,False
699,6400,5,0.20866375416517258,False
699,6400,6,0.20955223590135574,False
699,6400,7,0.2162521705031395,False
699,6400,8,0.2095131203532219,False
699,6400,9,0.2090930938720703,False
699,6400,10,0.20979251712560654,False
699,6400,11,0.209171324968338,False
699,6400,12,0.20784325897693634,False
699,6400,13,0.20762253552675247,False
699,6400,14,0.2106325700879097,False
699,6400,15,0.20886212587356567,False
699,6400,16,0.2094525843858719,False
699,6400,17,0.20926352590322495,False
699,6400,18,0.20946189761161804,False
699,6400,19,0.20824186503887177,False
699,6400,20,0.20676292479038239,False
699,6400,21,0.20937342196702957,False
699,6400,22,0.2087019383907318,False
699,6400,23,0.20733289420604706,False
699,6400,24,0.20736269652843475,False
699,6400,25,0.2086833119392395,False
699,6400,26,0.2148021012544632,False
699,6400,27,0.20888261497020721,False
699,6400,28,0.2070823684334755,False
699,6400,29,0.2082623541355133,False
699,6400,30,0.21120253950357437,False
699,6400,31,0.2096220850944519,False
699,6400,32,0.21520350128412247,False
699,6400,33,0.2133827656507492,False
699,6400,34,0.2085929736495018,False
699,6400,35,0.21227169781923294,False
699,6400,36,0.21011289209127426,False
699,6400,37,0.21332316100597382,False
699,6400,38,0.20775292068719864,False
699,6400,39,0.20730216056108475,False
699,6400,40,0.2070823684334755,False
699,6400,41,0.20893290638923645,False
699,6400,42,0.20731333643198013,False
699,6400,43,0.20677223801612854,False
699,6400,44,0.20778272300958633,False
699,6400,45,0.21302327513694763,False
699,6400,46,0.2066437155008316,False
699,6400,47,0.2063121646642685,False
699,6400,48,0.20663347095251083,False
699,6400,49,0.20816363394260406,False
699,10000,0,0.2675028517842293,False
699,10000,1,0.2448325976729393,False
699,10000,2,0.24537276476621628,False
699,10000,3,0.24234410375356674,False
699,10000,4,0.24242233484983444,False
699,10000,5,0.24088285863399506,False
699,10000,6,0.23843254894018173,False
699,10000,7,0.2492433413863182,False
699,10000,8,0.241902656853199,False
699,10000,9,0.23985281586647034,False
699,10000,10,0.23541320115327835,False
699,10000,11,0.22831279784440994,False
699,10000,12,0.23170281201601028,False
699,10000,13,0.22955331951379776,False
699,10000,14,0.229773111641407,False
699,10000,15,0.22826343774795532,False
699,10000,16,0.22808276116847992,False
699,10000,17,0.2276431769132614,False
699,10000,18,0.23027323186397552,False
699,10000,19,0.22925250232219696,False
699,10000,20,0.2279123291373253,False
699,10000,21,0.2282625064253807,False
699,10000,22,0.23175310343503952,False
699,10000,23,0.229773111641407,False
699,10000,24,0.2287132665514946,False
699,10000,25,0.22854283452033997,False
699,10000,26,0.2338029444217682,False
699,10000,27,0.22917333990335464,False
699,10000,28,0.22883247584104538,False
699,10000,29,0.22828299552202225,False
699,10000,30,0.22768322378396988,False
699,10000,31,0.229773111641407,False
699,10000,32,0.22848322987556458,False
699,10000,33,0.2398146316409111,False
699,10000,34,0.2282317727804184,False
699,10000,35,0.22867321968078613,False
699,10000,36,0.22920314222574234,False
699,10000,37,0.22795237600803375,False
699,10000,38,0.22784247994422913,False
699,10000,39,0.22889301180839539,False
699,10000,40,0.23501459509134293,False
699,10000,41,0.22784341126680374,False
699,10000,42,0.2280930057168007,False
699,10000,43,0.22811256349086761,False
699,10000,44,0.2298029139637947,False
699,10000,45,0.22946298122406006,False
699,10000,46,0.22792350500822067,False
699,10000,47,0.2275332808494568,False
699,10000,48,0.22956263273954391,False
699,10000,49,0.2293931320309639,False
600,1,0,0.2687731757760048,False
600,1,1,0.14414172619581223,False
600,1,2,0.1379912719130516,False
600,1,3,0.13562198728322983,False
600,1,4,0.1313118264079094,False
600,1,5,0.131361186504364,False
600,1,6,0.12985244393348694,False
600,1,7,0.12892205268144608,False
600,1,8,0.13186223804950714,False
600,1,9,0.12804009020328522,False
600,1,10,0.13446249067783356,False
600,1,11,0.13145245611667633,False
600,1,12,0.12810155749320984,False
600,1,13,0.12795254588127136,False
600,1,14,0.12748222798109055,False
600,1,15,0.12765079736709595,False
600,1,16,0.1272214576601982,False
600,1,17,0.12739188969135284,False
600,1,18,0.1362822949886322,False
600,1,19,0.12983102351427078,False
600,1,20,0.12804195284843445,False
600,1,21,0.12659188359975815,False
600,1,22,0.12726150453090668,False
600,1,23,0.1269923523068428,False
600,1,24,0.12760143727064133,False
600,1,25,0.12836139649152756,False
600,1,26,0.1281118020415306,False
600,1,27,0.12629199773073196,False
600,1,28,0.12665148824453354,False
600,1,29,0.12579187750816345,False
600,1,30,0.13117212802171707,False
600,1,31,0.12628082185983658,False
600,1,32,0.12620259076356888,False
600,1,33,0.12747198343276978,False
600,1,34,0.12959260493516922,False
600,1,35,0.1271301880478859,False
600,1,36,0.12677256017923355,False
600,1,37,0.12635160237550735,False
600,1,38,0.12566149234771729,False
600,1,39,0.12606289237737656,False
600,1,40,0.12612249702215195,False
600,1,41,0.12744031846523285,False
600,1,42,0.12937188148498535,False
600,1,43,0.12621190398931503,False
600,1,44,0.12632086873054504,False
600,1,45,0.12490153312683105,False
600,1,46,0.1256316900253296,False
600,1,47,0.1255720853805542,False
600,1,48,0.12605171650648117,False
600,1,49,0.12668035924434662,False
600,2,0,0.1619923859834671,False
600,2,1,0.14373194426298141,False
600,2,2,0.13200193643569946,False
600,2,3,0.12995116412639618,False
600,2,4,0.12913160026073456,False
600,2,5,0.13467203825712204,False
600,2,6,0.13103149831295013,False
600,2,7,0.12849178165197372,False
600,2,8,0.12757163494825363,False
600,2,9,0.12748222798109055,False
600,2,10,0.12800097465515137,False
600,2,11,0.12778211385011673,False
600,2,12,0.12665148824453354,False
600,2,13,0.12884102761745453,False
600,2,14,0.1300722360610962,False
600,2,15,0.12754183262586594,False
600,2,16,0.12670177966356277,False
600,2,17,0.12758281081914902,False
600,2,18,0.1275213435292244,False
600,2,19,0.12712087482213974,False
600,2,20,0.12748129665851593,False
600,2,21,0.12786220759153366,False
600,2,22,0.12952182441949844,False
600,2,23,0.1274310052394867,False
600,2,24,0.126752071082592,False
600,2,25,0.12683216482400894,False
600,2,26,0.12697093188762665,False
600,2,27,0.12691225856542587,False
600,2,28,0.12653041630983353,False
600,2,29,0.12751203030347824,False
600,2,30,0.12885220348834991,False
600,2,31,0.12698210775852203,False
600,2,32,0.12721121311187744,False
600,2,33,0.12682192027568817,False
600,2,34,0.12744218111038208,False
600,2,35,0.1268116757273674,False
600,2,36,0.12703239917755127,False
600,2,37,0.1277923583984375,False
600,2,38,0.12871064245700836,False
600,2,39,0.12695230543613434,False
600,2,40,0.12639164924621582,False
600,2,41,0.12646056711673737,False
600,2,42,0.1264018937945366,False
600,2,43,0.126522034406662,False
600,2,44,0.12680143117904663,False
600,2,45,0.13364199548959732,False
600,2,46,0.12859143316745758,False
600,2,47,0.12668222188949585,False
600,2,48,0.12621097266674042,False
600,2,49,0.12644194066524506,False
600,4,0,0.15073176473379135,False
600,4,1,0.140422023832798,False
600,4,2,0.13410206884145737,False
600,4,3,0.13043079525232315,False
600,4,4,0.1303013414144516,False
600,4,5,0.12987200170755386,False
600,4,6,0.1298617571592331,False
600,4,7,0.12902077287435532,False
600,4,8,0.12847129255533218,False
600,4,9,0.1304224133491516,False
600,4,10,0.13105105608701706,False
600,4,11,0.12985151261091232,False
600,4,12,0.12858211994171143,False
600,4,13,0.1283520832657814,False
600,4,14,0.12866035103797913,False
600,4,15,0.1285020262002945,False
600,4,16,0.12877210974693298,False
600,4,17,0.13010110706090927,False
600,4,18,0.13085268437862396,False
600,4,19,0.1286715269088745,False
600,4,20,0.12825150042772293,False
600,4,21,0.12827105820178986,False
600,4,22,0.1291222870349884,False
600,4,23,0.12863241136074066,False
600,4,24,0.13406109064817429,False
600,4,25,0.13099238276481628,False
600,4,26,0.1290915533900261,False
600,4,27,0.13070087879896164,False
600,4,28,0.13173185288906097,False
600,4,29,0.14779157936573029,False
600,4,30,0.12898165732622147,False
600,4,31,0.1287609338760376,False
600,4,32,0.12964196503162384,False
600,4,33,0.13115163892507553,False
600,4,34,0.12966245412826538,False
600,4,35,0.1291707158088684,False
600,4,36,0.12908224016427994,False
600,4,37,0.12857187539339066,False
600,4,38,0.12837164103984833,False
600,4,39,0.1285020262002945,False
600,4,40,0.1305416226387024,False
600,4,41,0.13058166950941086,False
600,4,42,0.12898165732622147,False
600,4,43,0.12966245412826538,False
600,4,44,0.12857187539339066,False
600,4,45,0.12901145964860916,False
600,4,46,0.12884195894002914,False
600,4,47,0.1335619017481804,False
600,4,48,0.1315716654062271,False
600,4,49,0.12854114174842834,False
600,8,0,0.15312153846025467,False
600,8,1,0.13792142271995544,False
600,8,2,0.13404153287410736,False
600,8,3,0.1327022910118103,False
600,8,4,0.13390276581048965,False
600,8,5,0.13378262519836426,False
600,8,6,0.13174116611480713,False
600,8,7,0.13182219117879868,False
600,8,8,0.1319916918873787,False
600,8,9,0.13126060366630554,False
600,8,10,0.13097189366817474,False
600,8,11,0.13547204434871674,False
600,8,12,0.1339716836810112,False
600,8,13,0.1309504732489586,False
600,8,14,0.1306021586060524,False
600,8,15,0.1306617632508278,False
600,8,16,0.1313425600528717,False
600,8,17,0.1306207850575447,False
600,8,18,0.13090204447507858,False
600,8,19,0.13201218098402023,False
600,8,20,0.13455189764499664,False
600,8,21,0.13132113963365555,False
600,8,22,0.13106130063533783,False
600,8,23,0.13112276792526245,False
600,8,24,0.13105198740959167,False
600,8,25,0.1300610601902008,False
600,8,26,0.13082195073366165,False
600,8,27,0.13286247849464417,False
600,8,28,0.13349205255508423,False
600,8,29,0.13149064034223557,False
600,8,30,0.1303618773818016,False
600,8,31,0.12982264161109924,False
600,8,32,0.13425108045339584,False
600,8,33,0.13078190386295319,False
600,8,34,0.13126153498888016,False
600,8,35,0.13328250497579575,False
600,8,36,0.13144128024578094,False
600,8,37,0.13124197721481323,False
600,8,38,0.1307521015405655,False
600,8,39,0.13117119669914246,False
600,8,40,0.13103149831295013,False
600,8,41,0.13098213821649551,False
600,8,42,0.13224128633737564,False
600,8,43,0.13270042836666107,False
600,8,44,0.1313416287302971,False
600,8,45,0.13081170618534088,False
600,8,46,0.13065151870250702,False
600,8,47,0.13014115393161774,False
600,8,48,0.13093184679746628,False
600,8,49,0.13598240911960602,False
600,16,0,0.16124173998832703,False
600,16,1,0.13934168964624405,False
600,16,2,0.13556238263845444,False
600,16,3,0.13414118438959122,False
600,16,4,0.13413093984127045,False
600,16,5,0.13392232358455658,False
600,16,6,0.13701245188713074,False
600,16,7,0.13950280845165253,False
600,16,8,0.13419240713119507,False
600,16,9,0.13383105397224426,False
600,16,10,0.13302266597747803,False
600,16,11,0.13346225023269653,False
600,16,12,0.13292208313941956,False
600,16,13,0.13439077883958817,False
600,16,14,0.1349523663520813,False
600,16,15,0.13429205864667892,False
600,16,16,0.13325177133083344,False
600,16,17,0.13291090726852417,False
600,16,18,0.13257190585136414,False
600,16,19,0.13316236436367035,False
600,16,20,0.13296213001012802,False
600,16,21,0.13434141874313354,False
600,16,22,0.13567227870225906,False
600,16,23,0.134211964905262,False
600,16,24,0.13399217277765274,False
600,16,25,0.13323035091161728,False
600,16,26,0.13295188546180725,False
600,16,27,0.13295188546180725,False
600,16,28,0.13345200568437576,False
600,16,29,0.1352420076727867,False
600,16,30,0.13276096433401108,False
600,16,31,0.1333523541688919,False
600,16,32,0.13269111514091492,False
600,16,33,0.13322196900844574,False
600,16,34,0.13258028775453568,False
600,16,35,0.1329425722360611,False
600,16,36,0.13425201177597046,False
600,16,37,0.1348322257399559,False
600,16,38,0.13303104788064957,False
600,16,39,0.13291183859109879,False
600,16,40,0.13280194252729416,False
600,16,41,0.13641174882650375,False
600,16,42,0.13285130262374878,False
600,16,43,0.13350136578083038,False
600,16,44,0.13502221554517746,False
600,16,45,0.13340171426534653,False
600,16,46,0.13236142694950104,False
600,16,47,0.13236235827207565,False
600,16,48,0.13247132301330566,False
600,16,49,0.13348180800676346,False
600,32,0,0.1588519662618637,False
600,32,1,0.14314241707324982,False
600,32,2,0.13831164687871933,False
600,32,3,0.13688206672668457,False
600,32,4,0.1371009275317192,False
600,32,5,0.13542268425226212,False
600,32,6,0.13460218906402588,False
600,32,7,0.13661198318004608,False
600,32,8,0.14402251690626144,False
600,32,9,0.1363120973110199,False
600,32,10,0.13646017760038376,False
600,32,11,0.13502221554517746,False
600,32,12,0.13496167957782745,False
600,32,13,0.1353314146399498,False
600,32,14,0.13614166527986526,False
600,32,15,0.1387912780046463,False
600,32,16,0.135752372443676,False
600,32,17,0.14501158148050308,False
600,32,18,0.13507157564163208,False
600,32,19,0.13497192412614822,False
600,32,20,0.13499055057764053,False
600,32,21,0.1345016062259674,False
600,32,22,0.14330167323350906,False
600,32,23,0.13598240911960602,False
600,32,24,0.13488251715898514,False
600,32,25,0.13500172644853592,False
600,32,26,0.14111213386058807,False
600,32,27,0.14222227036952972,False
600,32,28,0.13615190982818604,False
600,32,29,0.1379121094942093,False
600,32,30,0.13756100088357925,False
600,32,31,0.13561267405748367,False
600,32,32,0.13481266796588898,False
600,32,33,0.13530254364013672,False
600,32,34,0.1352420076727867,False
600,32,35,0.13507064431905746,False
600,32,36,0.13564154505729675,False
600,32,37,0.1373719424009323,False
600,32,38,0.134921632707119,False
600,32,39,0.13479217886924744,False
600,32,40,0.13465061783790588,False
600,32,41,0.13523176312446594,False
600,32,42,0.1353127881884575,False
600,32,43,0.1356322318315506,False
600,32,44,0.1418720930814743,False
600,32,45,0.13557076454162598,False
600,32,46,0.135042704641819,False
600,32,47,0.13475213199853897,False
600,32,48,0.13479217886924744,False
600,32,49,0.13445131480693817,False
600,64,0,0.16124173998832703,False
600,64,1,0.14663208276033401,False
600,64,2,0.14142226427793503,False
600,64,3,0.13999268412590027,False
600,64,4,0.1392420381307602,False
600,64,5,0.13931095600128174,False
600,64,6,0.13886205852031708,False
600,64,7,0.14047231525182724,False
600,64,8,0.14228187501430511,False
600,64,9,0.138881616294384,False
600,64,10,0.13828184455633163,False
600,64,11,0.138760544359684,False
600,64,12,0.1382911577820778,False
600,64,13,0.1384718343615532,False
600,64,14,0.13855192810297012,False
600,64,15,0.13993214815855026,False
600,64,16,0.13853143900632858,False
600,64,17,0.13827066868543625,False
600,64,18,0.1438818871974945,False
600,64,19,0.1377621665596962,False
600,64,20,0.13831257820129395,False
600,64,21,0.13902224600315094,False
600,64,22,0.1400420442223549,False
600,64,23,0.13816170394420624,False
600,64,24,0.13825111091136932,False
600,64,25,0.13738218694925308,False
600,64,26,0.13741198927164078,False
600,64,27,0.1377919688820839,False
600,64,28,0.1431722193956375,False
600,64,29,0.13984087854623795,False
600,64,30,0.13813190162181854,False
600,64,31,0.13789162039756775,False
600,64,32,0.13730209320783615,False
600,64,33,0.13802200555801392,False
600,64,34,0.13758055865764618,False
600,64,35,0.1376112923026085,False
600,64,36,0.1434115692973137,False
600,64,37,0.13858173042535782,False
600,64,38,0.13836193829774857,False
600,64,39,0.13790186494588852,False
600,64,40,0.13795122504234314,False
600,64,41,0.13739243149757385,False
600,64,42,0.1375516876578331,False
600,64,43,0.1390622928738594,False
600,64,44,0.13994146138429642,False
600,64,45,0.1377919688820839,False
600,64,46,0.13779103755950928,False
600,64,47,0.1371912658214569,False
600,64,48,0.13727229088544846,False
600,64,49,0.14100223779678345,False
600,100,0,0.16160216182470322,False
600,100,1,0.1455126330256462,False
600,100,2,0.14191213995218277,False
600,100,3,0.14072097837924957,False
600,100,4,0.13993214815855026,False
600,100,5,0.14017242938280106,False
600,100,6,0.14142226427793503,False
600,100,7,0.14103204011917114,False
600,100,8,0.13986136764287949,False
600,100,9,0.138821080327034,False
600,100,10,0.1390017569065094,False
600,100,11,0.1389412209391594,False
600,100,12,0.1382920891046524,False
600,100,13,0.13960245996713638,False
600,100,14,0.1413719728589058,False
600,100,15,0.14221109449863434,False
600,100,16,0.13790186494588852,False
600,100,17,0.13828184455633163,False
600,100,18,0.13811234384775162,False
600,100,19,0.13786274939775467,False
600,100,20,0.14057103544473648,False
600,100,21,0.1403018832206726,False
600,100,22,0.1386823132634163,False
600,100,23,0.13896171003580093,False
600,100,24,0.13797171413898468,False
600,100,25,0.13923179358243942,False
600,100,26,0.13863202184438705,False
600,100,27,0.13880152255296707,False
600,100,28,0.1453319564461708,False
600,100,29,0.13984180986881256,False
600,100,30,0.13849232345819473,False
600,100,31,0.13818219304084778,False
600,100,32,0.13781152665615082,False
600,100,33,0.13757124543190002,False
600,100,34,0.13754237443208694,False
600,100,35,0.1399526372551918,False
600,100,36,0.1399219036102295,False
600,100,37,0.13795215636491776,False
600,100,38,0.13729277998209,False
600,100,39,0.1400914043188095,False
600,100,40,0.13828184455633163,False
600,100,41,0.13772118836641312,False
600,100,42,0.1390622928738594,False
600,100,43,0.13991259038448334,False
600,100,44,0.1381710171699524,False
600,100,45,0.13871211558580399,False
600,100,46,0.13843178749084473,False
600,100,47,0.13802200555801392,False
600,100,48,0.13851188123226166,False
600,100,49,0.13905204832553864,False
600,200,0,0.16321148723363876,False
600,200,1,0.14620181173086166,False
600,200,2,0.14228187501430511,False
600,200,3,0.14102086424827576,False
600,200,4,0.14043226838111877,False
600,200,5,0.1411018893122673,False
600,200,6,0.14232192188501358,False
600,200,7,0.13972260057926178,False
600,200,8,0.13940222561359406,False
600,200,9,0.1392727717757225,False
600,200,10,0.13865157961845398,False
600,200,11,0.13892259448766708,False
600,200,12,0.13978220522403717,False
600,200,13,0.14195218682289124,False
600,200,14,0.13893190771341324,False
600,200,15,0.13884250074625015,False
600,200,16,0.13904087245464325,False
600,200,17,0.13919174671173096,False
600,200,18,0.13861246407032013,False
600,200,19,0.14071166515350342,False
600,200,20,0.14152191579341888,False
600,200,21,0.13957172632217407,False
600,200,22,0.1387912780046463,False
600,200,23,0.13925228267908096,False
600,200,24,0.1391228288412094,False
600,200,25,0.13908185064792633,False
600,200,26,0.14040153473615646,False
600,200,27,0.14117173850536346,False
600,200,28,0.13961084187030792,False
600,200,29,0.13914145529270172,False
600,200,30,0.13869162648916245,False
600,200,31,0.13937149196863174,False
600,200,32,0.13940129429101944,False
600,200,33,0.14428235590457916,False
600,200,34,0.14126207679510117,False
600,200,35,0.13966113328933716,False
600,200,36,0.13878196477890015,False
600,200,37,0.1391824334859848,False
600,200,38,0.13874191790819168,False
600,200,39,0.13860221952199936,False
600,200,40,0.13851188123226166,False
600,200,41,0.14050118625164032,False
600,200,42,0.14133192598819733,False
600,200,43,0.13982225209474564,False
600,200,44,0.13860221952199936,False
600,200,45,0.13858173042535782,False
600,200,46,0.13867206871509552,False
600,200,47,0.13904087245464325,False
600,200,48,0.13949256390333176,False
600,200,49,0.1403624191880226,False
600,400,0,0.1658732071518898,False
600,400,1,0.1496821641921997,False
600,400,2,0.14554057270288467,False
600,400,3,0.1445915549993515,False
600,400,4,0.14485139399766922,False
600,400,5,0.14302227646112442,False
600,400,6,0.14156196266412735,False
600,400,7,0.1414921134710312,False
600,400,8,0.1418720930814743,False
600,400,9,0.14168210327625275,False
600,400,10,0.14263205230236053,False
600,400,11,0.14393217861652374,False
600,400,12,0.14106091111898422,False
600,400,13,0.14154240489006042,False
600,400,14,0.1412220299243927,False
600,400,15,0.14160200953483582,False
600,400,16,0.14466140419244766,False
600,400,17,0.14230236411094666,False
600,400,18,0.14343205839395523,False
600,400,19,0.14123134315013885,False
600,400,20,0.14072097837924957,False
600,400,21,0.14139246195554733,False
600,400,22,0.14142226427793503,False
600,400,23,0.14112237840890884,False
600,400,24,0.1422623172402382,False
600,400,25,0.14322251081466675,False
600,400,26,0.14170166105031967,False
600,400,27,0.14029070734977722,False
600,400,28,0.14046207070350647,False
600,400,29,0.14043226838111877,False
600,400,30,0.1411018893122673,False
600,400,31,0.14527235180139542,False
600,400,32,0.14425162225961685,False
600,400,33,0.1413123682141304,False
600,400,34,0.14093145728111267,False
600,400,35,0.14040060341358185,False
600,400,36,0.13994146138429642,False
600,400,37,0.1401025801897049,False
600,400,38,0.14934130012989044,False
600,400,39,0.14283135533332825,False
600,400,40,0.14124158769845963,False
600,400,41,0.14058221131563187,False
600,400,42,0.13998057693243027,False
600,400,43,0.1407712697982788,False
600,400,44,0.14037266373634338,False
600,400,45,0.14567188918590546,False
600,400,46,0.14349166303873062,False
600,400,47,0.14108233153820038,False
600,400,48,0.14038197696208954,False
600,400,49,0.1404210925102234,False
600,800,0,0.1757824793457985,False
600,800,1,0.1542121171951294,False
600,800,2,0.148111954331398,False
600,800,3,0.14629215002059937,False
600,800,4,0.14547258615493774,False
600,800,5,0.14732219278812408,False
600,800,6,0.14555267989635468,False
600,800,7,0.14670193195343018,False
600,800,8,0.14735199511051178,False
600,800,9,0.14571193605661392,False
600,800,10,0.1447424292564392,False
600,800,11,0.14511216431856155,False
600,800,12,0.1451624557375908,False
600,800,13,0.14518201351165771,False
600,800,14,0.14661066234111786,False
600,800,15,0.14727190136909485,False
600,800,16,0.14529190957546234,False
600,800,17,0.14857202768325806,False
600,800,18,0.1454818993806839,False
600,800,19,0.14393217861652374,False
600,800,20,0.1447116956114769,False
600,800,21,0.14623161405324936,False
600,800,22,0.14697201550006866,False
600,800,23,0.14537200331687927,False
600,800,24,0.14514196664094925,False
600,800,25,0.14454126358032227,False
600,800,26,0.1446222886443138,False
600,800,27,0.14508143067359924,False
600,800,28,0.14611240476369858,False
600,800,29,0.14651194214820862,False
600,800,30,0.14506187289953232,False
600,800,31,0.14455150812864304,False
600,800,32,0.1445319503545761,False
600,800,33,0.1446027308702469,False
600,800,34,0.14414172619581223,False
600,800,35,0.15127193182706833,False
600,800,36,0.14612171798944473,False
600,800,37,0.14448165893554688,False
600,800,38,0.144321471452713,False
600,800,39,0.14352146536111832,False
600,800,40,0.14398247003555298,False
600,800,41,0.149422325193882,False
600,800,42,0.14670193195343018,False
600,800,43,0.14431122690439224,False
600,800,44,0.14368165284395218,False
600,800,45,0.14389213174581528,False
600,800,46,0.14360249042510986,False
600,800,47,0.14408212155103683,False
600,800,48,0.14482159167528152,False
600,800,49,0.14605186879634857,False
600,1600,0,0.1767519861459732,False
600,1600,1,0.16077235341072083,False
600,1600,2,0.15790201723575592,False
600,1600,3,0.16291160136461258,False
600,1600,4,0.15349220484495163,False
600,1600,5,0.1523531973361969,False
600,1600,6,0.15183165669441223,False
600,1600,7,0.1510418951511383,False
600,1600,8,0.15984196215867996,False
600,1600,9,0.15208125114440918,False
600,1600,10,0.1506619155406952,False
600,1600,11,0.15000160783529282,False
600,1600,12,0.15016179531812668,False
600,1600,13,0.15076249837875366,False
600,1600,14,0.15321187674999237,False
600,1600,15,0.1532919704914093,False
600,1600,16,0.15144236385822296,False
600,1600,17,0.15138182789087296,False
600,1600,18,0.1517217606306076,False
600,1600,19,0.15087146311998367,False
600,1600,20,0.15106145292520523,False
600,1600,21,0.15746243298053741,False
600,1600,22,0.1561017706990242,False
600,1600,23,0.15098229050636292,False
600,1600,24,0.1504821702837944,False
600,1600,25,0.1531718298792839,False
600,1600,26,0.15070196241140366,False
600,1600,27,0.15259161591529846,False
600,1600,28,0.15252269804477692,False
600,1600,29,0.1510120928287506,False
600,1600,30,0.15115179121494293,False
600,1600,31,0.150362029671669,False
600,1600,32,0.15049241483211517,False
600,1600,33,0.15076156705617905,False
600,1600,34,0.1519322395324707,False
600,1600,35,0.15387218445539474,False
600,1600,36,0.1534121111035347,False
600,1600,37,0.15166215598583221,False
600,1600,38,0.15203189104795456,False
600,1600,39,0.1509217545390129,False
600,1600,40,0.15417207032442093,False
600,1600,41,0.15390198677778244,False
600,1600,42,0.15224143862724304,False
600,1600,43,0.15086214989423752,False
600,1600,44,0.15154201537370682,False
600,1600,45,0.15180278569459915,False
600,1600,46,0.1510418951511383,False
600,1600,47,0.15133153647184372,False
600,1600,48,0.1527322456240654,False
600,1600,49,0.15023164451122284,False
600,3200,0,0.1904526725411415,False
600,3200,1,0.1719621941447258,False
600,3200,2,0.16777217388153076,False
600,3200,3,0.16562175005674362,False
600,3200,4,0.16653165221214294,False
600,3200,5,0.16814284026622772,False
600,3200,6,0.1731421798467636,False
600,3200,7,0.16368180513381958,False
600,3200,8,0.16315188258886337,False
600,3200,9,0.1633819192647934,False
600,3200,10,0.16452185809612274,False
600,3200,11,0.16484316438436508,False
600,3200,12,0.16653165221214294,False
600,3200,13,0.16346201300621033,False
600,3200,14,0.16574189066886902,False
600,3200,15,0.16417168080806732,False
600,3200,16,0.1640627160668373,False
600,3200,17,0.16482267528772354,False
600,3200,18,0.1631416380405426,False
600,3200,19,0.16271136701107025,False
600,3200,20,0.16304198652505875,False
600,3200,21,0.16306154429912567,False
600,3200,22,0.16868207603693008,False
600,3200,23,0.16568228602409363,False
600,3200,24,0.16295257955789566,False
600,3200,25,0.16326270997524261,False
600,3200,26,0.16280170530080795,False
600,3200,27,0.16372185200452805,False
600,3200,28,0.16315188258886337,False
600,3200,29,0.17083343118429184,False
600,3200,30,0.16321241855621338,False
600,3200,31,0.16303174197673798,False
600,3200,32,0.16300193965435028,False
600,3200,33,0.16210228204727173,False
600,3200,34,0.16211159527301788,False
600,3200,35,0.17069373279809952,False
600,3200,36,0.16424153000116348,False
600,3200,37,0.16349181532859802,False
600,3200,38,0.16194209456443787,False
600,3200,39,0.1624319702386856,False
600,3200,40,0.16292184591293335,False
600,3200,41,0.16500242054462433,False
600,3200,42,0.1641334965825081,False
600,3200,43,0.163322314620018,False
600,3200,44,0.1638522371649742,False
600,3200,45,0.16365200281143188,False
600,3200,46,0.16723200678825378,False
600,3200,47,0.17156172543764114,False
600,3200,48,0.16476307064294815,False
600,3200,49,0.16386248171329498,False
600,6400,0,0.22059306502342224,False
600,6400,1,0.2061929553747177,False
600,6400,2,0.19694212824106216,False
600,6400,3,0.19349250942468643,False
600,6400,4,0.19162241369485855,False
600,6400,5,0.19375327974557877,False
600,6400,6,0.1928713172674179,False
600,6400,7,0.1940922811627388,False
600,6400,8,0.19189249724149704,False
600,6400,9,0.1903623342514038,False
600,6400,10,0.1942729577422142,False
600,6400,11,0.19111204892396927,False
600,6400,12,0.19476283341646194,False
600,6400,13,0.1909220591187477,False
600,6400,14,0.18867291510105133,False
600,6400,15,0.1909518614411354,False
600,6400,16,0.19144266843795776,False
600,6400,17,0.1944415271282196,False
600,6400,18,0.1920824870467186,False
600,6400,19,0.1915525645017624,False
600,6400,20,0.1901630312204361,False
600,6400,21,0.19028224050998688,False
600,6400,22,0.19825249910354614,False
600,6400,23,0.19169319421052933,False
600,6400,24,0.18982216715812683,False
600,6400,25,0.19012298434972763,False
600,6400,26,0.1907413825392723,False
600,6400,27,0.19840337336063385,False
600,6400,28,0.19251182675361633,False
600,6400,29,0.19233301281929016,False
600,6400,30,0.19031204283237457,False
600,6400,31,0.19047316163778305,False
600,6400,32,0.1916317269206047,False
600,6400,33,0.19351299852132797,False
600,6400,34,0.18967222422361374,False
600,6400,35,0.19509252160787582,False
600,6400,36,0.19316282123327255,False
600,6400,37,0.19491277635097504,False
600,6400,38,0.19767321646213531,False
600,6400,39,0.19083172082901,False
600,6400,40,0.19110273569822311,False
600,6400,41,0.1921616494655609,False
600,6400,42,0.19160285592079163,False
600,6400,43,0.19396189600229263,False
600,6400,44,0.19212346524000168,False
600,6400,45,0.19025150686502457,False
600,6400,46,0.19023381173610687,False
600,6400,47,0.19025150686502457,False
600,6400,48,0.20151305943727493,False
600,6400,49,0.19108224660158157,False
600,10000,0,0.24904310703277588,False
600,10000,1,0.23248326033353806,False
600,10000,2,0.22836308926343918,False
600,10000,3,0.22468343377113342,False
600,10000,4,0.23399293422698975,False
600,10000,5,0.22197328507900238,False
600,10000,6,0.22606272250413895,False
600,10000,7,0.22811349481344223,False
600,10000,8,0.22645294666290283,False
600,10000,9,0.22751279175281525,False
600,10000,10,0.22639241069555283,False
600,10000,11,0.22480357438325882,False
600,10000,12,0.2306327223777771,False
600,10000,13,0.2263430505990982,False
600,10000,14,0.21204352378845215,False
600,10000,15,0.21139346063137054,False
600,10000,16,0.21222233772277832,False
600,10000,17,0.2122633159160614,False
600,10000,18,0.21280162036418915,False
600,10000,19,0.21204259246587753,False
600,10000,20,0.21145306527614594,False
600,10000,21,0.21088309586048126,False
600,10000,22,0.21316204220056534,False
600,10000,23,0.21237321197986603,False
600,10000,24,0.21135248243808746,False
600,10000,25,0.2129729837179184,False
600,10000,26,0.21195225417613983,False
600,10000,27,0.2187015488743782,False
600,10000,28,0.21129287779331207,False
600,10000,29,0.2114027738571167,False
600,10000,30,0.21179299801588058,False
600,10000,31,0.21233316510915756,False
600,10000,32,0.21319277584552765,False
600,10000,33,0.22432301193475723,False
600,10000,34,0.21110288798809052,False
600,10000,35,0.21133292466402054,False
600,10000,36,0.2133222296833992,False
600,10000,37,0.2120528370141983,False
600,10000,38,0.21484214812517166,False
600,10000,39,0.21174270659685135,False
600,10000,40,0.21048355847597122,False
600,10000,41,0.21818280220031738,False
600,10000,42,0.2116132527589798,False
600,10000,43,0.21083280444145203,False
600,10000,44,0.2110125496983528,False
600,10000,45,0.21147262305021286,False
600,10000,46,0.21247286349534988,False
600,10000,47,0.2112230286002159,False
600,10000,48,0.21077226847410202,False
600,10000,49,0.21107308566570282,False
501,1,0,0.23162364959716797,False
501,1,1,0.12947246432304382,False
501,1,2,0.12443121522665024,False
501,1,3,0.11754222214221954,False
501,1,4,0.11788122355937958,False
501,1,5,0.11664163321256638,False
501,1,6,0.11698063462972641,False
501,1,7,0.11498201638460159,False
501,1,8,0.11452194303274155,False
501,1,9,0.11428073048591614,False
501,1,10,0.1140320673584938,False
501,1,11,0.11406093835830688,False
501,1,12,0.11300202459096909,False
501,1,13,0.11720042675733566,False
501,1,14,0.12028217315673828,False
501,1,15,0.11465046554803848,False
501,1,16,0.11288188397884369,False
501,1,17,0.11282134801149368,False
501,1,18,0.11249259114265442,False
501,1,19,0.11303089559078217,False
501,1,20,0.11491216719150543,False
501,1,21,0.11314172297716141,False
501,1,22,0.11726189404726028,False
501,1,23,0.11469144374132156,False
501,1,24,0.11363252997398376,False
501,1,25,0.1124311238527298,False
501,1,26,0.1124916598200798,False
501,1,27,0.11247117072343826,False
501,1,28,0.11217128485441208,False
501,1,29,0.11209119111299515,False
501,1,30,0.11256150901317596,False
501,1,31,0.11353101581335068,False
501,1,32,0.11431146413087845,False
501,1,33,0.11282134801149368,False
501,1,34,0.11245161294937134,False
501,1,35,0.11257175356149673,False
501,1,36,0.11940207332372665,False
501,1,37,0.11309050023555756,False
501,1,38,0.11227093636989594,False
501,1,39,0.11309143155813217,False
501,1,40,0.122852623462677,False
501,1,41,0.1172805204987526,False
501,1,42,0.11172238737344742,False
501,1,43,0.11246092617511749,False
501,1,44,0.11188257485628128,False
501,1,45,0.11181086301803589,False
501,1,46,0.11232215911149979,False
501,1,47,0.11193100363016129,False
501,1,48,0.11195149272680283,False
501,1,49,0.11349096894264221,False
501,2,0,0.14482159167528152,False
501,2,1,0.12237206101417542,False
501,2,2,0.11719204485416412,False
501,2,3,0.115920789539814,False
501,2,4,0.11467188596725464,False
501,2,5,0.11428166180849075,False
501,2,6,0.11535175144672394,False
501,2,7,0.11629052460193634,False
501,2,8,0.1147715374827385,False
501,2,9,0.11344067752361298,False
501,2,10,0.11316221207380295,False
501,2,11,0.11441018432378769,False
501,2,12,0.11396221816539764,False
501,2,13,0.11354126036167145,False
501,2,14,0.11367164552211761,False
501,2,15,0.11429097503423691,False
501,2,16,0.11578202247619629,False
501,2,17,0.11386070400476456,False
501,2,18,0.11346209794282913,False
501,2,19,0.11255033314228058,False
501,2,20,0.11731218546628952,False
501,2,21,0.11250097304582596,False
501,2,22,0.11295173317193985,False
501,2,23,0.11313147842884064,False
501,2,24,0.11948216706514359,False
501,2,25,0.11573173105716705,False
501,2,26,0.1134118065237999,False
501,2,27,0.11346116662025452,False
501,2,28,0.11723209172487259,False
501,2,29,0.1138811931014061,False
501,2,30,0.11294148862361908,False
501,2,31,0.1128707081079483,False
501,2,32,0.11745188385248184,False
501,2,33,0.11561159044504166,False
501,2,34,0.1134118065237999,False
501,2,35,0.1132311299443245,False
501,2,36,0.11293217539787292,False
501,2,37,0.11279061436653137,False
501,2,38,0.11277198791503906,False
501,2,39,0.11268164962530136,False
501,2,40,0.11281203478574753,False
501,2,41,0.11499132961034775,False
501,2,42,0.11502206325531006,False
501,2,43,0.11315103620290756,False
501,2,44,0.11320225894451141,False
501,2,45,0.1132013276219368,False
501,2,46,0.11352170258760452,False
501,2,47,0.11290144175291061,False
501,2,48,0.11307187378406525,False
501,2,49,0.11269096285104752,False
501,4,0,0.13866089284420013,False
501,4,1,0.12212153524160385,False
501,4,2,0.11713150888681412,False
501,4,3,0.11544115841388702,False
501,4,4,0.11621229350566864,False
501,4,5,0.11609122157096863,False
501,4,6,0.1155724748969078,False
501,4,7,0.12058112770318985,False
501,4,8,0.11883210390806198,False
501,4,9,0.1156507059931755,False
501,4,10,0.11439248919487,False
501,4,11,0.11472124606370926,False
501,4,12,0.11470261961221695,False
501,4,13,0.11585094034671783,False
501,4,14,0.11588167399168015,False
501,4,15,0.11582206934690475,False
501,4,16,0.11770147830247879,False
501,4,17,0.11794175952672958,False
501,4,18,0.1151207834482193,False
501,4,19,0.11485256254673004,False
501,4,20,0.1146513968706131,False
501,4,21,0.11674128472805023,False
501,4,22,0.11438131332397461,False
501,4,23,0.11543184518814087,False
501,4,24,0.11497084051370621,False
501,4,25,0.12238230556249619,False
501,4,26,0.11661089956760406,False
501,4,27,0.11502206325531006,False
501,4,28,0.11483114212751389,False
501,4,29,0.11414196342229843,False
501,4,30,0.11531077325344086,False
501,4,31,0.11517200618982315,False
501,4,32,0.11481158435344696,False
501,4,33,0.11524185538291931,False
501,4,34,0.11714082211256027,False
501,4,35,0.11481158435344696,False
501,4,36,0.11492054909467697,False
501,4,37,0.11454243212938309,False
501,4,38,0.11489074677228928,False
501,4,39,0.11451169848442078,False
501,4,40,0.11391099542379379,False
501,4,41,0.11445209383964539,False
501,4,42,0.11702161282300949,False
501,4,43,0.11717155575752258,False
501,4,44,0.11450238525867462,False
501,4,45,0.11484138667583466,False
501,4,46,0.11423137038946152,False
501,4,47,0.11397060006856918,False
501,4,48,0.11402182281017303,False
501,4,49,0.11440087109804153,False
501,8,0,0.14505255967378616,False
501,8,1,0.12478046119213104,False
501,8,2,0.12161210179328918,False
501,8,3,0.11993106454610825,False
501,8,4,0.11876225471496582,False
501,8,5,0.1186709851026535,False
501,8,6,0.1191217452287674,False
501,8,7,0.12226216495037079,False
501,8,8,0.1283213496208191,False
501,8,9,0.12146122753620148,False
501,8,10,0.11850055307149887,False
501,8,11,0.1177620142698288,False
501,8,12,0.11742115020751953,False
501,8,13,0.1242607831954956,False
501,8,14,0.11668261140584946,False
501,8,15,0.116751529276371,False
501,8,16,0.11782161891460419,False
501,8,17,0.11987052857875824,False
501,8,18,0.11760275810956955,False
501,8,19,0.1166006550192833,False
501,8,20,0.11700205504894257,False
501,8,21,0.1175515353679657,False
501,8,22,0.11694151908159256,False
501,8,23,0.11661183089017868,False
501,8,24,0.11689029633998871,False
501,8,25,0.1261625438928604,False
501,8,26,0.1181112602353096,False
501,8,27,0.11681206524372101,False
501,8,28,0.1166006550192833,False
501,8,29,0.11654198169708252,False
501,8,30,0.11667143553495407,False
501,8,31,0.11686142534017563,False
501,8,32,0.11641159653663635,False
501,8,33,0.11763069778680801,False
501,8,34,0.11929124593734741,False
501,8,35,0.11699087917804718,False
501,8,36,0.11657178401947021,False
501,8,37,0.11714082211256027,False
501,8,38,0.1165224239230156,False
501,8,39,0.11617131531238556,False
501,8,40,0.11695176362991333,False
501,8,41,0.13145245611667633,False
501,8,42,0.1194709911942482,False
501,8,43,0.1169918105006218,False
501,8,44,0.11730100959539413,False
501,8,45,0.11676177382469177,False
501,8,46,0.11688098311424255,False
501,8,47,0.11635199189186096,False
501,8,48,0.11671148240566254,False
501,8,49,0.11646188795566559,False
501,16,0,0.14676153659820557,False
501,16,1,0.1257220283150673,False
501,16,2,0.12121163308620453,False
501,16,3,0.1201210543513298,False
501,16,4,0.11961162090301514,False
501,16,5,0.11986121535301208,False
501,16,6,0.11915154755115509,False
501,16,7,0.12052152305841446,False
501,16,8,0.12158136814832687,False
501,16,9,0.11936202645301819,False
501,16,10,0.1188814640045166,False
501,16,11,0.11857226490974426,False
501,16,12,0.11835061013698578,False
501,16,13,0.11833198368549347,False
501,16,14,0.118291936814785,False
501,16,15,0.12351106852293015,False
501,16,16,0.12040231376886368,False
501,16,17,0.11808052659034729,False
501,16,18,0.11833198368549347,False
501,16,19,0.11874176561832428,False
501,16,20,0.11839251965284348,False
501,16,21,0.11861231178045273,False
501,16,22,0.11859089136123657,False
501,16,23,0.11849217116832733,False
501,16,24,0.12043025344610214,False
501,16,25,0.12156274169683456,False
501,16,26,0.11912081390619278,False
501,16,27,0.11893175542354584,False
501,16,28,0.1179724931716919,False
501,16,29,0.11835061013698578,False
501,16,30,0.11801160871982574,False
501,16,31,0.11822115629911423,False
501,16,32,0.11919252574443817,False
501,16,33,0.12039113789796829,False
501,16,34,0.11910125613212585,False
501,16,35,0.1181410625576973,False
501,16,36,0.11838134378194809,False
501,16,37,0.11826120316982269,False
501,16,38,0.11780112981796265,False
501,16,39,0.1217518001794815,False
501,16,40,0.11750031262636185,False
501,16,41,0.12534204870462418,False
501,16,42,0.11981185525655746,False
501,16,43,0.11869054287672043,False
501,16,44,0.13194233179092407,False
501,16,45,0.1177806407213211,False
501,16,46,0.11806190013885498,False
501,16,47,0.12655183672904968,False
501,16,48,0.11890102177858353,False
501,16,49,0.11914223432540894,False
501,32,0,0.14438200742006302,False
501,32,1,0.12724287807941437,False
501,32,2,0.12366101145744324,False
501,32,3,0.12275204062461853,False
501,32,4,0.1234719529747963,False
501,32,5,0.12147054076194763,False
501,32,6,0.12180116027593613,False
501,32,7,0.12325122952461243,False
501,32,8,0.12072175741195679,False
501,32,9,0.12095179408788681,False
501,32,10,0.12040138244628906,False
501,32,11,0.12127216905355453,False
501,32,12,0.12127123773097992,False
501,32,13,0.12064166367053986,False
501,32,14,0.12214202433824539,False
501,32,15,0.12501142919063568,False
501,32,16,0.12147240340709686,False
501,32,17,0.1215711236000061,False
501,32,18,0.12074224650859833,False
501,32,19,0.12043211609125137,False
501,32,20,0.12043118476867676,False
501,32,21,0.12044236063957214,False
501,32,22,0.12132059782743454,False
501,32,23,0.12230221182107925,False
501,32,24,0.12099184095859528,False
501,32,25,0.12088101357221603,False
501,32,26,0.12080185115337372,False
501,32,27,0.12028124183416367,False
501,32,28,0.12086238712072372,False
501,32,29,0.12072175741195679,False
501,32,30,0.12137182056903839,False
501,32,31,0.1275520771741867,False
501,32,32,0.12535229325294495,False
501,32,33,0.1216009259223938,False
501,32,34,0.12046191841363907,False
501,32,35,0.12064166367053986,False
501,32,36,0.12016203254461288,False
501,32,37,0.12294203042984009,False
501,32,38,0.12801121920347214,False
501,32,39,0.13485178351402283,False
501,32,40,0.1214323565363884,False
501,32,41,0.12059137225151062,False
501,32,42,0.12092199176549911,False
501,32,43,0.1205001026391983,False
501,32,44,0.12050196528434753,False
501,32,45,0.1204516738653183,False
501,32,46,0.11999160051345825,False
501,32,47,0.12161210179328918,False
501,32,48,0.12309104204177856,False
501,32,49,0.12109149247407913,False
501,64,0,0.14600250869989395,False
501,64,1,0.13106223195791245,False
501,64,2,0.1271720975637436,False
501,64,3,0.1251809298992157,False
501,64,4,0.1324918121099472,False
501,64,5,0.12692250311374664,False
501,64,6,0.12421142309904099,False
501,64,7,0.12372154742479324,False
501,64,8,0.12351199984550476,False
501,64,9,0.12351106852293015,False
501,64,10,0.12404192239046097,False
501,64,11,0.1235324889421463,False
501,64,12,0.1292303204536438,False
501,64,13,0.12491177767515182,False
501,64,14,0.12403260916471481,False
501,64,15,0.12366101145744324,False
501,64,16,0.12352224439382553,False
501,64,17,0.12367125600576401,False
501,64,18,0.12312177568674088,False
501,64,19,0.12292154133319855,False
501,64,20,0.12676138430833817,False
501,64,21,0.12639164924621582,False
501,64,22,0.12314226478338242,False
501,64,23,0.12344121932983398,False
501,64,24,0.1234421506524086,False
501,64,25,0.1229308545589447,False
501,64,26,0.12350175529718399,False
501,64,27,0.1310715451836586,False
501,64,28,0.13437122106552124,False
501,64,29,0.12522097676992416,False
501,64,30,0.1233816146850586,False
501,64,31,0.123562291264534,False
501,64,32,0.12448150664567947,False
501,64,33,0.12275204062461853,False
501,64,34,0.12373179197311401,False
501,64,35,0.12393109500408173,False
501,64,36,0.13130251318216324,False
501,64,37,0.12446194887161255,False
501,64,38,0.12339092791080475,False
501,64,39,0.12406241148710251,False
501,64,40,0.1232614740729332,False
501,64,41,0.12493226677179337,False
501,64,42,0.12338254600763321,False
501,64,43,0.12248102575540543,False
501,64,44,0.1272018998861313,False
501,64,45,0.12429244816303253,False
501,64,46,0.1237606629729271,False
501,64,47,0.12305192649364471,False
501,64,48,0.12239068746566772,False
501,64,49,0.12263190001249313,False
501,100,0,0.14452170580625534,False
501,100,1,0.13963133096694946,False
501,100,2,0.12812204658985138,False
501,100,3,0.12482237070798874,False
501,100,4,0.12420117855072021,False
501,100,5,0.12416206300258636,False
501,100,6,0.12357067316770554,False
501,100,7,0.12451224029064178,False
501,100,8,0.1248018816113472,False
501,100,9,0.13075117021799088,False
501,100,10,0.12599211186170578,False
501,100,11,0.12431200593709946,False
501,100,12,0.12399069964885712,False
501,100,13,0.12367125600576401,False
501,100,14,0.12315250933170319,False
501,100,15,0.12311059981584549,False
501,100,16,0.12896209955215454,False
501,100,17,0.13177189975976944,False
501,100,18,0.12497138231992722,False
501,100,19,0.12342073023319244,False
501,100,20,0.12320280075073242,False
501,100,21,0.12328103184700012,False
501,100,22,0.12355204671621323,False
501,100,23,0.1234123483300209,False
501,100,24,0.12774113565683365,False
501,100,25,0.12919213622808456,False
501,100,26,0.12384168803691864,False
501,100,27,0.12330058962106705,False
501,100,28,0.12358278036117554,False
501,100,29,0.12316089123487473,False
501,100,30,0.12347288429737091,False
501,100,31,0.12322142720222473,False
501,100,32,0.1278109848499298,False
501,100,33,0.12568198144435883,False
501,100,34,0.12364145368337631,False
501,100,35,0.12329127639532089,False
501,100,36,0.12287218123674393,False
501,100,37,0.12295041233301163,False
501,100,38,0.12305192649364471,False
501,100,39,0.12314226478338242,False
501,100,40,0.12834183871746063,False
501,100,41,0.12594182044267654,False
501,100,42,0.12448243796825409,False
501,100,43,0.12327078729867935,False
501,100,44,0.1232018694281578,False
501,100,45,0.12336205691099167,False
501,100,46,0.1243511214852333,False
501,100,47,0.12324191629886627,False
501,100,48,0.13112183660268784,False
501,100,49,0.1261914148926735,False
501,200,0,0.14680251479148865,False
501,200,1,0.1305127516388893,False
501,200,2,0.12646149843931198,False
501,200,3,0.12651178985834122,False
501,200,4,0.1257220283150673,False
501,200,5,0.13431254774332047,False
501,200,6,0.143490731716156,False
501,200,7,0.12721121311187744,False
501,200,8,0.1256018877029419,False
501,200,9,0.13108085840940475,False
501,200,10,0.12547243386507034,False
501,200,11,0.1245914027094841,False
501,200,12,0.12406054884195328,False
501,200,13,0.12568198144435883,False
501,200,14,0.13179145753383636,False
501,200,15,0.12517068535089493,False
501,200,16,0.12506172060966492,False
501,200,17,0.12433156371116638,False
501,200,18,0.12479163706302643,False
501,200,19,0.1246519386768341,False
501,200,20,0.12476183474063873,False
501,200,21,0.13058166950941086,False
501,200,22,0.12624170631170273,False
501,200,23,0.1246519386768341,False
501,200,24,0.12421142309904099,False
501,200,25,0.12405216693878174,False
501,200,26,0.12392271310091019,False
501,200,27,0.12423098087310791,False
501,200,28,0.1241518184542656,False
501,200,29,0.1253318041563034,False
501,200,30,0.12658163905143738,False
501,200,31,0.12512225657701492,False
501,200,32,0.12407265603542328,False
501,200,33,0.12418068945407867,False
501,200,34,0.12447219341993332,False
501,200,35,0.1241704449057579,False
501,200,36,0.12428127229213715,False
501,200,37,0.12905243784189224,False
501,200,38,0.1256503164768219,False
501,200,39,0.1244526356458664,False
501,200,40,0.12401212006807327,False
501,200,41,0.12564100325107574,False
501,200,42,0.1244526356458664,False
501,200,43,0.12405123561620712,False
501,200,44,0.12366101145744324,False
501,200,45,0.13096164911985397,False
501,200,46,0.13260170817375183,False
501,200,47,0.13060122728347778,False
501,200,48,0.12442190200090408,False
501,200,49,0.12374203652143478,False
501,400,0,0.14892220497131348,False
501,400,1,0.13369228690862656,False
501,400,2,0.13087131083011627,False
501,400,3,0.12688245624303818,False
501,400,4,0.12659188359975815,False
501,400,5,0.12629199773073196,False
501,400,6,0.12614019215106964,False
501,400,7,0.12595206499099731,False
501,400,8,0.1267818734049797,False
501,400,9,0.13445131480693817,False
501,400,10,0.12795254588127136,False
501,400,11,0.12606196105480194,False
501,400,12,0.12594182044267654,False
501,400,13,0.12620165944099426,False
501,400,14,0.1262221485376358,False
501,400,15,0.12662075459957123,False
501,400,16,0.13239216059446335,False
501,400,17,0.12895185500383377,False
501,400,18,0.1266608014702797,False
501,400,19,0.12954231351613998,False
501,400,20,0.1257220283150673,False
501,400,21,0.125921331346035,False
501,400,22,0.12647174298763275,False
501,400,23,0.12639164924621582,False
501,400,24,0.1272512599825859,False
501,400,25,0.12941192835569382,False
501,400,26,0.1263422891497612,False
501,400,27,0.12619048357009888,False
501,400,28,0.1261616125702858,False
501,400,29,0.12605171650648117,False
501,400,30,0.12548081576824188,False
501,400,31,0.12567266821861267,False
501,400,32,0.12736208736896515,False
501,400,33,0.12949015945196152,False
501,400,34,0.13109203428030014,False
501,400,35,0.126522034406662,False
501,400,36,0.12611225247383118,False
501,400,37,0.12611132115125656,False
501,400,38,0.12550130486488342,False
501,400,39,0.127522274851799,False
501,400,40,0.12694019824266434,False
501,400,41,0.12821238487958908,False
501,400,42,0.1266617327928543,False
501,400,43,0.12647081166505814,False
501,400,44,0.12629199773073196,False
501,400,45,0.12623239308595657,False
501,400,46,0.12626033276319504,False
501,400,47,0.12576207518577576,False
501,400,48,0.12689176946878433,False
501,400,49,0.1283511519432068,False
501,800,0,0.1538628712296486,False
501,800,1,0.13792235404253006,False
501,800,2,0.1331707462668419,False
501,800,3,0.1337919384241104,False
501,800,4,0.1327618956565857,False
501,800,5,0.1314505934715271,False
501,800,6,0.13025198131799698,False
501,800,7,0.12957211583852768,False
501,800,8,0.12990180402994156,False
501,800,9,0.1336410641670227,False
501,800,10,0.1291520893573761,False
501,800,11,0.13055186718702316,False
501,800,12,0.13200193643569946,False
501,800,13,0.13106130063533783,False
501,800,14,0.1324918121099472,False
501,800,15,0.13034231960773468,False
501,800,16,0.12963265180587769,False
501,800,17,0.13014115393161774,False
501,800,18,0.13090204447507858,False
501,800,19,0.13704225420951843,False
501,800,20,0.13092253357172012,False
501,800,21,0.12981146574020386,False
501,800,22,0.1298617571592331,False
501,800,23,0.1298617571592331,False
501,800,24,0.13026036322116852,False
501,800,25,0.12993253767490387,False
501,800,26,0.13065151870250702,False
501,800,27,0.13195164501667023,False
501,800,28,0.13407133519649506,False
501,800,29,0.1292722299695015,False
501,800,30,0.1300424337387085,False
501,800,31,0.12972112745046616,False
501,800,32,0.13023242354393005,False
501,800,33,0.12942124158143997,False
501,800,34,0.13238191604614258,False
501,800,35,0.13212114572525024,False
501,800,36,0.12960191816091537,False
501,800,37,0.12973230332136154,False
501,800,38,0.129050575196743,False
501,800,39,0.12982264161109924,False
501,800,40,0.12944266200065613,False
501,800,41,0.1303618773818016,False
501,800,42,0.13176258653402328,False
501,800,43,0.12984126806259155,False
501,800,44,0.12957118451595306,False
501,800,45,0.1291409134864807,False
501,800,46,0.12904219329357147,False
501,800,47,0.1333821564912796,False
501,800,48,0.12941192835569382,False
501,800,49,0.13062171638011932,False
501,1600,0,0.16047153621912003,False
501,1600,1,0.14384277164936066,False
501,1600,2,0.13979244977235794,False
501,1600,3,0.14050211757421494,False
501,1600,4,0.1393621787428856,False
501,1600,5,0.13975147157907486,False
501,1600,6,0.13652164489030838,False
501,1600,7,0.13659149408340454,False
501,1600,8,0.13623200356960297,False
501,1600,9,0.1365821808576584,False
501,1600,10,0.14509260654449463,False
501,1600,11,0.13751070946455002,False
501,1600,12,0.1389719545841217,False
501,1600,13,0.13558194041252136,False
501,1600,14,0.1359516754746437,False
501,1600,15,0.13545062392950058,False
501,1600,16,0.13611093163490295,False
501,1600,17,0.13741198927164078,False
501,1600,18,0.13721175491809845,False
501,1600,19,0.13561174273490906,False
501,1600,20,0.1355120912194252,False
501,1600,21,0.13563130050897598,False
501,1600,22,0.1352420076727867,False
501,1600,23,0.13581197708845139,False
501,1600,24,0.13685133308172226,False
501,1600,25,0.13740174472332,False
501,1600,26,0.13560056686401367,False
501,1600,27,0.13589207082986832,False
501,1600,28,0.13533234596252441,False
501,1600,29,0.1350725069642067,False
501,1600,30,0.13644155114889145,False
501,1600,31,0.1365114003419876,False
501,1600,32,0.14299247413873672,False
501,1600,33,0.13588182628154755,False
501,1600,34,0.14032237231731415,False
501,1600,35,0.13547204434871674,False
501,1600,36,0.13584084808826447,False
501,1600,37,0.13558287173509598,False
501,1600,38,0.13553164899349213,False
501,1600,39,0.13739243149757385,False
501,1600,40,0.13686157763004303,False
501,1600,41,0.13611093163490295,False
501,1600,42,0.13792235404253006,False
501,1600,43,0.1354217529296875,False
501,1600,44,0.1348918303847313,False
501,1600,45,0.13561081141233444,False
501,1600,46,0.15629176050424576,False
501,1600,47,0.13747159391641617,False
501,1600,48,0.13574212789535522,False
501,1600,49,0.13582129031419754,False
501,3200,0,0.173262320458889,False
501,3200,1,0.15543214976787567,False
501,3200,2,0.15180185437202454,False
501,3200,3,0.15094224363565445,False
501,3200,4,0.15579164028167725,False
501,3200,5,0.15248265117406845,False
501,3200,6,0.14881230890750885,False
501,3200,7,0.1501515507698059,False
501,3200,8,0.1489724963903427,False
501,3200,9,0.14860183000564575,False
501,3200,10,0.14772173017263412,False
501,3200,11,0.14872197061777115,False
501,3200,12,0.15443190932273865,False
501,3200,13,0.14851149171590805,False
501,3200,14,0.14798250049352646,False
501,3200,15,0.14775153249502182,False
501,3200,16,0.1472923904657364,False
501,3200,17,0.14816224575042725,False
501,3200,18,0.1492723822593689,False
501,3200,19,0.15015248209238052,False
501,3200,20,0.15242211520671844,False
501,3200,21,0.1495620235800743,False
501,3200,22,0.1481827348470688,False
501,3200,23,0.15259254723787308,False
501,3200,24,0.14869216829538345,False
501,3200,25,0.1562824472784996,False
501,3200,26,0.14904141426086426,False
501,3200,27,0.1474320888519287,False
501,3200,28,0.15289243310689926,False
501,3200,29,0.14717131853103638,False
501,3200,30,0.14750193804502487,False
501,3200,31,0.15640165656805038,False
501,3200,32,0.14866143465042114,False
501,3200,33,0.14781206846237183,False
501,3200,34,0.14789123088121414,False
501,3200,35,0.1468416303396225,False
501,3200,36,0.14715176075696945,False
501,3200,37,0.14716200530529022,False
501,3200,38,0.14869216829538345,False
501,3200,39,0.15003234148025513,False
501,3200,40,0.14802254736423492,False
501,3200,41,0.14724116772413254,False
501,3200,42,0.14744140207767487,False
501,3200,43,0.14709215611219406,False
501,3200,44,0.14750100672245026,False
501,3200,45,0.1561129465699196,False
501,3200,46,0.14963187277317047,False
501,3200,47,0.1482320949435234,False
501,3200,48,0.1500118523836136,False
501,3200,49,0.1470409333705902,False
501,6400,0,0.20169280469417572,False
501,6400,1,0.18431153148412704,False
501,6400,2,0.1795729622244835,False
501,6400,3,0.1841215416789055,False
501,6400,4,0.1812819391489029,False
501,6400,5,0.17899274826049805,False
501,6400,6,0.17991196364164352,False
501,6400,7,0.1774318516254425,False
501,6400,8,0.17583370208740234,False
501,6400,9,0.17733220010995865,False
501,6400,10,0.17855223268270493,False
501,6400,11,0.17869286239147186,False
501,6400,12,0.17827190458774567,False
501,6400,13,0.17558317631483078,False
501,6400,14,0.1768423244357109,False
501,6400,15,0.1748921349644661,False
501,6400,16,0.18106307834386826,False
501,6400,17,0.17889216542243958,False
501,6400,18,0.17631147056818008,False
501,6400,19,0.17633289098739624,False
501,6400,20,0.17960276454687119,False
501,6400,21,0.17497222870588303,False
501,6400,22,0.17568282783031464,False
501,6400,23,0.17812196165323257,False
501,6400,24,0.17589237540960312,False
501,6400,25,0.18006283789873123,False
501,6400,26,0.1771915704011917,False
501,6400,27,0.1755421981215477,False
501,6400,28,0.183863565325737,False
501,6400,29,0.17659179866313934,False
501,6400,30,0.17587188631296158,False
501,6400,31,0.17595384269952774,False
501,6400,32,0.17967168241739273,False
501,6400,33,0.17599202692508698,False
501,6400,34,0.17580296844244003,False
501,6400,35,0.17683114856481552,False
501,6400,36,0.17523206770420074,False
501,6400,37,0.18009264022111893,False
501,6400,38,0.1748325303196907,False
501,6400,39,0.17849262803792953,False
501,6400,40,0.17682276666164398,False
501,6400,41,0.1754220575094223,False
501,6400,42,0.1749824732542038,False
501,6400,43,0.17490237951278687,False
501,6400,44,0.17438270151615143,False
501,6400,45,0.18132198601961136,False
501,6400,46,0.17836317420005798,False
501,6400,47,0.17578154802322388,False
501,6400,48,0.17645210027694702,False
501,6400,49,0.17495173960924149,False
501,10000,0,0.22887345403432846,False
501,10000,1,0.21053291857242584,False
501,10000,2,0.2176128327846527,False
501,10000,3,0.20869262516498566,False
501,10000,4,0.21065305918455124,False
501,10000,5,0.20994246006011963,False
501,10000,6,0.2165231853723526,False
501,10000,7,0.21264329552650452,False
501,10000,8,0.20955316722393036,False
501,10000,9,0.20893197506666183,False
501,10000,10,0.21150335669517517,False
501,10000,11,0.21073315292596817,False
501,10000,12,0.21021254360675812,False
501,10000,13,0.208352692425251,False
501,10000,14,0.20984187722206116,False
501,10000,15,0.19674375653266907,False
501,10000,16,0.19739288836717606,False
501,10000,17,0.1981714740395546,False
501,10000,18,0.19730348140001297,False
501,10000,19,0.19784178584814072,False
501,10000,20,0.19795261323451996,False
501,10000,21,0.19745249301195145,False
501,10000,22,0.19775237888097763,False
501,10000,23,0.19728299230337143,False
501,10000,24,0.19869115203619003,False
501,10000,25,0.19931327551603317,False
501,10000,26,0.19691325724124908,False
501,10000,27,0.1969924196600914,False
501,10000,28,0.19614305347204208,False
501,10000,29,0.1959521323442459,False
501,10000,30,0.1954333856701851,False
501,10000,31,0.19593164324760437,False
501,10000,32,0.1971134915947914,False
501,10000,33,0.19546318799257278,False
501,10000,34,0.19538123160600662,False
501,10000,35,0.1945430412888527,False
501,10000,36,0.19652210175991058,False
501,10000,37,0.2006934955716133,False
501,10000,38,0.1956634223461151,False
501,10000,39,0.19600242376327515,False
501,10000,40,0.1960834488272667,False
501,10000,41,0.19635166972875595,False
501,10000,42,0.19650254398584366,False
501,10000,43,0.19526202231645584,False
501,10000,44,0.1952536404132843,False
501,10000,45,0.19545294344425201,False
501,10000,46,0.2016620710492134,False
501,10000,47,0.19799266010522842,False
501,10000,48,0.1956019550561905,False
501,10000,49,0.1957826316356659,False
399,1,0,0.19776169210672379,False
399,1,1,0.11367257684469223,False
399,1,2,0.112190842628479,False
399,1,3,0.10488182306289673,False
399,1,4,0.10108109563589096,False
399,1,5,0.10009109973907471,False
399,1,6,0.099891796708107,False
399,1,7,0.10298099368810654,False
399,1,8,0.09836070239543915,False
399,1,9,0.09919144213199615,False
399,1,10,0.10109134018421173,False
399,1,11,0.09838119149208069,False
399,1,12,0.09939167648553848,False
399,1,13,0.10062102228403091,False
399,1,14,0.09848084300756454,False
399,1,15,0.09783264249563217,False
399,1,16,0.09804125875234604,False
399,1,17,0.09793136268854141,False
399,1,18,0.0974610447883606,False
399,1,19,0.09807199239730835,False
399,1,20,0.09995140135288239,False
399,1,21,0.09787175804376602,False
399,1,22,0.10269228368997574,False
399,1,23,0.10121054947376251,False
399,1,24,0.09759142994880676,False
399,1,25,0.09716115891933441,False
399,1,26,0.09729154407978058,False
399,1,27,0.09733065962791443,False
399,1,28,0.09662099182605743,False
399,1,29,0.09613204747438431,False
399,1,30,0.09834114462137222,False
399,1,31,0.09639095515012741,False
399,1,32,0.09613204747438431,False
399,1,33,0.10469090193510056,False
399,1,34,0.09678024798631668,False
399,1,35,0.09697210043668747,False
399,1,36,0.09651109576225281,False
399,1,37,0.09649060666561127,False
399,1,38,0.09656138718128204,False
399,1,39,0.09624194353818893,False
399,1,40,0.09594112634658813,False
399,1,41,0.09693019092082977,False
399,1,42,0.09677093476057053,False
399,1,43,0.09794160723686218,False
399,1,44,0.09816046804189682,False
399,1,45,0.09717140346765518,False
399,1,46,0.09639188647270203,False
399,1,47,0.09695161134004593,False
399,1,48,0.09617116302251816,False
399,1,49,0.09686127305030823,False
399,2,0,0.12753065675497055,False
399,2,1,0.10759197175502777,False
399,2,2,0.11114124208688736,False
399,2,3,0.10025128722190857,False
399,2,4,0.09846128523349762,False
399,2,5,0.0978708267211914,False
399,2,6,0.09839050471782684,False
399,2,7,0.10088179260492325,False
399,2,8,0.09824056178331375,False
399,2,9,0.09749084711074829,False
399,2,10,0.09762216359376907,False
399,2,11,0.09721145033836365,False
399,2,12,0.10500103235244751,False
399,2,13,0.09830202907323837,False
399,2,14,0.09685102850198746,False
399,2,15,0.0974312424659729,False
399,2,16,0.09653158485889435,False
399,2,17,0.09668152779340744,False
399,2,18,0.09714066982269287,False
399,2,19,0.09653065353631973,False
399,2,20,0.09715277701616287,False
399,2,21,0.09677093476057053,False
399,2,22,0.09813159704208374,False
399,2,23,0.098472461104393,False
399,2,24,0.09717140346765518,False
399,2,25,0.09709130972623825,False
399,2,26,0.0966005027294159,False
399,2,27,0.09672250598669052,False
399,2,28,0.09694136679172516,False
399,2,29,0.09748060256242752,False
399,2,30,0.10260194540023804,False
399,2,31,0.10035093873739243,False
399,2,32,0.09803101420402527,False
399,2,33,0.11062249541282654,False
399,2,34,0.09751133620738983,False
399,2,35,0.09717140346765518,False
399,2,36,0.09713135659694672,False
399,2,37,0.09680259972810745,False
399,2,38,0.09727105498313904,False
399,2,39,0.09697116911411285,False
399,2,40,0.09680073708295822,False
399,2,41,0.09712204337120056,False
399,2,42,0.09908061474561691,False
399,2,43,0.09972136467695236,False
399,2,44,0.09735208004713058,False
399,2,45,0.09693112224340439,False
399,2,46,0.0964505597949028,False
399,2,47,0.09655114263296127,False
399,2,48,0.09707268327474594,False
399,2,49,0.0966610386967659,False
399,4,0,0.12058205902576447,False
399,4,1,0.10659173130989075,False
399,4,2,0.10407250374555588,False
399,4,3,0.1005716621875763,False
399,4,4,0.09988155215978622,False
399,4,5,0.0995313748717308,False
399,4,6,0.09940098971128464,False
399,4,7,0.10316073894500732,False
399,4,8,0.09896233677864075,False
399,4,9,0.09927060455083847,False
399,4,10,0.09969063103199005,False
399,4,11,0.09972229599952698,False
399,4,12,0.10059121996164322,False
399,4,13,0.09913090616464615,False
399,4,14,0.10050181299448013,False
399,4,15,0.09899027645587921,False
399,4,16,0.09901076555252075,False
399,4,17,0.0997418537735939,False
399,4,18,0.09898096323013306,False
399,4,19,0.09889062494039536,False
399,4,20,0.09896140545606613,False
399,4,21,0.09968224912881851,False
399,4,22,0.10060053318738937,False
399,4,23,0.09940098971128464,False
399,4,24,0.09900238364934921,False
399,4,25,0.09969156235456467,False
399,4,26,0.0987909734249115,False
399,4,27,0.09845197200775146,False
399,4,28,0.09869039058685303,False
399,4,29,0.0985804945230484,False
399,4,30,0.09873136878013611,False
399,4,31,0.10000169277191162,False
399,4,32,0.10002125054597855,False
399,4,33,0.09925104677677155,False
399,4,34,0.09814184159040451,False
399,4,35,0.09846128523349762,False
399,4,36,0.09937025606632233,False
399,4,37,0.09800214320421219,False
399,4,38,0.09828153997659683,False
399,4,39,0.09853113442659378,False
399,4,40,0.09812042117118835,False
399,4,41,0.09898189455270767,False
399,4,42,0.09975116699934006,False
399,4,43,0.09886082261800766,False
399,4,44,0.09856186807155609,False
399,4,45,0.09906105697154999,False
399,4,46,0.098351389169693,False
399,4,47,0.09868200868368149,False
399,4,48,0.09810086339712143,False
399,4,49,0.0985506922006607,False
399,8,0,0.12289080768823624,False
399,8,1,0.10783225297927856,False
399,8,2,0.10312162339687347,False
399,8,3,0.10096095502376556,False
399,8,4,0.10092183947563171,False
399,8,5,0.10133162140846252,False
399,8,6,0.1050904393196106,False
399,8,7,0.10203197598457336,False
399,8,8,0.10066106915473938,False
399,8,9,0.10061170905828476,False
399,8,10,0.10687112808227539,False
399,8,11,0.1024315133690834,False
399,8,12,0.10109134018421173,False
399,8,13,0.10052230209112167,False
399,8,14,0.10078120976686478,False
399,8,15,0.10069087147712708,False
399,8,16,0.10043196380138397,False
399,8,17,0.10063126683235168,False
399,8,18,0.10063033550977707,False
399,8,19,0.10555144399404526,False
399,8,20,0.10336097329854965,False
399,8,21,0.10117050260305405,False
399,8,22,0.10069180279970169,False
399,8,23,0.10009109973907471,False
399,8,24,0.0997716560959816,False
399,8,25,0.10001193732023239,False
399,8,26,0.10034069418907166,False
399,8,27,0.10025128722190857,False
399,8,28,0.0999225303530693,False
399,8,29,0.10532047599554062,False
399,8,30,0.10378099977970123,False
399,8,31,0.10059215128421783,False
399,8,32,0.1002410426735878,False
399,8,33,0.10039098560810089,False
399,8,34,0.09962264448404312,False
399,8,35,0.0998014584183693,False
399,8,36,0.1003611832857132,False
399,8,37,0.0998321920633316,False
399,8,38,0.10008085519075394,False
399,8,39,0.10149087756872177,False
399,8,40,0.10227225720882416,False
399,8,41,0.10053161531686783,False
399,8,42,0.10099075734615326,False
399,8,43,0.10017212480306625,False
399,8,44,0.10010041296482086,False
399,8,45,0.10174140334129333,False
399,8,46,0.09968224912881851,False
399,8,47,0.10003149509429932,False
399,8,48,0.10037142783403397,False
399,8,49,0.10113231837749481,False
399,16,0,0.12402236461639404,False
399,16,1,0.10831095278263092,False
399,16,2,0.10381080210208893,False
399,16,3,0.10377168655395508,False
399,16,4,0.1022210344672203,False
399,16,5,0.10297074913978577,False
399,16,6,0.10255258530378342,False
399,16,7,0.10238122195005417,False
399,16,8,0.11278223246335983,False
399,16,9,0.10368134826421738,False
399,16,10,0.10286085307598114,False
399,16,11,0.10228250175714493,False
399,16,12,0.10211113840341568,False
399,16,13,0.10206177830696106,False
399,16,14,0.10144151747226715,False
399,16,15,0.1021604984998703,False
399,16,16,0.1014508306980133,False
399,16,17,0.1028822734951973,False
399,16,18,0.10479055345058441,False
399,16,19,0.10212138295173645,False
399,16,20,0.10197237133979797,False
399,16,21,0.10238122195005417,False
399,16,22,0.10183174163103104,False
399,16,23,0.10187085717916489,False
399,16,24,0.10176096111536026,False
399,16,25,0.10549277067184448,False
399,16,26,0.10265130549669266,False
399,16,27,0.10398123413324356,False
399,16,28,0.10868161916732788,False
399,16,29,0.10235048830509186,False
399,16,30,0.10295119136571884,False
399,16,31,0.11371076107025146,False
399,16,32,0.10188110172748566,False
399,16,33,0.10226201266050339,False
399,16,34,0.1015709713101387,False
399,16,35,0.10129064321517944,False
399,16,36,0.10136235505342484,False
399,16,37,0.10931119322776794,False
399,16,38,0.10250136256217957,False
399,16,39,0.1016613095998764,False
399,16,40,0.10161101818084717,False
399,16,41,0.10096095502376556,False
399,16,42,0.10407250374555588,False
399,16,43,0.10111089795827866,False
399,16,44,0.10074116289615631,False
399,16,45,0.10103173553943634,False
399,16,46,0.10221078991889954,False
399,16,47,0.10357238352298737,False
399,16,48,0.1015709713101387,False
399,16,49,0.10082032531499863,False
399,32,0,0.12603122740983963,False
399,32,1,0.11115148663520813,False
399,32,2,0.10708160698413849,False
399,32,3,0.10828115046024323,False
399,32,4,0.10523200035095215,False
399,32,5,0.11332053691148758,False
399,32,6,0.10546203702688217,False
399,32,7,0.10404083877801895,False
399,32,8,0.1033516600728035,False
399,32,9,0.10425131767988205,False
399,32,10,0.10371115058660507,False
399,32,11,0.10358169674873352,False
399,32,12,0.1042904332280159,False
399,32,13,0.10444223880767822,False
399,32,14,0.10449159890413284,False
399,32,15,0.10609161108732224,False
399,32,16,0.10459218174219131,False
399,32,17,0.10409113019704819,False
399,32,18,0.10380148887634277,False
399,32,19,0.10406225919723511,False
399,32,20,0.1040315255522728,False
399,32,21,0.10340102016925812,False
399,32,22,0.10338146239519119,False
399,32,23,0.10351184755563736,False
399,32,24,0.11034123599529266,False
399,32,25,0.10634120553731918,False
399,32,26,0.10329112410545349,False
399,32,27,0.10339170694351196,False
399,32,28,0.10306108742952347,False
399,32,29,0.10810140520334244,False
399,32,30,0.1028105616569519,False
399,32,31,0.1031113788485527,False
399,32,32,0.10373163968324661,False
399,32,33,0.10415073484182358,False
399,32,34,0.10578054934740067,False
399,32,35,0.10406225919723511,False
399,32,36,0.10353047400712967,False
399,32,37,0.10328087955713272,False
399,32,38,0.10296236723661423,False
399,32,39,0.10346062481403351,False
399,32,40,0.10300148278474808,False
399,32,41,0.10363291949033737,False
399,32,42,0.10768137872219086,False
399,32,43,0.10483153164386749,False
399,32,44,0.10544061660766602,False
399,32,45,0.1035807654261589,False
399,32,46,0.10295212268829346,False
399,32,47,0.10346155613660812,False
399,32,48,0.103791244328022,False
399,32,49,0.10336097329854965,False
399,64,0,0.13111252337694168,False
399,64,1,0.11489260941743851,False
399,64,2,0.11143088340759277,False
399,64,3,0.11135172098875046,False
399,64,4,0.1074308529496193,False
399,64,5,0.10721106082201004,False
399,64,6,0.10676216334104538,False
399,64,7,0.10610092431306839,False
399,64,8,0.10717194527387619,False
399,64,9,0.10675098747015,False
399,64,10,0.10760128498077393,False
399,64,11,0.10840129107236862,False
399,64,12,0.10694097727537155,False
399,64,13,0.10626204311847687,False
399,64,14,0.10627135634422302,False
399,64,15,0.10616052895784378,False
399,64,16,0.10593235492706299,False
399,64,17,0.10601058602333069,False
399,64,18,0.10615214705467224,False
399,64,19,0.10584108531475067,False
399,64,20,0.11307094246149063,False
399,64,21,0.10685157030820847,False
399,64,22,0.10677147656679153,False
399,64,23,0.10649207979440689,False
399,64,24,0.10666158050298691,False
399,64,25,0.1066010445356369,False
399,64,26,0.10664202272891998,False
399,64,27,0.10577123612165451,False
399,64,28,0.10833237320184708,False
399,64,29,0.10966043919324875,False
399,64,30,0.10881200432777405,False
399,64,31,0.10640081018209457,False
399,64,32,0.10691117495298386,False
399,64,33,0.10643154382705688,False
399,64,34,0.10608136653900146,False
399,64,35,0.10570231825113297,False
399,64,36,0.10633096098899841,False
399,64,37,0.11481158435344696,False
399,64,38,0.10711140930652618,False
399,64,39,0.10801106691360474,False
399,64,40,0.10721199214458466,False
399,64,41,0.10600127279758453,False
399,64,42,0.10607205331325531,False
399,64,43,0.10539032518863678,False
399,64,44,0.10655075311660767,False
399,64,45,0.10583177208900452,False
399,64,46,0.10599102824926376,False
399,64,47,0.11102203279733658,False
399,64,48,0.10868161916732788,False
399,64,49,0.10747183114290237,False
399,100,0,0.12904126197099686,False
399,100,1,0.11377129703760147,False
399,100,2,0.11018197983503342,False
399,100,3,0.1089116558432579,False
399,100,4,0.10857172310352325,False
399,100,5,0.10843109339475632,False
399,100,6,0.11051073670387268,False
399,100,7,0.10768231004476547,False
399,100,8,0.10646134614944458,False
399,100,9,0.10721199214458466,False
399,100,10,0.10679103434085846,False
399,100,11,0.1071123406291008,False
399,100,12,0.10630115866661072,False
399,100,13,0.11155195534229279,False
399,100,14,0.10672025382518768,False
399,100,15,0.11387094855308533,False
399,100,16,0.10729208588600159,False
399,100,17,0.10655075311660767,False
399,100,18,0.10675191879272461,False
399,100,19,0.10667089372873306,False
399,100,20,0.10600127279758453,False
399,100,21,0.10618194937705994,False
399,100,22,0.10689161717891693,False
399,100,23,0.10642223060131073,False
399,100,24,0.1080213114619255,False
399,100,25,0.10895077139139175,False
399,100,26,0.10770279914140701,False
399,100,27,0.10640081018209457,False
399,100,28,0.10670162737369537,False
399,100,29,0.10645110160112381,False
399,100,30,0.10608136653900146,False
399,100,31,0.10888278484344482,False
399,100,32,0.10606087744235992,False
399,100,33,0.10666158050298691,False
399,100,34,0.11040177196264267,False
399,100,35,0.10668113827705383,False
399,100,36,0.1059211790561676,False
399,100,37,0.10683108121156693,False
399,100,38,0.10631140321493149,False
399,100,39,0.10686181485652924,False
399,100,40,0.10633096098899841,False
399,100,41,0.10606180876493454,False
399,100,42,0.107521191239357,False
399,100,43,0.11491216719150543,False
399,100,44,0.10726042091846466,False
399,100,45,0.10652188211679459,False
399,100,46,0.10650139302015305,False
399,100,47,0.10623224079608917,False
399,100,48,0.10615121573209763,False
399,100,49,0.10655075311660767,False
399,200,0,0.1310119405388832,False
399,200,1,0.11604093015193939,False
399,200,2,0.11054147034883499,False
399,200,3,0.1086108386516571,False
399,200,4,0.11077243834733963,False
399,200,5,0.10783132165670395,False
399,200,6,0.1099519431591034,False
399,200,7,0.10773073881864548,False
399,200,8,0.10760128498077393,False
399,200,9,0.10933168232440948,False
399,200,10,0.11044088751077652,False
399,200,11,0.10775215923786163,False
399,200,12,0.10780058801174164,False
399,200,13,0.10744202882051468,False
399,200,14,0.10714121162891388,False
399,200,15,0.10719150304794312,False
399,200,16,0.10746251791715622,False
399,200,17,0.10718032717704773,False
399,200,18,0.10681245476007462,False
399,200,19,0.11409074068069458,False
399,200,20,0.10958220809698105,False
399,200,21,0.10755099356174469,False
399,200,22,0.10671094059944153,False
399,200,23,0.10719150304794312,False
399,200,24,0.10744109749794006,False
399,200,25,0.10706204921007156,False
399,200,26,0.10678078979253769,False
399,200,27,0.10676030069589615,False
399,200,28,0.10811164975166321,False
399,200,29,0.10936055332422256,False
399,200,30,0.10778196156024933,False
399,200,31,0.10652095079421997,False
399,200,32,0.10672211647033691,False
399,200,33,0.10682083666324615,False
399,200,34,0.10683108121156693,False
399,200,35,0.1070220023393631,False
399,200,36,0.10698102414608002,False
399,200,37,0.10786205530166626,False
399,200,38,0.11410098522901535,False
399,200,39,0.10722223669290543,False
399,200,40,0.1074010506272316,False
399,200,41,0.1073712483048439,False
399,200,42,0.10669231414794922,False
399,200,43,0.10715145617723465,False
399,200,44,0.10754168033599854,False
399,200,45,0.10720081627368927,False
399,200,46,0.10978151112794876,False
399,200,47,0.10923203080892563,False
399,200,48,0.10750070214271545,False
399,200,49,0.10730233043432236,False
399,400,0,0.1327618956565857,False
399,400,1,0.1164805144071579,False
399,400,2,0.11381227523088455,False
399,400,3,0.11115055531263351,False
399,400,4,0.12023188173770905,False
399,400,5,0.1117810606956482,False
399,400,6,0.11019222438335419,False
399,400,7,0.10969117283821106,False
399,400,8,0.11887215077877045,False
399,400,9,0.10939035564661026,False
399,400,10,0.109122134745121,False
399,400,11,0.11005066335201263,False
399,400,12,0.11460203677415848,False
399,400,13,0.11169165372848511,False
399,400,14,0.11016242206096649,False
399,400,15,0.1089712604880333,False
399,400,16,0.10909140110015869,False
399,400,17,0.10947231203317642,False
399,400,18,0.10945089161396027,False
399,400,19,0.10857172310352325,False
399,400,20,0.10910071432590485,False
399,400,21,0.1142723485827446,False
399,400,22,0.11471100151538849,False
399,400,23,0.11238176375627518,False
399,400,24,0.11076126247644424,False
399,400,25,0.10972190648317337,False
399,400,26,0.10860152542591095,False
399,400,27,0.11066161096096039,False
399,400,28,0.10935124009847641,False
399,400,29,0.10916125029325485,False
399,400,30,0.11420249938964844,False
399,400,31,0.11344067752361298,False
399,400,32,0.10922178626060486,False
399,400,33,0.10946113616228104,False
399,400,34,0.10895170271396637,False
399,400,35,0.10963063687086105,False
399,400,36,0.10912120342254639,False
399,400,37,0.10886043310165405,False
399,400,38,0.10900013148784637,False
399,400,39,0.11018197983503342,False
399,400,40,0.11672079563140869,False
399,400,41,0.11067278683185577,False
399,400,42,0.10913144797086716,False
399,400,43,0.10904204100370407,False
399,400,44,0.10853074491024017,False
399,400,45,0.10811164975166321,False
399,400,46,0.1086406409740448,False
399,400,47,0.10857079178094864,False
399,400,48,0.10899174958467484,False
399,400,49,0.1152409240603447,False
399,800,0,0.13657193630933762,False
399,800,1,0.11922139674425125,False
399,800,2,0.11685118079185486,False
399,800,3,0.11421088129281998,False
399,800,4,0.11453218758106232,False
399,800,5,0.11480133980512619,False
399,800,6,0.1164022833108902,False
399,800,7,0.11405069380998611,False
399,800,8,0.11352170258760452,False
399,800,9,0.1127505674958229,False
399,800,10,0.11325161904096603,False
399,800,11,0.11337082833051682,False
399,800,12,0.11255219578742981,False
399,800,13,0.12124143540859222,False
399,800,14,0.12194178998470306,False
399,800,15,0.12896209955215454,False
399,800,16,0.11473055928945541,False
399,800,17,0.11391192674636841,False
399,800,18,0.1129908487200737,False
399,800,19,0.1125819981098175,False
399,800,20,0.11638086289167404,False
399,800,21,0.11333264410495758,False
399,800,22,0.11516083031892776,False
399,800,23,0.1177322119474411,False
399,800,24,0.11766143143177032,False
399,800,25,0.11274125427007675,False
399,800,26,0.11325068771839142,False
399,800,27,0.11294148862361908,False
399,800,28,0.11294148862361908,False
399,800,29,0.1123715192079544,False
399,800,30,0.11278130114078522,False
399,800,31,0.11422205716371536,False
399,800,32,0.11474080383777618,False
399,800,33,0.11293217539787292,False
399,800,34,0.11285115033388138,False
399,800,35,0.11256150901317596,False
399,800,36,0.11300109326839447,False
399,800,37,0.11268258094787598,False
399,800,38,0.11271145194768906,False
399,800,39,0.11227186769247055,False
399,800,40,0.1176716759800911,False
399,800,41,0.11428166180849075,False
399,800,42,0.1130206510424614,False
399,800,43,0.11224206537008286,False
399,800,44,0.1128707081079483,False
399,800,45,0.11310167610645294,False
399,800,46,0.11308025568723679,False
399,800,47,0.11263135820627213,False
399,800,48,0.11314079165458679,False
399,800,49,0.12012198567390442,False
399,1600,0,0.14367233961820602,False
399,1600,1,0.12689176946878433,False
399,1600,2,0.12952089309692383,False
399,1600,3,0.12307148426771164,False
399,1600,4,0.12208241969347,False
399,1600,5,0.12265145778656006,False
399,1600,6,0.12065283954143524,False
399,1600,7,0.11972058564424515,False
399,1600,8,0.11981278657913208,False
399,1600,9,0.1203315332531929,False
399,1600,10,0.1192120835185051,False
399,1600,11,0.12757163494825363,False
399,1600,12,0.12097042053937912,False
399,1600,13,0.12215226888656616,False
399,1600,14,0.11946260929107666,False
399,1600,15,0.11852104216814041,False
399,1600,16,0.11931173503398895,False
399,1600,17,0.12295041233301163,False
399,1600,18,0.11957250535488129,False
399,1600,19,0.11994224041700363,False
399,1600,20,0.12102071195840836,False
399,1600,21,0.11933129280805588,False
399,1600,22,0.11935178190469742,False
399,1600,23,0.11895224452018738,False
399,1600,24,0.11874176561832428,False
399,1600,25,0.119771808385849,False
399,1600,26,0.11898204684257507,False
399,1600,27,0.12006144970655441,False
399,1600,28,0.12197159230709076,False
399,1600,29,0.12029055505990982,False
399,1600,30,0.119062140583992,False
399,1600,31,0.11878088116645813,False
399,1600,32,0.11891219764947891,False
399,1600,33,0.11927168816328049,False
399,1600,34,0.11854153126478195,False
399,1600,35,0.11871196329593658,False
399,1600,36,0.12684054672718048,False
399,1600,37,0.11981185525655746,False
399,1600,38,0.11943094432353973,False
399,1600,39,0.12067239731550217,False
399,1600,40,0.11953245848417282,False
399,1600,41,0.11930055916309357,False
399,1600,42,0.11870171874761581,False
399,1600,43,0.11926144361495972,False
399,1600,44,0.12046191841363907,False
399,1600,45,0.12287218123674393,False
399,1600,46,0.12081116437911987,False
399,1600,47,0.11884234845638275,False
399,1600,48,0.1194411888718605,False
399,1600,49,0.11973269283771515,False
399,3200,0,0.1575220376253128,False
399,3200,1,0.13981200754642487,False
399,3200,2,0.13556238263845444,False
399,3200,3,0.13425201177597046,False
399,3200,4,0.14121178537607193,False
399,3200,5,0.13874191790819168,False
399,3200,6,0.13292115181684494,False
399,3200,7,0.13243220746517181,False
399,3200,8,0.13249274343252182,False
399,3200,9,0.13252068310976028,False
399,3200,10,0.13171136379241943,False
399,3200,11,0.13371184468269348,False
399,3200,12,0.1341225579380989,False
399,3200,13,0.13205036520957947,False
399,3200,14,0.13145152479410172,False
399,3200,15,0.131961889564991,False
399,3200,16,0.13091135770082474,False
399,3200,17,0.13028085231781006,False
399,3200,18,0.13129133731126785,False
399,3200,19,0.1377314329147339,False
399,3200,20,0.13254210352897644,False
399,3200,21,0.1312708482146263,False
399,3200,22,0.13094116002321243,False
399,3200,23,0.1321425661444664,False
399,3200,24,0.13123266398906708,False
399,3200,25,0.13106036931276321,False
399,3200,26,0.1323716714978218,False
399,3200,27,0.1368718221783638,False
399,3200,28,0.13121217489242554,False
399,3200,29,0.13291090726852417,False
399,3200,30,0.13334210962057114,False
399,3200,31,0.13129226863384247,False
399,3200,32,0.13127271085977554,False
399,3200,33,0.13016071170568466,False
399,3200,34,0.1344522461295128,False
399,3200,35,0.13280194252729416,False
399,3200,36,0.13167131692171097,False
399,3200,37,0.13179052621126175,False
399,3200,38,0.13098213821649551,False
399,3200,39,0.13014208525419235,False
399,3200,40,0.13138167560100555,False
399,3200,41,0.1330217346549034,False
399,3200,42,0.13292208313941956,False
399,3200,43,0.1311618834733963,False
399,3200,44,0.13111066073179245,False
399,3200,45,0.13059284538030624,False
399,3200,46,0.13151206076145172,False
399,3200,47,0.1323716714978218,False
399,3200,48,0.13250112533569336,False
399,3200,49,0.13204198330640793,False
399,6400,0,0.18235202878713608,False
399,6400,1,0.16650184988975525,False
399,6400,2,0.16307178884744644,False
399,6400,3,0.16110297292470932,False
399,6400,4,0.16461219638586044,False
399,6400,5,0.16278214752674103,False
399,6400,6,0.16022194176912308,False
399,6400,7,0.15945173799991608,False
399,6400,8,0.15964265912771225,False
399,6400,9,0.15877187252044678,False
399,6400,10,0.16029179096221924,False
399,6400,11,0.16121286898851395,False
399,6400,12,0.15991181135177612,False
399,6400,13,0.15925336629152298,False
399,6400,14,0.15952158719301224,False
399,6400,15,0.15938188880681992,False
399,6400,16,0.16271229833364487,False
399,6400,17,0.16209203749895096,False
399,6400,18,0.16078166663646698,False
399,6400,19,0.15998166054487228,False
399,6400,20,0.158051960170269,False
399,6400,21,0.15854276716709137,False
399,6400,22,0.15923287719488144,False
399,6400,23,0.16753282397985458,False
399,6400,24,0.1609520986676216,False
399,6400,25,0.16111228615045547,False
399,6400,26,0.15934184193611145,False
399,6400,27,0.15857256948947906,False
399,6400,28,0.15804171562194824,False
399,6400,29,0.1594824716448784,False
399,6400,30,0.15975255519151688,False
399,6400,31,0.15834253281354904,False
399,6400,32,0.15840213745832443,False
399,6400,33,0.15902146697044373,False
399,6400,34,0.16043148934841156,False
399,6400,35,0.16006175428628922,False
399,6400,36,0.15946198254823685,False
399,6400,37,0.15846174210309982,False
399,6400,38,0.15926174819469452,False
399,6400,39,0.16303174197673798,False
399,6400,40,0.1577027142047882,False
399,6400,41,0.1592431217432022,False
399,6400,42,0.15957187861204147,False
399,6400,43,0.15839189291000366,False
399,6400,44,0.15822146087884903,False
399,6400,45,0.16174186021089554,False
399,6400,46,0.15784148126840591,False
399,6400,47,0.15666242688894272,False
399,6400,48,0.16753189265727997,False
399,6400,49,0.160963274538517,False
399,10000,0,0.21119322627782822,False
399,10000,1,0.19565224647521973,False
399,10000,2,0.18952321261167526,False
399,10000,3,0.19312184303998947,False
399,10000,4,0.18666312098503113,False
399,10000,5,0.1940019428730011,False
399,10000,6,0.19032321870326996,False
399,10000,7,0.19044242799282074,False
399,10000,8,0.18744263797998428,False
399,10000,9,0.19194185733795166,False
399,10000,10,0.18910318613052368,False
399,10000,11,0.1892419531941414,False
399,10000,12,0.19011367112398148,False
399,10000,13,0.1868419349193573,False
399,10000,14,0.18943287432193756,False
399,10000,15,0.19291136413812637,False
399,10000,16,0.19076280295848846,False
399,10000,17,0.18055178225040436,False
399,10000,18,0.18058251589536667,False
399,10000,19,0.18349196761846542,False
399,10000,20,0.17849262803792953,False
399,10000,21,0.18358323723077774,False
399,10000,22,0.18269196152687073,False
399,10000,23,0.1790327951312065,False
399,10000,24,0.1787915825843811,False
399,10000,25,0.17890147864818573,False
399,10000,26,0.18434319645166397,False
399,10000,27,0.181492418050766,False
399,10000,28,0.17894338816404343,False
399,10000,29,0.1782625913619995,False
399,10000,30,0.1787319779396057,False
399,10000,31,0.17857272177934647,False
399,10000,32,0.17929170280694962,False
399,10000,33,0.18010195344686508,False
399,10000,34,0.17917342483997345,False
399,10000,35,0.17899274826049805,False
399,10000,36,0.1782020553946495,False
399,10000,37,0.1779729500412941,False
399,10000,38,0.18558185547590256,False
399,10000,39,0.178411602973938,False
399,10000,40,0.17813220620155334,False
399,10000,41,0.17804186791181564,False
399,10000,42,0.1780819147825241,False
399,10000,43,0.17952267080545425,False
399,10000,44,0.17999205738306046,False
399,10000,45,0.17836317420005798,False
399,10000,46,0.17887167632579803,False
399,10000,47,0.1786714419722557,False
399,10000,48,0.17884280532598495,False
399,10000,49,0.18574204295873642,False
300,1,0,0.15171244740486145,False
300,1,1,0.09847152978181839,False
300,1,2,0.09060092270374298,False
300,1,3,0.08765049278736115,False
300,1,4,0.08752197027206421,False
300,1,5,0.08637085556983948,False
300,1,6,0.08641090244054794,False
300,1,7,0.08572172373533249,False
300,1,8,0.09177066385746002,False
300,1,9,0.08703116327524185,False
300,1,10,0.08410215377807617,False
300,1,11,0.0840313732624054,False
300,1,12,0.08391123265028,False
300,1,13,0.08327048271894455,False
300,1,14,0.08693058043718338,False
300,1,15,0.08338037878274918,False
300,1,16,0.08999090641736984,False
300,1,17,0.08618179708719254,False
300,1,18,0.08342042565345764,False
300,1,19,0.0829007476568222,False
300,1,20,0.08463114500045776,False
300,1,21,0.085451640188694,False
300,1,22,0.08375104516744614,False
300,1,23,0.08325092494487762,False
300,1,24,0.08313078433275223,False
300,1,25,0.08275173604488373,False
300,1,26,0.08241087198257446,False
300,1,27,0.08241180330514908,False
300,1,28,0.08292030543088913,False
300,1,29,0.08451100438833237,False
300,1,30,0.08238106966018677,False
300,1,31,0.0825515016913414,False
300,1,32,0.08343067020177841,False
300,1,33,0.0843806192278862,False
300,1,34,0.08279085159301758,False
300,1,35,0.08205045014619827,False
300,1,36,0.08277036249637604,False
300,1,37,0.0826902687549591,False
300,1,38,0.08312147110700607,False
300,1,39,0.08426140993833542,False
300,1,40,0.08289143443107605,False
300,1,41,0.08324161171913147,False
300,1,42,0.08240155875682831,False
300,1,43,0.08202157914638519,False
300,1,44,0.08292030543088913,False
300,1,45,0.08419156074523926,False
300,1,46,0.08293148130178452,False
300,1,47,0.08278153836727142,False
300,1,48,0.08344091475009918,False
300,1,49,0.08270051330327988,False
300,2,0,0.11078175157308578,False
300,2,1,0.09272061288356781,False
300,2,2,0.08871126919984818,False
300,2,3,0.08566118776798248,False
300,2,4,0.08901115506887436,False
300,2,5,0.08647143840789795,False
300,2,6,0.084620900452137,False
300,2,7,0.08371099829673767,False
300,2,8,0.0847112387418747,False
300,2,9,0.08452124893665314,False
300,2,10,0.08420087397098541,False
300,2,11,0.08338131010532379,False
300,2,12,0.08322019129991531,False
300,2,13,0.08300133049488068,False
300,2,14,0.08298084139823914,False
300,2,15,0.08711125701665878,False
300,2,16,0.0840313732624054,False
300,2,17,0.08544139564037323,False
300,2,18,0.08338131010532379,False
300,2,19,0.08280016481876373,False
300,2,20,0.08285138756036758,False
300,2,21,0.08301064372062683,False
300,2,22,0.08275173604488373,False
300,2,23,0.08259061723947525,False
300,2,24,0.08306093513965607,False
300,2,25,0.08254125714302063,False
300,2,26,0.08292123675346375,False
300,2,27,0.08221156895160675,False
300,2,28,0.08359178900718689,False
300,2,29,0.08534081280231476,False
300,2,30,0.08278060704469681,False
300,2,31,0.08265115320682526,False
300,2,32,0.0824909657239914,False
300,2,33,0.08242111653089523,False
300,2,34,0.08235033601522446,False
300,2,35,0.08282158523797989,False
300,2,36,0.08241087198257446,False
300,2,37,0.08238106966018677,False
300,2,38,0.08221063762903214,False
300,2,39,0.08245278149843216,False
300,2,40,0.0832611694931984,False
300,2,41,0.08484162390232086,False
300,2,42,0.08336082100868225,False
300,2,43,0.08806120604276657,False
300,2,44,0.08266046643257141,False
300,2,45,0.08270144462585449,False
300,2,46,0.08251145482063293,False
300,2,47,0.0823410227894783,False
300,2,48,0.08263066411018372,False
300,2,49,0.08278060704469681,False
300,4,0,0.10552164167165756,False
300,4,1,0.09865034371614456,False
300,4,2,0.08788146078586578,False
300,4,3,0.08578039705753326,False
300,4,4,0.0850604847073555,False
300,4,5,0.08942093700170517,False
300,4,6,0.08426140993833542,False
300,4,7,0.084620900452137,False
300,4,8,0.08363183587789536,False
300,4,9,0.08463021367788315,False
300,4,10,0.08393079042434692,False
300,4,11,0.08436106145381927,False
300,4,12,0.08557084947824478,False
300,4,13,0.08625071495771408,False
300,4,14,0.08436106145381927,False
300,4,15,0.08434057235717773,False
300,4,16,0.08448120206594467,False
300,4,17,0.08441228419542313,False
300,4,18,0.08442159742116928,False
300,4,19,0.08416082710027695,False
300,4,20,0.08402112871408463,False
300,4,21,0.08436106145381927,False
300,4,22,0.08419062942266464,False
300,4,23,0.08392147719860077,False
300,4,24,0.08499063551425934,False
300,4,25,0.08561089634895325,False
300,4,26,0.08406117558479309,False
300,4,27,0.08414126932621002,False
300,4,28,0.08388049900531769,False
300,4,29,0.0845007598400116,False
300,4,30,0.08404068648815155,False
300,4,31,0.08351076394319534,False
300,4,32,0.08371099829673767,False
300,4,33,0.08347164839506149,False
300,4,34,0.08383113890886307,False
300,4,35,0.08356105536222458,False
300,4,36,0.09246170520782471,False
300,4,37,0.08597131818532944,False
300,4,38,0.08387118577957153,False
300,4,39,0.08342042565345764,False
300,4,40,0.08914154022932053,False
300,4,41,0.0837612897157669,False
300,4,42,0.08368119597434998,False
300,4,43,0.08390098810195923,False
300,4,44,0.08359178900718689,False
300,4,45,0.08346047252416611,False
300,4,46,0.08354056626558304,False
300,4,47,0.08481089025735855,False
300,4,48,0.09193085134029388,False
300,4,49,0.08511077612638474,False
300,8,0,0.11787097901105881,False
300,8,1,0.09302143007516861,False
300,8,2,0.09233225136995316,False
300,8,3,0.08735060691833496,False
300,8,4,0.08747074753046036,False
300,8,5,0.08627120405435562,False
300,8,6,0.08745118975639343,False
300,8,7,0.08688028901815414,False
300,8,8,0.08808262646198273,False
300,8,9,0.08646026253700256,False
300,8,10,0.08566025644540787,False
300,8,11,0.08564069867134094,False
300,8,12,0.08469074964523315,False
300,8,13,0.08540134876966476,False
300,8,14,0.08583161979913712,False
300,8,15,0.08557084947824478,False
300,8,16,0.08538179099559784,False
300,8,17,0.08541159331798553,False
300,8,18,0.08554104715585709,False
300,8,19,0.08633080869913101,False
300,8,20,0.08765142410993576,False
300,8,21,0.08553080260753632,False
300,8,22,0.08570123463869095,False
300,8,23,0.08589215576648712,False
300,8,24,0.08495151996612549,False
300,8,25,0.08584093302488327,False
300,8,26,0.08525140583515167,False
300,8,27,0.08551031351089478,False
300,8,28,0.08544139564037323,False
300,8,29,0.08528120815753937,False
300,8,30,0.08996110409498215,False
300,8,31,0.08872151374816895,False
300,8,32,0.08561089634895325,False
300,8,33,0.08504092693328857,False
300,8,34,0.08507072925567627,False
300,8,35,0.08557084947824478,False
300,8,36,0.0857105478644371,False
300,8,37,0.08568074554204941,False
300,8,38,0.08520018309354782,False
300,8,39,0.0857524573802948,False
300,8,40,0.08531101047992706,False
300,8,41,0.08501112461090088,False
300,8,42,0.08612126111984253,False
300,8,43,0.0873710960149765,False
300,8,44,0.08515175431966782,False
300,8,45,0.08508097380399704,False
300,8,46,0.08593220263719559,False
300,8,47,0.08497107774019241,False
300,8,48,0.08518155664205551,False
300,8,49,0.08547119796276093,False
300,16,0,0.10966230183839798,False
300,16,1,0.09294133633375168,False
300,16,2,0.09096134454011917,False
300,16,3,0.09108055382966995,False
300,16,4,0.088471919298172,False
300,16,5,0.08748099207878113,False
300,16,6,0.08784141391515732,False
300,16,7,0.08758064359426498,False
300,16,8,0.09816139936447144,False
300,16,9,0.09500142186880112,False
300,16,10,0.08823070675134659,False
300,16,11,0.08677132427692413,False
300,16,12,0.08797086775302887,False
300,16,13,0.08869078010320663,False
300,16,14,0.08982140570878983,False
300,16,15,0.08694082498550415,False
300,16,16,0.08681230247020721,False
300,16,17,0.08770078420639038,False
300,16,18,0.08768122643232346,False
300,16,19,0.08726119995117188,False
300,16,20,0.0871606171131134,False
300,16,21,0.08996110409498215,False
300,16,22,0.08775200694799423,False
300,16,23,0.08702091872692108,False
300,16,24,0.0871904194355011,False
300,16,25,0.09498093277215958,False
300,16,26,0.0881412997841835,False
300,16,27,0.08751079440116882,False
300,16,28,0.08681230247020721,False
300,16,29,0.086931511759758,False
300,16,30,0.0866614282131195,False
300,16,31,0.08894037455320358,False
300,16,32,0.08661113679409027,False
300,16,33,0.09073037654161453,False
300,16,34,0.0866912305355072,False
300,16,35,0.08666235953569412,False
300,16,36,0.08812081068754196,False
300,16,37,0.0889711081981659,False
300,16,38,0.08731149137020111,False
300,16,39,0.08709076792001724,False
300,16,40,0.0866008922457695,False
300,16,41,0.0863419845700264,False
300,16,42,0.08674059063196182,False
300,16,43,0.0865105539560318,False
300,16,44,0.08609145879745483,False
300,16,45,0.0865710899233818,False
300,16,46,0.08676107972860336,False
300,16,47,0.08842162787914276,False
300,16,48,0.08857063949108124,False
300,16,49,0.09649153798818588,False
300,32,0,0.11163204908370972,False
300,32,1,0.09640119969844818,False
300,32,2,0.09325053542852402,False
300,32,3,0.09133201092481613,False
300,32,4,0.093020498752594,False
300,32,5,0.09133107960224152,False
300,32,6,0.0895308330655098,False
300,32,7,0.09733065962791443,False
300,32,8,0.09230244904756546,False
300,32,9,0.08948147296905518,False
300,32,10,0.08926168084144592,False
300,32,11,0.08961185812950134,False
300,32,12,0.08905120193958282,False
300,32,13,0.08869078010320663,False
300,32,14,0.09518209844827652,False
300,32,15,0.08877180516719818,False
300,32,16,0.08964166045188904,False
300,32,17,0.08932128548622131,False
300,32,18,0.09624101221561432,False
300,32,19,0.09118020534515381,False
300,32,20,0.09057018905878067,False
300,32,21,0.09076111018657684,False
300,32,22,0.08988101035356522,False
300,32,23,0.08923094719648361,False
300,32,24,0.092262402176857,False
300,32,25,0.09246077388525009,False
300,32,26,0.08990149945020676,False
300,32,27,0.08975155651569366,False
300,32,28,0.08980091661214828,False
300,32,29,0.09476207196712494,False
300,32,30,0.09146053344011307,False
300,32,31,0.0894712284207344,False
300,32,32,0.08955039083957672,False
300,32,33,0.08918158710002899,False
300,32,34,0.08969195187091827,False
300,32,35,0.08872151374816895,False
300,32,36,0.08940137922763824,False
300,32,37,0.08918065577745438,False
300,32,38,0.0889115035533905,False
300,32,39,0.08910242468118668,False
300,32,40,0.09000115096569061,False
300,32,41,0.09168032556772232,False
300,32,42,0.08997134864330292,False
300,32,43,0.08955039083957672,False
300,32,44,0.0884421169757843,False
300,32,45,0.08908100426197052,False
300,32,46,0.08893106132745743,False
300,32,47,0.0890614464879036,False
300,32,48,0.08854083716869354,False
300,32,49,0.08847098797559738,False
300,64,0,0.12347102165222168,False
300,64,1,0.09891204535961151,False
300,64,2,0.09433180093765259,False
300,64,3,0.09263120591640472,False
300,64,4,0.09169057011604309,False
300,64,5,0.0918712466955185,False
300,64,6,0.09198114275932312,False
300,64,7,0.09162072092294693,False
300,64,8,0.09089149534702301,False
300,64,9,0.09147170931100845,False
300,64,10,0.0918414443731308,False
300,64,11,0.09289104491472244,False
300,64,12,0.09130127727985382,False
300,64,13,0.09090173989534378,False
300,64,14,0.09107030928134918,False
300,64,15,0.09112153202295303,False
300,64,16,0.09100139141082764,False
300,64,17,0.09132083505392075,False
300,64,18,0.09121093899011612,False
300,64,19,0.09136181324720383,False
300,64,20,0.0916915014386177,False
300,64,21,0.09196065366268158,False
300,64,22,0.09631086140871048,False
300,64,23,0.09686127305030823,False
300,64,24,0.09167194366455078,False
300,64,25,0.09135063737630844,False
300,64,26,0.09076111018657684,False
300,64,27,0.09084120392799377,False
300,64,28,0.09440165013074875,False
300,64,29,0.0945013016462326,False
300,64,30,0.09067077189683914,False
300,64,31,0.09679142385721207,False
300,64,32,0.09254179894924164,False
300,64,33,0.09730085730552673,False
300,64,34,0.0906204804778099,False
300,64,35,0.09049102663993835,False
300,64,36,0.09099021553993225,False
300,64,37,0.08995179086923599,False
300,64,38,0.09102094918489456,False
300,64,39,0.09079091250896454,False
300,64,40,0.09042024612426758,False
300,64,41,0.090770423412323,False
300,64,42,0.09066145867109299,False
300,64,43,0.09920075535774231,False
300,64,44,0.09246170520782471,False
300,64,45,0.09058043360710144,False
300,64,46,0.09048078209161758,False
300,64,47,0.09093247354030609,False
300,64,48,0.09117089211940765,False
300,64,49,0.09111128747463226,False
300,100,0,0.11486094444990158,False
300,100,1,0.09841099381446838,False
300,100,2,0.09532179683446884,False
300,100,3,0.10064058005809784,False
300,100,4,0.09284168481826782,False
300,100,5,0.09253062307834625,False
300,100,6,0.09274203330278397,False
300,100,7,0.09199045598506927,False
300,100,8,0.09161140769720078,False
300,100,9,0.09274110198020935,False
300,100,10,0.09147077798843384,False
300,100,11,0.09212177246809006,False
300,100,12,0.09259115904569626,False
300,100,13,0.09918119758367538,False
300,100,14,0.09688083082437515,False
300,100,15,0.09150151163339615,False
300,100,16,0.09153038263320923,False
300,100,17,0.09168032556772232,False
300,100,18,0.09212084114551544,False
300,100,19,0.09176228195428848,False
300,100,20,0.09138043969869614,False
300,100,21,0.09400118142366409,False
300,100,22,0.09211152791976929,False
300,100,23,0.09278208017349243,False
300,100,24,0.09349081665277481,False
300,100,25,0.09215157479047775,False
300,100,26,0.09162165224552155,False
300,100,27,0.09108055382966995,False
300,100,28,0.09085144847631454,False
300,100,29,0.09126123040914536,False
300,100,30,0.09102094918489456,False
300,100,31,0.09378045797348022,False
300,100,32,0.09150151163339615,False
300,100,33,0.09151175618171692,False
300,100,34,0.0924309715628624,False
300,100,35,0.09363144636154175,False
300,100,36,0.09145122021436691,False
300,100,37,0.09145122021436691,False
300,100,38,0.09238161146640778,False
300,100,39,0.09140186011791229,False
300,100,40,0.09121093899011612,False
300,100,41,0.09155180305242538,False
300,100,42,0.09154155850410461,False
300,100,43,0.0920221209526062,False
300,100,44,0.09140092879533768,False
300,100,45,0.09251106530427933,False
300,100,46,0.09670108556747437,False
300,100,47,0.09189173579216003,False
300,100,48,0.09120162576436996,False
300,100,49,0.09204074740409851,False
300,200,0,0.11700019240379333,False
300,200,1,0.09955186396837234,False
300,200,2,0.09575113654136658,False
300,200,3,0.09500142186880112,False
300,200,4,0.09700097143650055,False
300,200,5,0.0966312363743782,False
300,200,6,0.09371154010295868,False
300,200,7,0.09328126907348633,False
300,200,8,0.09304098784923553,False
300,200,9,0.0921720638871193,False
300,200,10,0.09315088391304016,False
300,200,11,0.09272154420614243,False
300,200,12,0.09283144026994705,False
300,200,13,0.09262189269065857,False
300,200,14,0.09749084711074829,False
300,200,15,0.0951811671257019,False
300,200,16,0.09372085332870483,False
300,200,17,0.09195227175951004,False
300,200,18,0.09265076369047165,False
300,200,19,0.09256042540073395,False
300,200,20,0.0918712466955185,False
300,200,21,0.0921906903386116,False
300,200,22,0.09213201701641083,False
300,200,23,0.09217113256454468,False
300,200,24,0.09225122630596161,False
300,200,25,0.0934116542339325,False
300,200,26,0.09452085942029953,False
300,200,27,0.09359139949083328,False
300,200,28,0.09206123650074005,False
300,200,29,0.09160023182630539,False
300,200,30,0.09229127317667007,False
300,200,31,0.09255204349756241,False
300,200,32,0.09318068623542786,False
300,200,33,0.09303167462348938,False
300,200,34,0.09200070053339005,False
300,200,35,0.09165145456790924,False
300,200,36,0.09316205978393555,False
300,200,37,0.09399186819791794,False
300,200,38,0.09178090840578079,False
300,200,39,0.09218137711286545,False
300,200,40,0.09241141378879547,False
300,200,41,0.09211152791976929,False
300,200,42,0.09220093488693237,False
300,200,43,0.09225122630596161,False
300,200,44,0.09234156459569931,False
300,200,45,0.09239185601472855,False
300,200,46,0.09248126298189163,False
300,200,47,0.09826105087995529,False
300,200,48,0.09391084313392639,False
300,200,49,0.09183119982481003,False
300,400,0,0.11776108294725418,False
300,400,1,0.10130181908607483,False
300,400,2,0.09772088378667831,False
300,400,3,0.09636115282773972,False
300,400,4,0.09534228593111038,False
300,400,5,0.09698141366243362,False
300,400,6,0.09721051901578903,False
300,400,7,0.09460095316171646,False
300,400,8,0.09506195783615112,False
300,400,9,0.09455159306526184,False
300,400,10,0.09421166032552719,False
300,400,11,0.09448174387216568,False
300,400,12,0.09432155638933182,False
300,400,13,0.09795092046260834,False
300,400,14,0.0946512445807457,False
300,400,15,0.09901169687509537,False
300,400,16,0.09677093476057053,False
300,400,17,0.09487010538578033,False
300,400,18,0.09807106107473373,False
300,400,19,0.09448174387216568,False
300,400,20,0.09380094707012177,False
300,400,21,0.09422097355127335,False
300,400,22,0.09419117122888565,False
300,400,23,0.0947415828704834,False
300,400,24,0.09416136890649796,False
300,400,25,0.0940617173910141,False
300,400,26,0.0949706882238388,False
300,400,27,0.09641051292419434,False
300,400,28,0.09510200470685959,False
300,400,29,0.09439047425985336,False
300,400,30,0.09417161345481873,False
300,400,31,0.0937003642320633,False
300,400,32,0.09435135871171951,False
300,400,33,0.09425077587366104,False
300,400,34,0.0974610447883606,False
300,400,35,0.09428150951862335,False
300,400,36,0.09975209832191467,False
300,400,37,0.09698141366243362,False
300,400,38,0.09471084922552109,False
300,400,39,0.09396206587553024,False
300,400,40,0.09406078606843948,False
300,400,41,0.0963117927312851,False
300,400,42,0.09973160922527313,False
300,400,43,0.09340234100818634,False
300,400,44,0.09403098374605179,False
300,400,45,0.09395089000463486,False
300,400,46,0.09291060268878937,False
300,400,47,0.09417254477739334,False
300,400,48,0.09813159704208374,False
300,400,49,0.09861122816801071,False
300,800,0,0.1209210604429245,False
300,800,1,0.10494142770767212,False
300,800,2,0.10070111602544785,False
300,800,3,0.09902101010084152,False
300,800,4,0.09986106306314468,False
300,800,5,0.10031182318925858,False
300,800,6,0.0981409102678299,False
300,800,7,0.0980813056230545,False
300,800,8,0.09834207594394684,False
300,800,9,0.09789131581783295,False
300,800,10,0.09752064943313599,False
300,800,11,0.09751040488481522,False
300,800,12,0.09742192924022675,False
300,800,13,0.09773112833499908,False
300,800,14,0.10212138295173645,False
300,800,15,0.1005418598651886,False
300,800,16,0.09753089398145676,False
300,800,17,0.09821169078350067,False
300,800,18,0.09732134640216827,False
300,800,19,0.0981409102678299,False
300,800,20,0.09782146662473679,False
300,800,21,0.11107232421636581,False
300,800,22,0.0978102907538414,False
300,800,23,0.09795092046260834,False
300,800,24,0.09856186807155609,False
300,800,25,0.0995611771941185,False
300,800,26,0.09758118540048599,False
300,800,27,0.09742192924022675,False
300,800,28,0.09822100400924683,False
300,800,29,0.0976715236902237,False
300,800,30,0.09702052921056747,False
300,800,31,0.09750202298164368,False
300,800,32,0.09730085730552673,False
300,800,33,0.09692180901765823,False
300,800,34,0.10032206773757935,False
300,800,35,0.1002410426735878,False
300,800,36,0.09782146662473679,False
300,800,37,0.09683053940534592,False
300,800,38,0.09678211063146591,False
300,800,39,0.09712111204862595,False
300,800,40,0.09658094495534897,False
300,800,41,0.09709224104881287,False
300,800,42,0.09908154606819153,False
300,800,43,0.09618047624826431,False
300,800,44,0.09692087769508362,False
300,800,45,0.10221172124147415,False
300,800,46,0.09831134229898453,False
300,800,47,0.09714066982269287,False
300,800,48,0.10103173553943634,False
300,800,49,0.0974610447883606,False
300,1600,0,0.128292478621006,False
300,1600,1,0.11218152940273285,False
300,1600,2,0.10854192078113556,False
300,1600,3,0.10601058602333069,False
300,1600,4,0.1060711219906807,False
300,1600,5,0.1048622652888298,False
300,1600,6,0.10767113417387009,False
300,1600,7,0.10406132787466049,False
300,1600,8,0.10374095290899277,False
300,1600,9,0.10507088154554367,False
300,1600,10,0.10563153773546219,False
300,1600,11,0.10436121374368668,False
300,1600,12,0.10340195149183273,False
300,1600,13,0.11126138269901276,False
300,1600,14,0.10363105684518814,False
300,1600,15,0.10372232645750046,False
300,1600,16,0.10343082249164581,False
300,1600,17,0.1031709834933281,False
300,1600,18,0.10373163968324661,False
300,1600,19,0.1079607754945755,False
300,1600,20,0.105222687125206,False
300,1600,21,0.1034718006849289,False
300,1600,22,0.10336097329854965,False
300,1600,23,0.1034121960401535,False
300,1600,24,0.10377168655395508,False
300,1600,25,0.10407064110040665,False
300,1600,26,0.10289158672094345,False
300,1600,27,0.10259076952934265,False
300,1600,28,0.10440032929182053,False
300,1600,29,0.10571163147687912,False
300,1600,30,0.10376144200563431,False
300,1600,31,0.10309182107448578,False
300,1600,32,0.10389182716608047,False
300,1600,33,0.10425131767988205,False
300,1600,34,0.10385271161794662,False
300,1600,35,0.10307040065526962,False
300,1600,36,0.10333023965358734,False
300,1600,37,0.10327156633138657,False
300,1600,38,0.10444130748510361,False
300,1600,39,0.10494142770767212,False
300,1600,40,0.1032920554280281,False
300,1600,41,0.10342150926589966,False
300,1600,42,0.10372232645750046,False
300,1600,43,0.1032315194606781,False
300,1600,44,0.10338146239519119,False
300,1600,45,0.10317191481590271,False
300,1600,46,0.10313093662261963,False
300,1600,47,0.10334141552448273,False
300,1600,48,0.11128094047307968,False
300,1600,49,0.10415073484182358,False
300,3200,0,0.14108140021562576,False
300,3200,1,0.1261020079255104,False
300,3200,2,0.12553110718727112,False
300,3200,3,0.11830218136310577,False
300,3200,4,0.11872220784425735,False
300,3200,5,0.11794175952672958,False
300,3200,6,0.11657178401947021,False
300,3200,7,0.11600088328123093,False
300,3200,8,0.11588167399168015,False
300,3200,9,0.12422073632478714,False
300,3200,10,0.1216614618897438,False
300,3200,11,0.1165410503745079,False
300,3200,12,0.11537224054336548,False
300,3200,13,0.11579133570194244,False
300,3200,14,0.1161620020866394,False
300,3200,15,0.11976156383752823,False
300,3200,16,0.1158909872174263,False
300,3200,17,0.11810194700956345,False
300,3200,18,0.12341048568487167,False
300,3200,19,0.11617224663496017,False
300,3200,20,0.11960137635469437,False
300,3200,21,0.11549144983291626,False
300,3200,22,0.11589191854000092,False
300,3200,23,0.12107100337743759,False
300,3200,24,0.11654198169708252,False
300,3200,25,0.1161312684416771,False
300,3200,26,0.12309197336435318,False
300,3200,27,0.11596083641052246,False
300,3200,28,0.11572148650884628,False
300,3200,29,0.11550076305866241,False
300,3200,30,0.1153014600276947,False
300,3200,31,0.11600088328123093,False
300,3200,32,0.11569168418645859,False
300,3200,33,0.11567119508981705,False
300,3200,34,0.11636130511760712,False
300,3200,35,0.12214202433824539,False
300,3200,36,0.11656060814857483,False
300,3200,37,0.11555198580026627,False
300,3200,38,0.11562090367078781,False
300,3200,39,0.1162523403763771,False
300,3200,40,0.11608097702264786,False
300,3200,41,0.11535175144672394,False
300,3200,42,0.1158611848950386,False
300,3200,43,0.12363214045763016,False
300,3200,44,0.1181410625576973,False
300,3200,45,0.11676270514726639,False
300,3200,46,0.11573079973459244,False
300,3200,47,0.11565163731575012,False
300,3200,48,0.11566095054149628,False
300,3200,49,0.1157522201538086,False
300,6400,0,0.1683821901679039,False
300,6400,1,0.15219207853078842,False
300,6400,2,0.14683138579130173,False
300,6400,3,0.14522206038236618,False
300,6400,4,0.14433171600103378,False
300,6400,5,0.14744233340024948,False
300,6400,6,0.14446210116147995,False
300,6400,7,0.15098229050636292,False
300,6400,8,0.14411192387342453,False
300,6400,9,0.14529190957546234,False
300,6400,10,0.14347117394208908,False
300,6400,11,0.14278199523687363,False
300,6400,12,0.14714151620864868,False
300,6400,13,0.1483522355556488,False
300,6400,14,0.14543253928422928,False
300,6400,15,0.14395266771316528,False
300,6400,16,0.14342181384563446,False
300,6400,17,0.1440616324543953,False
300,6400,18,0.14441274106502533,False
300,6400,19,0.14700181782245636,False
300,6400,20,0.1447713002562523,False
300,6400,21,0.14378130435943604,False
300,6400,22,0.14307163655757904,False
300,6400,23,0.14295242726802826,False
300,6400,24,0.1417519524693489,False
300,6400,25,0.14268234372138977,False
300,6400,26,0.14383159577846527,False
300,6400,27,0.14454126358032227,False
300,6400,28,0.1438520848751068,False
300,6400,29,0.14313217252492905,False
300,6400,30,0.14376267790794373,False
300,6400,31,0.14763139188289642,False
300,6400,32,0.14348234981298447,False
300,6400,33,0.14224182814359665,False
300,6400,34,0.14339201152324677,False
300,6400,35,0.14589261263608932,False
300,6400,36,0.14629215002059937,False
300,6400,37,0.14378130435943604,False
300,6400,38,0.1422027125954628,False
300,6400,39,0.1414325088262558,False
300,6400,40,0.14855153858661652,False
300,6400,41,0.14526210725307465,False
300,6400,42,0.14531146734952927,False
300,6400,43,0.14232192188501358,False
300,6400,44,0.14286208897829056,False
300,6400,45,0.14289189130067825,False
300,6400,46,0.14277175068855286,False
300,6400,47,0.14306139200925827,False
300,6400,48,0.14736223965883255,False
300,6400,49,0.14375150203704834,False
300,10000,0,0.1932131126523018,False
300,10000,1,0.18585193902254105,False
300,10000,2,0.1795021817088127,False
300,10000,3,0.17985235899686813,False
300,10000,4,0.17420202493667603,False
300,10000,5,0.1757219433784485,False
300,10000,6,0.18509291112422943,False
300,10000,7,0.17611123621463776,False
300,10000,8,0.17848331481218338,False
300,10000,9,0.17686188220977783,False
300,10000,10,0.17667189240455627,False
300,10000,11,0.1837732270359993,False
300,10000,12,0.1773117110133171,False
300,10000,13,0.18212199211120605,False
300,10000,14,0.17740298062562943,False
300,10000,15,0.17653219401836395,False
300,10000,16,0.17540249973535538,False
300,10000,17,0.1772027462720871,False
300,10000,18,0.1722816377878189,False
300,10000,19,0.176992267370224,False
300,10000,20,0.17413310706615448,False
300,10000,21,0.17500203102827072,False
300,10000,22,0.17612241208553314,False
300,10000,23,0.1843925565481186,False
300,10000,24,0.17976202070713043,False
300,10000,25,0.16485154628753662,False
300,10000,26,0.16428250819444656,False
300,10000,27,0.18829293549060822,False
300,10000,28,0.17136242240667343,False
300,10000,29,0.1688515767455101,False
300,10000,30,0.16529206186532974,False
300,10000,31,0.22129341959953308,False
300,10000,32,0.1772027462720871,False
300,10000,33,0.16516167670488358,False
300,10000,34,0.16957148909568787,False
300,10000,35,0.16803201287984848,False
300,10000,36,0.16488321125507355,False
300,10000,37,0.16237236559391022,False
300,10000,38,0.16207154840230942,False
300,10000,39,0.16301218420267105,False
300,10000,40,0.1844419166445732,False
300,10000,41,0.17929263412952423,False
300,10000,42,0.1668119803071022,False
300,10000,43,0.16640126705169678,False
300,10000,44,0.16624201089143753,False
300,10000,45,0.16612280160188675,False
300,10000,46,0.1716017723083496,False
300,10000,47,0.17200224101543427,False
300,10000,48,0.16450230032205582,False
300,10000,49,0.16368180513381958,False
201,1,0,0.12704264372587204,False
201,1,1,0.0836104154586792,False
201,1,2,0.07694028317928314,False
201,1,3,0.07459055632352829,False
201,1,4,0.07270090281963348,False
201,1,5,0.07121078670024872,False
201,1,6,0.07127132266759872,False
201,1,7,0.07074140012264252,False
201,1,8,0.07225014269351959,False
201,1,9,0.07085129618644714,False
201,1,10,0.07227156311273575,False
201,1,11,0.07298029959201813,False
201,1,12,0.07486063987016678,False
201,1,13,0.07522106170654297,False
201,1,14,0.07056165486574173,False
201,1,15,0.0695306807756424,False
201,1,16,0.06921030580997467,False
201,1,17,0.06908085197210312,False
201,1,18,0.06890110671520233,False
201,1,19,0.0688210129737854,False
201,1,20,0.0690314918756485,False
201,1,21,0.0681411474943161,False
201,1,22,0.06807036697864532,False
201,1,23,0.06838049739599228,False
201,1,24,0.07430091500282288,False
201,1,25,0.07153116166591644,False
201,1,26,0.06932113319635391,False
201,1,27,0.06841029971837997,False
201,1,28,0.06889086216688156,False
201,1,29,0.0689113512635231,False
201,1,30,0.06857141852378845,False
201,1,31,0.06815046072006226,False
201,1,32,0.06858166307210922,False
201,1,33,0.06838049739599228,False
201,1,34,0.06811041384935379,False
201,1,35,0.06795115768909454,False
201,1,36,0.07256027311086655,False
201,1,37,0.07671117782592773,False
201,1,38,0.06830040365457535,False
201,1,39,0.07525179535150528,False
201,1,40,0.07004104554653168,False
201,1,41,0.06883032619953156,False
201,1,42,0.06908085197210312,False
201,1,43,0.06839074194431305,False
201,1,44,0.06838049739599228,False
201,1,45,0.06767082959413528,False
201,1,46,0.06754137575626373,False
201,1,47,0.06779097020626068,False
201,1,48,0.06819143891334534,False
201,1,49,0.06786081939935684,False
201,2,0,0.0958908349275589,False
201,2,1,0.07865112274885178,False
201,2,2,0.07437169551849365,False
201,2,3,0.07155071943998337,False
201,2,4,0.06995070725679398,False
201,2,5,0.06969086825847626,False
201,2,6,0.06868131458759308,False
201,2,7,0.06862077862024307,False
201,2,8,0.06845034658908844,False
201,2,9,0.06844103336334229,False
201,2,10,0.06839074194431305,False
201,2,11,0.06830133497714996,False
201,2,12,0.0681895762681961,False
201,2,13,0.06765127182006836,False
201,2,14,0.06832089275121689,False
201,2,15,0.07381103932857513,False
201,2,16,0.07132068276405334,False
201,2,17,0.06913114339113235,False
201,2,18,0.06760098040103912,False
201,2,19,0.06800051778554916,False
201,2,20,0.06775092333555222,False
201,2,21,0.06777141243219376,False
201,2,22,0.06764009594917297,False
201,2,23,0.06808154284954071,False
201,2,24,0.06813090294599533,False
201,2,25,0.06794091314077377,False
201,2,26,0.06780121475458145,False
201,2,27,0.06744079291820526,False
201,2,28,0.0672806054353714,False
201,2,29,0.06762146949768066,False
201,2,30,0.06895046681165695,False
201,2,31,0.07004011422395706,False
201,2,32,0.06846059113740921,False
201,2,33,0.06769131869077682,False
201,2,34,0.06750039756298065,False
201,2,35,0.06700027734041214,False
201,2,36,0.06753113120794296,False
201,2,37,0.06780121475458145,False
201,2,38,0.06701052188873291,False
201,2,39,0.06773043423891068,False
201,2,40,0.06725918501615524,False
201,2,41,0.06706081330776215,False
201,2,42,0.06764102727174759,False
201,2,43,0.06735138595104218,False
201,2,44,0.06789062172174454,False
201,2,45,0.07389113306999207,False
201,2,46,0.06911158561706543,False
201,2,47,0.06841029971837997,False
201,2,48,0.06816163659095764,False
201,2,49,0.06741099059581757,False
201,4,0,0.09175017476081848,False
201,4,1,0.07599033415317535,False
201,4,2,0.07759034633636475,False
201,4,3,0.0710412859916687,False
201,4,4,0.07110089063644409,False
201,4,5,0.07235072553157806,False
201,4,6,0.071011483669281,False
201,4,7,0.0723712146282196,False
201,4,8,0.072430819272995,False
201,4,9,0.06981100887060165,False
201,4,10,0.06972160190343857,False
201,4,11,0.07002055644989014,False
201,4,12,0.07008109241724014,False
201,4,13,0.06985105574131012,False
201,4,14,0.06936118006706238,False
201,4,15,0.06948970258235931,False
201,4,16,0.06969179958105087,False
201,4,17,0.07034093141555786,False
201,4,18,0.0695614144206047,False
201,4,19,0.0699702650308609,False
201,4,20,0.06870087236166,False
201,4,21,0.06987154483795166,False
201,4,22,0.07187109440565109,False
201,4,23,0.07007084786891937,False
201,4,24,0.06912089884281158,False
201,4,25,0.06906036287546158,False
201,4,26,0.06903056055307388,False
201,4,27,0.06927084177732468,False
201,4,28,0.06898026913404465,False
201,4,29,0.06891041994094849,False
201,4,30,0.06889179348945618,False
201,4,31,0.06821099668741226,False
201,4,32,0.06932113319635391,False
201,4,33,0.06847083568572998,False
201,4,34,0.06890017539262772,False
201,4,35,0.0687912106513977,False
201,4,36,0.07701106369495392,False
201,4,37,0.07106084376573563,False
201,4,38,0.06892997771501541,False
201,4,39,0.06852112710475922,False
201,4,40,0.06862077862024307,False
201,4,41,0.06850063800811768,False
201,4,42,0.0688815489411354,False
201,4,43,0.06911065429449081,False
201,4,44,0.06928108632564545,False
201,4,45,0.0682910904288292,False
201,4,46,0.06859097629785538,False
201,4,47,0.06820075213909149,False
201,4,48,0.0686105340719223,False
201,4,49,0.06852112710475922,False
201,8,0,0.09442120790481567,False
201,8,1,0.07741060107946396,False
201,8,2,0.07362104952335358,False
201,8,3,0.07260031998157501,False
201,8,4,0.07130112498998642,False
201,8,5,0.07122103124856949,False
201,8,6,0.07111113518476486,False
201,8,7,0.06994139403104782,False
201,8,8,0.07016118615865707,False
201,8,9,0.07067061960697174,False
201,8,10,0.07005035877227783,False
201,8,11,0.0703912228345871,False
201,8,12,0.07097050547599792,False
201,8,13,0.07269065827131271,False
201,8,14,0.07063988596200943,False
201,8,15,0.07060077041387558,False
201,8,16,0.0705113634467125,False
201,8,17,0.0699404627084732,False
201,8,18,0.0701509416103363,False
201,8,19,0.07005129009485245,False
201,8,20,0.07050111889839172,False
201,8,21,0.07049087435007095,False
201,8,22,0.07053092122077942,False
201,8,23,0.06979051977396011,False
201,8,24,0.07052067667245865,False
201,8,25,0.06997119635343552,False
201,8,26,0.07512141019105911,False
201,8,27,0.0723106786608696,False
201,8,28,0.0705597922205925,False
201,8,29,0.07010065019130707,False
201,8,30,0.07380079478025436,False
201,8,31,0.06983056664466858,False
201,8,32,0.07063150405883789,False
201,8,33,0.07035024464130402,False
201,8,34,0.07032137364149094,False
201,8,35,0.07047131657600403,False
201,8,36,0.07056072354316711,False
201,8,37,0.07000099867582321,False
201,8,38,0.07019098848104477,False
201,8,39,0.07037073373794556,False
201,8,40,0.07066130638122559,False
201,8,41,0.07221102714538574,False
201,8,42,0.07329043000936508,False
201,8,43,0.07576122879981995,False
201,8,44,0.07364153861999512,False
201,8,45,0.07028132677078247,False
201,8,46,0.07093138992786407,False
201,8,47,0.07049087435007095,False
201,8,48,0.07039029151201248,False
201,8,49,0.07043033838272095,False
201,16,0,0.09485147893428802,False
201,16,1,0.07873028516769409,False
201,16,2,0.07708091288805008,False
201,16,3,0.0754212960600853,False
201,16,4,0.07306039333343506,False
201,16,5,0.07316097617149353,False
201,16,6,0.07233116775751114,False
201,16,7,0.07203128188848495,False
201,16,8,0.07159076631069183,False
201,16,9,0.07245037704706192,False
201,16,10,0.0723404809832573,False
201,16,11,0.07223058491945267,False
201,16,12,0.07221102714538574,False
201,16,13,0.07179100066423416,False
201,16,14,0.07244106382131577,False
201,16,15,0.071660615503788,False
201,16,16,0.0729607418179512,False
201,16,17,0.07437169551849365,False
201,16,18,0.07168110460042953,False
201,16,19,0.0722808763384819,False
201,16,20,0.072430819272995,False
201,16,21,0.07287133485078812,False
201,16,22,0.07171090692281723,False
201,16,23,0.07180031388998032,False
201,16,24,0.0712815672159195,False
201,16,25,0.07152091711759567,False
201,16,26,0.07136072963476181,False
201,16,27,0.07981155067682266,False
201,16,28,0.07400102913379669,False
201,16,29,0.07161125540733337,False
201,16,30,0.07927138358354568,False
201,16,31,0.07329043000936508,False
201,16,32,0.07197074592113495,False
201,16,33,0.07213093340396881,False
201,16,34,0.07155165076255798,False
201,16,35,0.0714501366019249,False
201,16,36,0.07180031388998032,False
201,16,37,0.07165037095546722,False
201,16,38,0.07190089672803879,False
201,16,39,0.071721151471138,False
201,16,40,0.07186084985733032,False
201,16,41,0.0716010108590126,False
201,16,42,0.07205083966255188,False
201,16,43,0.07618032395839691,False
201,16,44,0.07419101893901825,False
201,16,45,0.07370114326477051,False
201,16,46,0.07210113108158112,False
201,16,47,0.0760415568947792,False
201,16,48,0.07149111479520798,False
201,16,49,0.07157120853662491,False
201,32,0,0.09691063314676285,False
201,32,1,0.0812821090221405,False
201,32,2,0.07720105350017548,False
201,32,3,0.07609091699123383,False
201,32,4,0.07553119212388992,False
201,32,5,0.07624085992574692,False
201,32,6,0.07727090269327164,False
201,32,7,0.07449090480804443,False
201,32,8,0.0742906704545021,False
201,32,9,0.07380079478025436,False
201,32,10,0.07443130016326904,False
201,32,11,0.07360149174928665,False
201,32,12,0.07418077439069748,False
201,32,13,0.07383059710264206,False
201,32,14,0.07366016507148743,False
201,32,15,0.07407087832689285,False
201,32,16,0.07417146116495132,False
201,32,17,0.07389113306999207,False
201,32,18,0.07920246571302414,False
201,32,19,0.07647089660167694,False
201,32,20,0.07443036884069443,False
201,32,21,0.07390975952148438,False
201,32,22,0.07398054003715515,False
201,32,23,0.07344130426645279,False
201,32,24,0.07381103932857513,False
201,32,25,0.07444154471158981,False
201,32,26,0.07435120642185211,False
201,32,27,0.07406063377857208,False
201,32,28,0.07370114326477051,False
201,32,29,0.07356051355600357,False
201,32,30,0.07372070103883743,False
201,32,31,0.07407087832689285,False
201,32,32,0.07610023021697998,False
201,32,33,0.0757407397031784,False
201,32,34,0.07419101893901825,False
201,32,35,0.07374119013547897,False
201,32,36,0.07352139800786972,False
201,32,37,0.07390044629573822,False
201,32,38,0.07390044629573822,False
201,32,39,0.07363036274909973,False
201,32,40,0.07371138781309128,False
201,32,41,0.07342081516981125,False
201,32,42,0.07366109639406204,False
201,32,43,0.0732913613319397,False
201,32,44,0.07384084165096283,False
201,32,45,0.07900036871433258,False
201,32,46,0.07628090679645538,False
201,32,47,0.07390044629573822,False
201,32,48,0.07785111665725708,False
201,32,49,0.07425155490636826,False
201,64,0,0.09748153388500214,False
201,64,1,0.08191075176000595,False
201,64,2,0.08380133658647537,False
201,64,3,0.0781109556555748,False
201,64,4,0.08298084139823914,False
201,64,5,0.07647089660167694,False
201,64,6,0.07847137749195099,False
201,64,7,0.07894076406955719,False
201,64,8,0.07600057870149612,False
201,64,9,0.07594097405672073,False
201,64,10,0.07602013647556305,False
201,64,11,0.07579103112220764,False
201,64,12,0.0757705420255661,False
201,64,13,0.07608067244291306,False
201,64,14,0.07602106779813766,False
201,64,15,0.07540173828601837,False
201,64,16,0.07626041769981384,False
201,64,17,0.07584039121866226,False
201,64,18,0.07574167102575302,False
201,64,19,0.08122064173221588,False
201,64,20,0.07725134491920471,False
201,64,21,0.07531046867370605,False
201,64,22,0.07525086402893066,False
201,64,23,0.07446110248565674,False
201,64,24,0.07543060928583145,False
201,64,25,0.0746510922908783,False
201,64,26,0.07534027099609375,False
201,64,27,0.07738173007965088,False
201,64,28,0.07694121450185776,False
201,64,29,0.07499102503061295,False
201,64,30,0.07485039532184601,False
201,64,31,0.07482059299945831,False
201,64,32,0.07602106779813766,False
201,64,33,0.08280109614133835,False
201,64,34,0.07609091699123383,False
201,64,35,0.07548090070486069,False
201,64,36,0.07496029138565063,False
201,64,37,0.07546134293079376,False
201,64,38,0.07508043199777603,False
201,64,39,0.07464084774255753,False
201,64,40,0.07529091089963913,False
201,64,41,0.07557030767202377,False
201,64,42,0.07519032806158066,False
201,64,43,0.07526110857725143,False
201,64,44,0.07494166493415833,False
201,64,45,0.07495097815990448,False
201,64,46,0.08636061102151871,False
201,64,47,0.0766608864068985,False
201,64,48,0.07566064596176147,False
201,64,49,0.07546134293079376,False
201,100,0,0.09723100811243057,False
201,100,1,0.08182134479284286,False
201,100,2,0.07875170558691025,False
201,100,3,0.07799174636602402,False
201,100,4,0.07684063166379929,False
201,100,5,0.07558055222034454,False
201,100,6,0.07611140608787537,False
201,100,7,0.0842604786157608,False
201,100,8,0.07843133062124252,False
201,100,9,0.07662083953619003,False
201,100,10,0.07629115134477615,False
201,100,11,0.07975101470947266,False
201,100,12,0.07613003253936768,False
201,100,13,0.07552094757556915,False
201,100,14,0.07647089660167694,False
201,100,15,0.07550138980150223,False
201,100,16,0.07525086402893066,False
201,100,17,0.07507111877202988,False
201,100,18,0.07568113505840302,False
201,100,19,0.07595028728246689,False
201,100,20,0.08330214768648148,False
201,100,21,0.0765109434723854,False
201,100,22,0.07590092718601227,False
201,100,23,0.07556099444627762,False
201,100,24,0.07563084363937378,False
201,100,25,0.07521174848079681,False
201,100,26,0.07500965148210526,False
201,100,27,0.07558055222034454,False
201,100,28,0.07545109838247299,False
201,100,29,0.0753914937376976,False
201,100,30,0.07531046867370605,False
201,100,31,0.0795610249042511,False
201,100,32,0.07528066635131836,False
201,100,33,0.08352193981409073,False
201,100,34,0.0779610127210617,False
201,100,35,0.0753309577703476,False
201,100,36,0.07514096796512604,False
201,100,37,0.07489044219255447,False
201,100,38,0.07540080696344376,False
201,100,39,0.07529091089963913,False
201,100,40,0.07511023432016373,False
201,100,41,0.07541105151176453,False
201,100,42,0.07603131234645844,False
201,100,43,0.07494073361158371,False
201,100,44,0.07554981857538223,False
201,100,45,0.07566064596176147,False
201,100,46,0.0821724534034729,False
201,100,47,0.08017104119062424,False
201,100,48,0.07575098425149918,False
201,100,49,0.07555168122053146,False
201,200,0,0.09929202497005463,False
201,200,1,0.08421018719673157,False
201,200,2,0.0803610309958458,False
201,200,3,0.07940176874399185,False
201,200,4,0.07777102291584015,False
201,200,5,0.07702130824327469,False
201,200,6,0.08298084139823914,False
201,200,7,0.080120749771595,False
201,200,8,0.07818080484867096,False
201,200,9,0.07676146924495697,False
201,200,10,0.07707066833972931,False
201,200,11,0.07736124098300934,False
201,200,12,0.07715169340372086,False
201,200,13,0.07744133472442627,False
201,200,14,0.07661059498786926,False
201,200,15,0.07611047476530075,False
201,200,16,0.07723085582256317,False
201,200,17,0.07672049105167389,False
201,200,18,0.07662177085876465,False
201,200,19,0.07754098623991013,False
201,200,20,0.07871165871620178,False
201,200,21,0.07752235978841782,False
201,200,22,0.07690116763114929,False
201,200,23,0.07661152631044388,False
201,200,24,0.08019153028726578,False
201,200,25,0.07661059498786926,False
201,200,26,0.0773407518863678,False
201,200,27,0.07686112076044083,False
201,200,28,0.080830417573452,False
201,200,29,0.08088070899248123,False
201,200,30,0.07661152631044388,False
201,200,31,0.07770117372274399,False
201,200,32,0.0780206173658371,False
201,200,33,0.08025113493204117,False
201,200,34,0.07691048085689545,False
201,200,35,0.07922109216451645,False
201,200,36,0.07700081914663315,False
201,200,37,0.08108187466859818,False
201,200,38,0.07729046046733856,False
201,200,39,0.0766608864068985,False
201,200,40,0.07705111056566238,False
201,200,41,0.07709115743637085,False
201,200,42,0.0765109434723854,False
201,200,43,0.07650069892406464,False
201,200,44,0.07683131843805313,False
201,200,45,0.08086021989583969,False
201,200,46,0.0789109617471695,False
201,200,47,0.07685087621212006,False
201,200,48,0.07662083953619003,False
201,200,49,0.0767214223742485,False
201,400,0,0.10173022747039795,False
201,400,1,0.08612032979726791,False
201,400,2,0.09878166019916534,False
201,400,3,0.08025113493204117,False
201,400,4,0.07991213351488113,False
201,400,5,0.0874912366271019,False
201,400,6,0.08110050112009048,False
201,400,7,0.0793207436800003,False
201,400,8,0.07867161184549332,False
201,400,9,0.07906090468168259,False
201,400,10,0.07884111255407333,False
201,400,11,0.07881131023168564,False
201,400,12,0.07859151810407639,False
201,400,13,0.07868185639381409,False
201,400,14,0.07853098213672638,False
201,400,15,0.07819104939699173,False
201,400,16,0.0787610188126564,False
201,400,17,0.07995124906301498,False
201,400,18,0.08153077214956284,False
201,400,19,0.07860083132982254,False
201,400,20,0.07901154458522797,False
201,400,21,0.07840059697628021,False
201,400,22,0.07837172597646713,False
201,400,23,0.07960107177495956,False
201,400,24,0.07768068462610245,False
201,400,25,0.07776077836751938,False
201,400,26,0.07812120020389557,False
201,400,27,0.07791072130203247,False
201,400,28,0.07757078856229782,False
201,400,29,0.07733050733804703,False
201,400,30,0.07887184619903564,False
201,400,31,0.07998105138540268,False
201,400,32,0.0785505399107933,False
201,400,33,0.07847137749195099,False
201,400,34,0.07803086191415787,False
201,400,35,0.07809046655893326,False
201,400,36,0.08185114711523056,False
201,400,37,0.07777102291584015,False
201,400,38,0.07793121039867401,False
201,400,39,0.07827114313840866,False
201,400,40,0.0779610127210617,False
201,400,41,0.07754098623991013,False
201,400,42,0.07772073149681091,False
201,400,43,0.08846074342727661,False
201,400,44,0.07960107177495956,False
201,400,45,0.07837079465389252,False
201,400,46,0.08186046034097672,False
201,400,47,0.07797125726938248,False
201,400,48,0.07800105959177017,False
201,400,49,0.07761083543300629,False
201,800,0,0.10547135025262833,False
201,800,1,0.08877087384462357,False
201,800,2,0.09334087371826172,False
201,800,3,0.08466187864542007,False
201,800,4,0.08364114910364151,False
201,800,5,0.08268095552921295,False
201,800,6,0.0822506844997406,False
201,800,7,0.08241180330514908,False
201,800,8,0.08219107985496521,False
201,800,9,0.08147116750478745,False
201,800,10,0.08194148540496826,False
201,800,11,0.0815410166978836,False
201,800,12,0.08186139166355133,False
201,800,13,0.0868113711476326,False
201,800,14,0.08516199886798859,False
201,800,15,0.08627120405435562,False
201,800,16,0.08300133049488068,False
201,800,17,0.0817812979221344,False
201,800,18,0.08156057447195053,False
201,800,19,0.08123088628053665,False
201,800,20,0.08210074156522751,False
201,800,21,0.08158106356859207,False
201,800,22,0.08188094943761826,False
201,800,23,0.08217152208089828,False
201,800,24,0.09124074131250381,False
201,800,25,0.08775107562541962,False
201,800,26,0.08401088416576385,False
201,800,27,0.08237175643444061,False
201,800,28,0.08199084550142288,False
201,800,29,0.08241087198257446,False
201,800,30,0.08238106966018677,False
201,800,31,0.08242111653089523,False
201,800,32,0.08217152208089828,False
201,800,33,0.08137151598930359,False
201,800,34,0.08194148540496826,False
201,800,35,0.08244067430496216,False
201,800,36,0.08718203753232956,False
201,800,37,0.0873105600476265,False
201,800,38,0.08482113480567932,False
201,800,39,0.0822804868221283,False
201,800,40,0.08179061114788055,False
201,800,41,0.08184090256690979,False
201,800,42,0.08165091276168823,False
201,800,43,0.08162111043930054,False
201,800,44,0.08514150977134705,False
201,800,45,0.081661157310009,False
201,800,46,0.08140038698911667,False
201,800,47,0.08452031761407852,False
201,800,48,0.081661157310009,False
201,800,49,0.087750144302845,False
201,1600,0,0.11310167610645294,False
201,1600,1,0.09694136679172516,False
201,1600,2,0.09240023791790009,False
201,1600,3,0.09055156260728836,False
201,1600,4,0.08978135883808136,False
201,1600,5,0.09064190089702606,False
201,1600,6,0.09176135063171387,False
201,1600,7,0.08907169103622437,False
201,1600,8,0.08896086364984512,False
201,1600,9,0.08905120193958282,False
201,1600,10,0.0889115035533905,False
201,1600,11,0.088471919298172,False
201,1600,12,0.08898135274648666,False
201,1600,13,0.08823070675134659,False
201,1600,14,0.08949078619480133,False
201,1600,15,0.08859019726514816,False
201,1600,16,0.09049102663993835,False
201,1600,17,0.09605102241039276,False
201,1600,18,0.08894037455320358,False
201,1600,19,0.08909124881029129,False
201,1600,20,0.09357091039419174,False
201,1600,21,0.08867122232913971,False
201,1600,22,0.08926168084144592,False
201,1600,23,0.08919090032577515,False
201,1600,24,0.08923094719648361,False
201,1600,25,0.08833128958940506,False
201,1600,26,0.08919090032577515,False
201,1600,27,0.08910149335861206,False
201,1600,28,0.09016133844852448,False
201,1600,29,0.08839089423418045,False
201,1600,30,0.08789077401161194,False
201,1600,31,0.08803140372037888,False
201,1600,32,0.08819065988063812,False
201,1600,33,0.08821208029985428,False
201,1600,34,0.08756108582019806,False
201,1600,35,0.08826050907373428,False
201,1600,36,0.08794106543064117,False
201,1600,37,0.08812081068754196,False
201,1600,38,0.08940231055021286,False
201,1600,39,0.09431131184101105,False
201,1600,40,0.08869078010320663,False
201,1600,41,0.08829031139612198,False
201,1600,42,0.08807051926851273,False
201,1600,43,0.08777156472206116,False
201,1600,44,0.08810218423604965,False
201,1600,45,0.0886106863617897,False
201,1600,46,0.0902414321899414,False
201,1600,47,0.08827075362205505,False
201,1600,48,0.08797086775302887,False
201,1600,49,0.08767098188400269,False
201,3200,0,0.1273415982723236,False
201,3200,1,0.11515244841575623,False
201,3200,2,0.10659173130989075,False
201,3200,3,0.11815037578344345,False
201,3200,4,0.11668261140584946,False
201,3200,5,0.10185129940509796,False
201,3200,6,0.1023225486278534,False
201,3200,7,0.10600034147500992,False
201,3200,8,0.10030064731836319,False
201,3200,9,0.10114256292581558,False
201,3200,10,0.10253116488456726,False
201,3200,11,0.10481104254722595,False
201,3200,12,0.10532233864068985,False
201,3200,13,0.10211113840341568,False
201,3200,14,0.10129157453775406,False
201,3200,15,0.10081101208925247,False
201,3200,16,0.10083150118589401,False
201,3200,17,0.1005716621875763,False
201,3200,18,0.10091066360473633,False
201,3200,19,0.1017209142446518,False
201,3200,20,0.10053254663944244,False
201,3200,21,0.09999144822359085,False
201,3200,22,0.1085503026843071,False
201,3200,23,0.10132137686014175,False
201,3200,24,0.09989086538553238,False
201,3200,25,0.10093115270137787,False
201,3200,26,0.10060146450996399,False
201,3200,27,0.10081101208925247,False
201,3200,28,0.10107085108757019,False
201,3200,29,0.10116212069988251,False
201,3200,30,0.10070111602544785,False
201,3200,31,0.10457076132297516,False
201,3200,32,0.10303221642971039,False
201,3200,33,0.100770965218544,False
201,3200,34,0.10014139115810394,False
201,3200,35,0.10016188025474548,False
201,3200,36,0.10053068399429321,False
201,3200,37,0.10001100599765778,False
201,3200,38,0.10349228978157043,False
201,3200,39,0.10091066360473633,False
201,3200,40,0.10569021105766296,False
201,3200,41,0.10147225111722946,False
201,3200,42,0.10336097329854965,False
201,3200,43,0.10130088776350021,False
201,3200,44,0.10067131370306015,False
201,3200,45,0.10094046592712402,False
201,3200,46,0.10091066360473633,False
201,3200,47,0.10073184967041016,False
201,3200,48,0.10176096111536026,False
201,3200,49,0.10051112622022629,False
201,6400,0,0.15627220273017883,False
201,6400,1,0.13707205653190613,False
201,6400,2,0.13187061995267868,False
201,6400,3,0.13099238276481628,False
201,6400,4,0.13020168989896774,False
201,6400,5,0.13321265578269958,False
201,6400,6,0.12902077287435532,False
201,6400,7,0.13395119458436966,False
201,6400,8,0.1311320811510086,False
201,6400,9,0.13511069118976593,False
201,6400,10,0.12937188148498535,False
201,6400,11,0.1288820058107376,False
201,6400,12,0.12872181832790375,False
201,6400,13,0.12827105820178986,False
201,6400,14,0.1342417672276497,False
201,6400,15,0.13059191405773163,False
201,6400,16,0.1298915594816208,False
201,6400,17,0.12854207307100296,False
201,6400,18,0.12834183871746063,False
201,6400,19,0.12860074639320374,False
201,6400,20,0.1298915594816208,False
201,6400,21,0.13517215847969055,False
201,6400,22,0.12929271906614304,False
201,6400,23,0.12963078916072845,False
201,6400,24,0.12816209346055984,False
201,6400,25,0.12873206287622452,False
201,6400,26,0.12993160635232925,False
201,6400,27,0.12878142297267914,False
201,6400,28,0.12833159416913986,False
201,6400,29,0.12800190597772598,False
201,6400,30,0.13452116400003433,False
201,6400,31,0.13052206486463547,False
201,6400,32,0.12810248881578445,False
201,6400,33,0.12824218720197678,False
201,6400,34,0.1290012151002884,False
201,6400,35,0.12854207307100296,False
201,6400,36,0.12694206088781357,False
201,6400,37,0.1287311315536499,False
201,6400,38,0.13497192412614822,False
201,6400,39,0.1290915533900261,False
201,6400,40,0.1279013231396675,False
201,6400,41,0.12843217700719833,False
201,6400,42,0.12781191617250443,False
201,6400,43,0.12892112135887146,False
201,6400,44,0.12843217700719833,False
201,6400,45,0.12931134551763535,False
201,6400,46,0.12874137610197067,False
201,6400,47,0.12824125587940216,False
201,6400,48,0.12939143925905228,False
201,6400,49,0.12858211994171143,False
201,10000,0,0.18008332699537277,False
201,10000,1,0.1653321087360382,False
201,10000,2,0.16358215361833572,False
201,10000,3,0.16160216182470322,False
201,10000,4,0.1571420580148697,False
201,10000,5,0.1603318378329277,False
201,10000,6,0.1575220376253128,False
201,10000,7,0.15781354159116745,False
201,10000,8,0.1559024676680565,False
201,10000,9,0.1579727977514267,False
201,10000,10,0.1590615138411522,False
201,10000,11,0.1636715605854988,False
201,10000,12,0.15910249203443527,False
201,10000,13,0.15742238610982895,False
201,10000,14,0.1689717173576355,False
201,10000,15,0.16008131206035614,False
201,10000,16,0.15812180936336517,False
201,10000,17,0.16013253480196,False
201,10000,18,0.1568421721458435,False
201,10000,19,0.16070157289505005,False
201,10000,20,0.15608221292495728,False
201,10000,21,0.14982186257839203,False
201,10000,22,0.14772173017263412,False
201,10000,23,0.1516919583082199,False
201,10000,24,0.14992151409387589,False
201,10000,25,0.1487014815211296,False
201,10000,26,0.14816224575042725,False
201,10000,27,0.14860183000564575,False
201,10000,28,0.14831218868494034,False
201,10000,29,0.1515112817287445,False
201,10000,30,0.15960168093442917,False
201,10000,31,0.14951173216104507,False
201,10000,32,0.14750193804502487,False
201,10000,33,0.14768261462450027,False
201,10000,34,0.14753080904483795,False
201,10000,35,0.14795176684856415,False
201,10000,36,0.14726165682077408,False
201,10000,37,0.15602260828018188,False
201,10000,38,0.1532919704914093,False
201,10000,39,0.15303213149309158,False
201,10000,40,0.16026198863983154,False
201,10000,41,0.14884211122989655,False
201,10000,42,0.14807190746068954,False
201,10000,43,0.14923233538866043,False
201,10000,44,0.15067122876644135,False
201,10000,45,0.14740228652954102,False
201,10000,46,0.14739111065864563,False
201,10000,47,0.14680158346891403,False
201,10000,48,0.14751218259334564,False
201,10000,49,0.14647189527750015,False
99,1,0,0.10191090404987335,False
99,1,1,0.07279962301254272,False
99,1,2,0.061131082475185394,False
99,1,3,0.058391131460666656,False
99,1,4,0.05748029798269272,False
99,1,5,0.057880766689777374,False
99,1,6,0.05863979458808899,False
99,1,7,0.0559510663151741,False
99,1,8,0.05504116415977478,False
99,1,9,0.05413126200437546,False
99,1,10,0.054319389164447784,False
99,1,11,0.05491077899932861,False
99,1,12,0.05460064858198166,False
99,1,13,0.054339878261089325,False
99,1,14,0.0538509339094162,False
99,1,15,0.05371123552322388,False
99,1,16,0.05336105823516846,False
99,1,17,0.053999945521354675,False
99,1,18,0.053880736231803894,False
99,1,19,0.05367118865251541,False
99,1,20,0.05405023694038391,False
99,1,21,0.05448143929243088,False
99,1,22,0.05332101136445999,False
99,1,23,0.05875155329704285,False
99,1,24,0.05630962550640106,False
99,1,25,0.05379132926464081,False
99,1,26,0.05378108471632004,False
99,1,27,0.053340569138526917,False
99,1,28,0.05306117236614227,False
99,1,29,0.05276035517454147,False
99,1,30,0.05554128438234329,False
99,1,31,0.05289074033498764,False
99,1,32,0.05306117236614227,False
99,1,33,0.052920542657375336,False
99,1,34,0.053209252655506134,False
99,1,35,0.05274079740047455,False
99,1,36,0.05325116217136383,False
99,1,37,0.053649768233299255,False
99,1,38,0.05332101136445999,False
99,1,39,0.05257129669189453,False
99,1,40,0.053551048040390015,False
99,1,41,0.05302950739860535,False
99,1,42,0.060881488025188446,False
99,1,43,0.05476083606481552,False
99,1,44,0.05313009023666382,False
99,1,45,0.05382020026445389,False
99,1,46,0.053190626204013824,False
99,1,47,0.05345139652490616,False
99,1,48,0.053270719945430756,False
99,1,49,0.05302112549543381,False
99,2,0,0.07835123687982559,False
99,2,1,0.06170105189085007,False
99,2,2,0.05697086453437805,False
99,2,3,0.0551808625459671,False
99,2,4,0.05409028381109238,False
99,2,5,0.05336105823516846,False
99,2,6,0.05357060581445694,False
99,2,7,0.05431007593870163,False
99,2,8,0.06262026727199554,False
99,2,9,0.05405116826295853,False
99,2,10,0.05260016769170761,False
99,2,11,0.056850723922252655,False
99,2,12,0.05890149623155594,False
99,2,13,0.05405116826295853,False
99,2,14,0.053270719945430756,False
99,2,15,0.05352962762117386,False
99,2,16,0.052111223340034485,False
99,2,17,0.052850693464279175,False
99,2,18,0.05267001688480377,False
99,2,19,0.05221087485551834,False
99,2,20,0.05229096859693527,False
99,2,21,0.05187094211578369,False
99,2,22,0.05302019417285919,False
99,2,23,0.053190626204013824,False
99,2,24,0.05421135574579239,False
99,2,25,0.05252007395029068,False
99,2,26,0.05371123552322388,False
99,2,27,0.054341740906238556,False
99,2,28,0.052451156079769135,False
99,2,29,0.052080489695072174,False
99,2,30,0.05198083817958832,False
99,2,31,0.0524912029504776,False
99,2,32,0.05216989666223526,False
99,2,33,0.05213078111410141,False
99,2,34,0.052131712436676025,False
99,2,35,0.05232077091932297,False
99,2,36,0.052230432629585266,False
99,2,37,0.05225092172622681,False
99,2,38,0.05247071385383606,False
99,2,39,0.05231145769357681,False
99,2,40,0.05236081779003143,False
99,2,41,0.052519142627716064,False
99,2,42,0.05224160850048065,False
99,2,43,0.05271099507808685,False
99,2,44,0.05284138023853302,False
99,2,45,0.05356036126613617,False
99,2,46,0.05428120493888855,False
99,2,47,0.05309097468852997,False
99,2,48,0.05223974585533142,False
99,2,49,0.05214102566242218,False
99,4,0,0.07567089051008224,False
99,4,1,0.060721300542354584,False
99,4,2,0.056451186537742615,False
99,4,3,0.05487073212862015,False
99,4,4,0.05481019616127014,False
99,4,5,0.05420111119747162,False
99,4,6,0.053551048040390015,False
99,4,7,0.05389004945755005,False
99,4,8,0.05557108670473099,False
99,4,9,0.053911469876766205,False
99,4,10,0.053600408136844635,False
99,4,11,0.05421042442321777,False
99,4,12,0.055820681154727936,False
99,4,13,0.05374103784561157,False
99,4,14,0.05286000669002533,False
99,4,15,0.05368143320083618,False
99,4,16,0.05409121513366699,False
99,4,17,0.05434080958366394,False
99,4,18,0.05380995571613312,False
99,4,19,0.053211115300655365,False
99,4,20,0.05356036126613617,False
99,4,21,0.05304999649524689,False
99,4,22,0.05376152694225311,False
99,4,23,0.053120777010917664,False
99,4,24,0.05318969488143921,False
99,4,25,0.05269050598144531,False
99,4,26,0.05282089114189148,False
99,4,27,0.053120777010917664,False
99,4,28,0.052889809012413025,False
99,4,29,0.0531710684299469,False
99,4,30,0.06141141057014465,False
99,4,31,0.05399063229560852,False
99,4,32,0.05346070975065231,False
99,4,33,0.053141266107559204,False
99,4,34,0.052941031754016876,False
99,4,35,0.05294010043144226,False
99,4,36,0.0530807301402092,False
99,4,37,0.05306117236614227,False
99,4,38,0.052809715270996094,False
99,4,39,0.052881427109241486,False
99,4,40,0.053200870752334595,False
99,4,41,0.05333125591278076,False
99,4,42,0.053170137107372284,False
99,4,43,0.05306024104356766,False
99,4,44,0.05263090133666992,False
99,4,45,0.05695130676031113,False
99,4,46,0.05353987216949463,False
99,4,47,0.0530807301402092,False
99,4,48,0.053971074521541595,False
99,4,49,0.0555897131562233,False
99,8,0,0.0758906826376915,False
99,8,1,0.06106030195951462,False
99,8,2,0.05746167153120041,False
99,8,3,0.055750831961631775,False
99,8,4,0.05588121712207794,False
99,8,5,0.05921069532632828,False
99,8,6,0.05452148616313934,False
99,8,7,0.05376152694225311,False
99,8,8,0.05434080958366394,False
99,8,9,0.05390029400587082,False
99,8,10,0.05418062210083008,False
99,8,11,0.0538509339094162,False
99,8,12,0.0545792281627655,False
99,8,13,0.05411170423030853,False
99,8,14,0.05537085235118866,False
99,8,15,0.056840479373931885,False
99,8,16,0.05448050796985626,False
99,8,17,0.05421135574579239,False
99,8,18,0.05370099097490311,False
99,8,19,0.05360972136259079,False
99,8,20,0.05352124571800232,False
99,8,21,0.053481198847293854,False
99,8,22,0.05331076681613922,False
99,8,23,0.054080039262771606,False
99,8,24,0.05343090742826462,False
99,8,25,0.05379039794206619,False
99,8,26,0.053559429943561554,False
99,8,27,0.05419086664915085,False
99,8,28,0.05451124161481857,False
99,8,29,0.05411077290773392,False
99,8,30,0.055810436606407166,False
99,8,31,0.05454104393720627,False
99,8,32,0.059371814131736755,False
99,8,33,0.05711149424314499,False
99,8,34,0.054069794714450836,False
99,8,35,0.053481198847293854,False
99,8,36,0.0537605956196785,False
99,8,37,0.05412008613348007,False
99,8,38,0.05381088703870773,False
99,8,39,0.05390029400587082,False
99,8,40,0.05381088703870773,False
99,8,41,0.05390029400587082,False
99,8,42,0.054261647164821625,False
99,8,43,0.053680501878261566,False
99,8,44,0.05395989865064621,False
99,8,45,0.05343090742826462,False
99,8,46,0.05354173481464386,False
99,8,47,0.05328003317117691,False
99,8,48,0.05378108471632004,False
99,8,49,0.05412101745605469,False
99,16,0,0.07863063365221024,False
99,16,1,0.06571132689714432,False
99,16,2,0.05805119872093201,False
99,16,3,0.05758088082075119,False
99,16,4,0.05735177546739578,False
99,16,5,0.05669984966516495,False
99,16,6,0.06123073399066925,False
99,16,7,0.056461431086063385,False
99,16,8,0.056020915508270264,False
99,16,9,0.055759213864803314,False
99,16,10,0.05550123751163483,False
99,16,11,0.055761076509952545,False
99,16,12,0.05553103983402252,False
99,16,13,0.055789947509765625,False
99,16,14,0.05574151873588562,False
99,16,15,0.05574151873588562,False
99,16,16,0.06502121686935425,False
99,16,17,0.05705002695322037,False
99,16,18,0.05718134343624115,False
99,16,19,0.059421174228191376,False
99,16,20,0.056580640375614166,False
99,16,21,0.05625002086162567,False
99,16,22,0.05581136792898178,False
99,16,23,0.05502067506313324,False
99,16,24,0.05596131086349487,False
99,16,25,0.05595944821834564,False
99,16,26,0.055660493671894073,False
99,16,27,0.05542021244764328,False
99,16,28,0.05544070154428482,False
99,16,29,0.055859796702861786,False
99,16,30,0.055341050028800964,False
99,16,31,0.055750831961631775,False
99,16,32,0.05516130477190018,False
99,16,33,0.061649829149246216,False
99,16,34,0.05833059549331665,False
99,16,35,0.055431388318538666,False
99,16,36,0.056181102991104126,False
99,16,37,0.055709853768348694,False
99,16,38,0.055140815675258636,False
99,16,39,0.056101009249687195,False
99,16,40,0.05521997809410095,False
99,16,41,0.054581090807914734,False
99,16,42,0.05484092980623245,False
99,16,43,0.05502067506313324,False
99,16,44,0.054960139095783234,False
99,16,45,0.055470503866672516,False
99,16,46,0.055380165576934814,False
99,16,47,0.05600135773420334,False
99,16,48,0.05523022264242172,False
99,16,49,0.05555152893066406,False
99,32,0,0.08343160152435303,False
99,32,1,0.06621051579713821,False
99,32,2,0.061880797147750854,False
99,32,3,0.060080550611019135,False
99,32,4,0.06029102951288223,False
99,32,5,0.05987100303173065,False
99,32,6,0.05853082984685898,False
99,32,7,0.070241279900074,False
99,32,8,0.058931298553943634,False
99,32,9,0.0588810071349144,False
99,32,10,0.05875062197446823,False
99,32,11,0.057999975979328156,False
99,32,12,0.058570876717567444,False
99,32,13,0.0588512048125267,False
99,32,14,0.058370642364025116,False
99,32,15,0.06251037120819092,False
99,32,16,0.06066076457500458,False
99,32,17,0.05887076258659363,False
99,32,18,0.05882047116756439,False
99,32,19,0.05817040801048279,False
99,32,20,0.05854014307260513,False
99,32,21,0.05784071981906891,False
99,32,22,0.05834084004163742,False
99,32,23,0.05809124559164047,False
99,32,24,0.05821138620376587,False
99,32,25,0.05874037742614746,False
99,32,26,0.05877111107110977,False
99,32,27,0.05788169801235199,False
99,32,28,0.05851034075021744,False
99,32,29,0.057909637689590454,False
99,32,30,0.05981139838695526,False
99,32,31,0.05841068923473358,False
99,32,32,0.06467103958129883,False
99,32,33,0.06163027137517929,False
99,32,34,0.05949102342128754,False
99,32,35,0.058690086007118225,False
99,32,36,0.057860277593135834,False
99,32,37,0.057870522141456604,False
99,32,38,0.05837157368659973,False
99,32,39,0.05802977830171585,False
99,32,40,0.05994085222482681,False
99,32,41,0.058300793170928955,False
99,32,42,0.05775131285190582,False
99,32,43,0.05811918526887894,False
99,32,44,0.057960860431194305,False
99,32,45,0.05792081356048584,False
99,32,46,0.05843117833137512,False
99,32,47,0.057930126786231995,False
99,32,48,0.058311037719249725,False
99,32,49,0.05910079926252365,False
99,64,0,0.08236151188611984,False
99,64,1,0.06633996963500977,False
99,64,2,0.06242096424102783,False
99,64,3,0.06135180592536926,False
99,64,4,0.06104074418544769,False
99,64,5,0.05996040999889374,False
99,64,6,0.06052013486623764,False
99,64,7,0.059341080486774445,False
99,64,8,0.058720819652080536,False
99,64,9,0.059531070291996,False
99,64,10,0.05988124758005142,False
99,64,11,0.05959998816251755,False
99,64,12,0.05961116403341293,False
99,64,13,0.06521027535200119,False
99,64,14,0.06233062595129013,False
99,64,15,0.05999114364385605,False
99,64,16,0.059159472584724426,False
99,64,17,0.058980658650398254,False
99,64,18,0.05860067903995514,False
99,64,19,0.058780424296855927,False
99,64,20,0.05900021642446518,False
99,64,21,0.0589713454246521,False
99,64,22,0.05911104381084442,False
99,64,23,0.059761106967926025,False
99,64,24,0.05954038351774216,False
99,64,25,0.05953013896942139,False
99,64,26,0.05851127207279205,False
99,64,27,0.05909055471420288,False
99,64,28,0.058570876717567444,False
99,64,29,0.058700330555438995,False
99,64,30,0.06186123937368393,False
99,64,31,0.06059184670448303,False
99,64,32,0.059040263295173645,False
99,64,33,0.0589713454246521,False
99,64,34,0.05907006561756134,False
99,64,35,0.058710575103759766,False
99,64,36,0.05852058529853821,False
99,64,37,0.05887169390916824,False
99,64,38,0.05846098065376282,False
99,64,39,0.05851034075021744,False
99,64,40,0.05821138620376587,False
99,64,41,0.0588810071349144,False
99,64,42,0.058720819652080536,False
99,64,43,0.058700330555438995,False
99,64,44,0.058391131460666656,False
99,64,45,0.0582914799451828,False
99,64,46,0.05812104791402817,False
99,64,47,0.05996134132146835,False
99,64,48,0.06077997386455536,False
99,64,49,0.058720819652080536,False
99,100,0,0.0810110941529274,False
99,100,1,0.0654812902212143,False
99,100,2,0.062020495533943176,False
99,100,3,0.0611012801527977,False
99,100,4,0.06088055670261383,False
99,100,5,0.0601205974817276,False
99,100,6,0.0601205974817276,False
99,100,7,0.05989056080579758,False
99,100,8,0.05961116403341293,False
99,100,9,0.059341080486774445,False
99,100,10,0.05942024290561676,False
99,100,11,0.060850754380226135,False
99,100,12,0.06208010017871857,False
99,100,13,0.05984120070934296,False
99,100,14,0.05980115383863449,False
99,100,15,0.05949102342128754,False
99,100,16,0.05959067493677139,False
99,100,17,0.05922093987464905,False
99,100,18,0.059531070291996,False
99,100,19,0.059070996940135956,False
99,100,20,0.05923118442296982,False
99,100,21,0.059380196034908295,False
99,100,22,0.06102118641138077,False
99,100,23,0.05914084613323212,False
99,100,24,0.05931127816438675,False
99,100,25,0.058910809457302094,False
99,100,26,0.05916040390729904,False
99,100,27,0.05884096026420593,False
99,100,28,0.060031190514564514,False
99,100,29,0.061891041696071625,False
99,100,30,0.059079378843307495,False
99,100,31,0.05890056490898132,False
99,100,32,0.05988124758005142,False
99,100,33,0.059281475841999054,False
99,100,34,0.05890056490898132,False
99,100,35,0.05894061177968979,False
99,100,36,0.05963072180747986,False
99,100,37,0.05918089300394058,False
99,100,38,0.059410929679870605,False
99,100,39,0.05960091948509216,False
99,100,40,0.05962979048490524,False
99,100,41,0.05915109068155289,False
99,100,42,0.0595608726143837,False
99,100,43,0.058990903198719025,False
99,100,44,0.0587906688451767,False
99,100,45,0.06692018359899521,False
99,100,46,0.0609811395406723,False
99,100,47,0.060170888900756836,False
99,100,48,0.058970414102077484,False
99,100,49,0.058780424296855927,False
99,200,0,0.08260086178779602,False
99,200,1,0.06691087037324905,False
99,200,2,0.06374157965183258,False
99,200,3,0.06193108856678009,False
99,200,4,0.06122048944234848,False
99,200,5,0.0611916184425354,False
99,200,6,0.06068963557481766,False
99,200,7,0.06095040589570999,False
99,200,8,0.06621144711971283,False
99,200,9,0.06331130862236023,False
99,200,10,0.0608908012509346,False
99,200,11,0.060459598898887634,False
99,200,12,0.06049126386642456,False
99,200,13,0.061631202697753906,False
99,200,14,0.06022118031978607,False
99,200,15,0.0600302591919899,False
99,200,16,0.0600302591919899,False
99,200,17,0.059701502323150635,False
99,200,18,0.06062071770429611,False
99,200,19,0.05967170000076294,False
99,200,20,0.06025098264217377,False
99,200,21,0.060049816966056824,False
99,200,22,0.06027147173881531,False
99,200,23,0.05962047725915909,False
99,200,24,0.05978066474199295,False
99,200,25,0.06711110472679138,False
99,200,26,0.06174016743898392,False
99,200,27,0.0600004568696022,False
99,200,28,0.060121528804302216,False
99,200,29,0.05977042019367218,False
99,200,30,0.05975179374217987,False
99,200,31,0.060210004448890686,False
99,200,32,0.06211083382368088,False
99,200,33,0.06277114152908325,False
99,200,34,0.06032083183526993,False
99,200,35,0.05991104990243912,False
99,200,36,0.06319023668766022,False
99,200,37,0.06041117012500763,False
99,200,38,0.05920138210058212,False
99,200,39,0.05995109677314758,False
99,200,40,0.060430727899074554,False
99,200,41,0.06053037941455841,False
99,200,42,0.06210058927536011,False
99,200,43,0.060521066188812256,False
99,200,44,0.05994085222482681,False
99,200,45,0.06000138819217682,False
99,200,46,0.060080550611019135,False
99,200,47,0.05926098674535751,False
99,200,48,0.05998089909553528,False
99,200,49,0.06004050374031067,False
99,400,0,0.08500088006258011,False
99,400,1,0.06835069507360458,False
99,400,2,0.06533041596412659,False
99,400,3,0.06405171006917953,False
99,400,4,0.06483122706413269,False
99,400,5,0.06546080112457275,False
99,400,6,0.06313994526863098,False
99,400,7,0.06213132292032242,False
99,400,8,0.06193108856678009,False
99,400,9,0.062230974435806274,False
99,400,10,0.062611885368824,False
99,400,11,0.06264075636863708,False
99,400,12,0.062200240790843964,False
99,400,13,0.062020495533943176,False
99,400,14,0.062360428273677826,False
99,400,15,0.06222166121006012,False
99,400,16,0.06568152457475662,False
99,400,17,0.06254017353057861,False
99,400,18,0.062321312725543976,False
99,400,19,0.06205122917890549,False
99,400,20,0.06405077874660492,False
99,400,21,0.06410107016563416,False
99,400,22,0.06213132292032242,False
99,400,23,0.0613601878285408,False
99,400,24,0.061870552599430084,False
99,400,25,0.06144121289253235,False
99,400,26,0.06198044866323471,False
99,400,27,0.061281025409698486,False
99,400,28,0.061510130763053894,False
99,400,29,0.06184075027704239,False
99,400,30,0.06612110882997513,False
99,400,31,0.06558094173669815,False
99,400,32,0.061281025409698486,False
99,400,33,0.06209127604961395,False
99,400,34,0.06162002682685852,False
99,400,35,0.06208103150129318,False
99,400,36,0.06325077265501022,False
99,400,37,0.06356090307235718,False
99,400,38,0.06227102130651474,False
99,400,39,0.06118137389421463,False
99,400,40,0.0613899901509285,False
99,400,41,0.06253086030483246,False
99,400,42,0.07292069494724274,False
99,400,43,0.061571598052978516,False
99,400,44,0.061870552599430084,False
99,400,45,0.061610713601112366,False
99,400,46,0.06210058927536011,False
99,400,47,0.06174109876155853,False
99,400,48,0.0616610050201416,False
99,400,49,0.06185099482536316,False
99,800,0,0.08931104093790054,False
99,800,1,0.07371138781309128,False
99,800,2,0.06866175681352615,False
99,800,3,0.06669014692306519,False
99,800,4,0.06676092743873596,False
99,800,5,0.06638094782829285,False
99,800,6,0.06676092743873596,False
99,800,7,0.06606057286262512,False
99,800,8,0.06639957427978516,False
99,800,9,0.06591994315385818,False
99,800,10,0.06558094173669815,False
99,800,11,0.06590131670236588,False
99,800,12,0.0669313594698906,False
99,800,13,0.07391069084405899,False
99,800,14,0.06676092743873596,False
99,800,15,0.06613042205572128,False
99,800,16,0.06590038537979126,False
99,800,17,0.06640050560235977,False
99,800,18,0.06556976586580276,False
99,800,19,0.06623100489377975,False
99,800,20,0.06562098860740662,False
99,800,21,0.07018167525529861,False
99,800,22,0.06574112921953201,False
99,800,23,0.0660410150885582,False
99,800,24,0.06615091115236282,False
99,800,25,0.06590038537979126,False
99,800,26,0.06783101707696915,False
99,800,27,0.06730109453201294,False
99,800,28,0.0673709437251091,False
99,800,29,0.0661611557006836,False
99,800,30,0.06596092134714127,False
99,800,31,0.06587151437997818,False
99,800,32,0.06588175892829895,False
99,800,33,0.0657401978969574,False
99,800,34,0.06532110273838043,False
99,800,35,0.06581097841262817,False
99,800,36,0.06609037518501282,False
99,800,37,0.06578117609024048,False
99,800,38,0.06546080112457275,False
99,800,39,0.06593111902475357,False
99,800,40,0.06547011435031891,False
99,800,41,0.06636977195739746,False
99,800,42,0.07124058902263641,False
99,800,43,0.06964057683944702,False
99,800,44,0.06640143692493439,False
99,800,45,0.0653611496090889,False
99,800,46,0.06627105176448822,False
99,800,47,0.06563123315572739,False
99,800,48,0.06476044654846191,False
99,800,49,0.06548967212438583,False
99,1600,0,0.10031182318925858,False
99,1600,1,0.0819917768239975,False
99,1600,2,0.07581058889627457,False
99,1600,3,0.07427111268043518,False
99,1600,4,0.07347110658884048,False
99,1600,5,0.07298961281776428,False
99,1600,6,0.07282104343175888,False
99,1600,7,0.07262080907821655,False
99,1600,8,0.07183104753494263,False
99,1600,9,0.07156096398830414,False
99,1600,10,0.0752406194806099,False
99,1600,11,0.07191114127635956,False
99,1600,12,0.07255095988512039,False
99,1600,13,0.07131043821573257,False
99,1600,14,0.0752713531255722,False
99,1600,15,0.07336121052503586,False
99,1600,16,0.07233116775751114,False
99,1600,17,0.071721151471138,False
99,1600,18,0.0760108232498169,False
99,1600,19,0.07190089672803879,False
99,1600,20,0.07132068276405334,False
99,1600,21,0.07138121873140335,False
99,1600,22,0.077100470662117,False
99,1600,23,0.07215142250061035,False
99,1600,24,0.07182080298662186,False
99,1600,25,0.07200147956609726,False
99,1600,26,0.07132161408662796,False
99,1600,27,0.07776077836751938,False
99,1600,28,0.07596146315336227,False
99,1600,29,0.07217098027467728,False
99,1600,30,0.07211137562990189,False
99,1600,31,0.07210113108158112,False
99,1600,32,0.07171090692281723,False
99,1600,33,0.07131975144147873,False
99,1600,34,0.07659010589122772,False
99,1600,35,0.07239077240228653,False
99,1600,36,0.07150042802095413,False
99,1600,37,0.07189158350229263,False
99,1600,38,0.07191114127635956,False
99,1600,39,0.07149111479520798,False
99,1600,40,0.07214117795228958,False
99,1600,41,0.07301103323698044,False
99,1600,42,0.0737309455871582,False
99,1600,43,0.07159076631069183,False
99,1600,44,0.0710710883140564,False
99,1600,45,0.07123034447431564,False
99,1600,46,0.0711316242814064,False
99,1600,47,0.07181055843830109,False
99,1600,48,0.07149111479520798,False
99,1600,49,0.07124152034521103,False
99,3200,0,0.10935217142105103,False
99,3200,1,0.09194109588861465,False
99,3200,2,0.08738134056329727,False
99,3200,3,0.08525140583515167,False
99,3200,4,0.08888170123100281,False
99,3200,5,0.0979304313659668,False
99,3200,6,0.08425116539001465,False
99,3200,7,0.09023118764162064,False
99,3200,8,0.08647143840789795,False
99,3200,9,0.08413195610046387,False
99,3200,10,0.08423067629337311,False
99,3200,11,0.08497107774019241,False
99,3200,12,0.08327141404151917,False
99,3200,13,0.08405093103647232,False
99,3200,14,0.0844104215502739,False
99,3200,15,0.08344091475009918,False
99,3200,16,0.08460041135549545,False
99,3200,17,0.08446164429187775,False
99,3200,18,0.08339155465364456,False
99,3200,19,0.0855419784784317,False
99,3200,20,0.0854218378663063,False
99,3200,21,0.08398108184337616,False
99,3200,22,0.08399132639169693,False
99,3200,23,0.0833515077829361,False
99,3200,24,0.08364114910364151,False
99,3200,25,0.08346047252416611,False
99,3200,26,0.08461065590381622,False
99,3200,27,0.08383113890886307,False
99,3200,28,0.08768215775489807,False
99,3200,29,0.0844709575176239,False
99,3200,30,0.08476059883832932,False
99,3200,31,0.08541066199541092,False
99,3200,32,0.08614081889390945,False
99,3200,33,0.08463114500045776,False
99,3200,34,0.08353125303983688,False
99,3200,35,0.08363090455532074,False
99,3200,36,0.08525047451257706,False
99,3200,37,0.08586142212152481,False
99,3200,38,0.09189080446958542,False
99,3200,39,0.08393079042434692,False
99,3200,40,0.08362066000699997,False
99,3200,41,0.0837910920381546,False
99,3200,42,0.08368119597434998,False
99,3200,43,0.09216088801622391,False
99,3200,44,0.08503254503011703,False
99,3200,45,0.08338131010532379,False
99,3200,46,0.08380133658647537,False
99,3200,47,0.08340086787939072,False
99,3200,48,0.08426140993833542,False
99,3200,49,0.08244067430496216,False
99,6400,0,0.1410115510225296,False
99,6400,1,0.11948123574256897,False
99,6400,2,0.1233518123626709,False
99,6400,3,0.12297183275222778,False
99,6400,4,0.11639110743999481,False
99,6400,5,0.11252239346504211,False
99,6400,6,0.11262111365795135,False
99,6400,7,0.11154264211654663,False
99,6400,8,0.11276174336671829,False
99,6400,9,0.11287163943052292,False
99,6400,10,0.11842045933008194,False
99,6400,11,0.11747237294912338,False
99,6400,12,0.11275149881839752,False
99,6400,13,0.11083204299211502,False
99,6400,14,0.11514034122228622,False
99,6400,15,0.11252239346504211,False
99,6400,16,0.11570099741220474,False
99,6400,17,0.11324230581521988,False
99,6400,18,0.11262111365795135,False
99,6400,19,0.11908262968063354,False
99,6400,20,0.11745188385248184,False
99,6400,21,0.11259224265813828,False
99,6400,22,0.11202134191989899,False
99,6400,23,0.11169165372848511,False
99,6400,24,0.11180154979228973,False
99,6400,25,0.11333171278238297,False
99,6400,26,0.11449027806520462,False
99,6400,27,0.11479202657938004,False
99,6400,28,0.11483114212751389,False
99,6400,29,0.11350121349096298,False
99,6400,30,0.11229142546653748,False
99,6400,31,0.11231191456317902,False
99,6400,32,0.11139083653688431,False
99,6400,33,0.11118222028017044,False
99,6400,34,0.11075101792812347,False
99,6400,35,0.11026207357645035,False
99,6400,36,0.11043157428503036,False
99,6400,37,0.1185927540063858,False
99,6400,38,0.11425092816352844,False
99,6400,39,0.11111143976449966,False
99,6400,40,0.11093076318502426,False
99,6400,41,0.11254101991653442,False
99,6400,42,0.11114217340946198,False
99,6400,43,0.11245068162679672,False
99,6400,44,0.11777132749557495,False
99,6400,45,0.11060107499361038,False
99,6400,46,0.11994224041700363,False
99,6400,47,0.11304114013910294,False
99,6400,48,0.11215172708034515,False
99,6400,49,0.11189095675945282,False
99,10000,0,0.1747114583849907,False
99,10000,1,0.14603231102228165,False
99,10000,2,0.1434115692973137,False
99,10000,3,0.1411614939570427,False
99,10000,4,0.1526428386569023,False
99,10000,5,0.14168210327625275,False
99,10000,6,0.15265215188264847,False
99,10000,7,0.14242064207792282,False
99,10000,8,0.14071259647607803,False
99,10000,9,0.14142226427793503,False
99,10000,10,0.13345200568437576,False
99,10000,11,0.1319916918873787,False
99,10000,12,0.13261102139949799,False
99,10000,13,0.13387203216552734,False
99,10000,14,0.1340312883257866,False
99,10000,15,0.13215187937021255,False
99,10000,16,0.13187061995267868,False
99,10000,17,0.13158190995454788,False
99,10000,18,0.13531185686588287,False
99,10000,19,0.13180170208215714,False
99,10000,20,0.13733096420764923,False
99,10000,21,0.1328112557530403,False
99,10000,22,0.13168249279260635,False
99,10000,23,0.13253279030323029,False
99,10000,24,0.1309504732489586,False
99,10000,25,0.13163220137357712,False
99,10000,26,0.13112183660268784,False
99,10000,27,0.13095233589410782,False
99,10000,28,0.13325177133083344,False
99,10000,29,0.13304129242897034,False
99,10000,30,0.1316014677286148,False
99,10000,31,0.13653188943862915,False
99,10000,32,0.13372208923101425,False
99,10000,33,0.13168156147003174,False
99,10000,34,0.13090204447507858,False
99,10000,35,0.1323223114013672,False
99,10000,36,0.14305207878351212,False
99,10000,37,0.1316610723733902,False
99,10000,38,0.13124197721481323,False
99,10000,39,0.13086199760437012,False
99,10000,40,0.13097096234560013,False
99,10000,41,0.13191159814596176,False
99,10000,42,0.13212207704782486,False
99,10000,43,0.13413187116384506,False
99,10000,44,0.13369135558605194,False
99,10000,45,0.1318119466304779,False
99,10000,46,0.13023242354393005,False
99,10000,47,0.13168249279260635,False
99,10000,48,0.13072043657302856,False
99,10000,49,0.13435166329145432,False
999,1,0,0.3706049174070358,True
999,1,1,0.202251598238945,True
999,1,2,0.19544269889593124,True
999,1,3,0.19314326345920563,True
999,1,4,0.18868129700422287,True
999,1,5,0.19145291298627853,True
999,1,6,0.18845219165086746,True
999,1,7,0.18985383212566376,True
999,1,8,0.18588267266750336,True
999,1,9,0.18627196550369263,True
999,1,10,0.18537230789661407,True
999,1,11,0.184621661901474,True
999,1,12,0.19315257668495178,True
999,1,13,0.18490198999643326,True
999,1,14,0.18343329429626465,True
999,1,15,0.1832917332649231,True
999,1,16,0.18355157226324081,True
999,1,17,0.18556229770183563,True
999,1,18,0.1869620755314827,True
999,1,19,0.1844828948378563,True
999,1,20,0.18393248319625854,True
999,1,21,0.18322281539440155,True
999,1,22,0.18523167818784714,True
999,1,23,0.18694251775741577,True
999,1,24,0.18496252596378326,True
999,1,25,0.18334202468395233,True
999,1,26,0.18360279500484467,True
999,1,27,0.18653180450201035,True
999,1,28,0.184512697160244,True
999,1,29,0.1854822039604187,True
999,1,30,0.18400326371192932,True
999,1,31,0.1827618107199669,True
999,1,32,0.18266215920448303,True
999,1,33,0.1847725361585617,True
999,1,34,0.18561258912086487,True
999,1,35,0.18545333296060562,True
999,1,36,0.18320232629776,True
999,1,37,0.18299277871847153,True
999,1,38,0.18274225294589996,True
999,1,39,0.19043218344449997,True
999,1,40,0.1846030354499817,True
999,1,41,0.18310174345970154,True
999,1,42,0.18290337175130844,True
999,1,43,0.18233153969049454,True
999,1,44,0.18411129713058472,True
999,1,45,0.18566381186246872,True
999,1,46,0.1833513379096985,True
999,1,47,0.18263328820466995,True
999,1,48,0.18352270126342773,True
999,1,49,0.19251275807619095,True
999,2,0,0.3623347729444504,True
999,2,1,0.20491331815719604,True
999,2,2,0.1967819407582283,True
999,2,3,0.1948624849319458,True
999,2,4,0.19070226699113846,True
999,2,5,0.1898137852549553,True
999,2,6,0.18866267055273056,True
999,2,7,0.18780212849378586,True
999,2,8,0.18974300473928452,True
999,2,9,0.18700212240219116,True
999,2,10,0.18630176782608032,True
999,2,11,0.1872628927230835,True
999,2,12,0.19226223230361938,True
999,2,13,0.1961132511496544,True
999,2,14,0.1866621896624565,True
999,2,15,0.18620304763317108,True
999,2,16,0.18635205924510956,True
999,2,17,0.18633343279361725,True
999,2,18,0.18727127462625504,True
999,2,19,0.18947292119264603,True
999,2,20,0.18631108105182648,True
999,2,21,0.18579233437776566,True
999,2,22,0.1850724220275879,True
999,2,23,0.1918124035000801,True
999,2,24,0.18870271742343903,True
999,2,25,0.18667243421077728,True
999,2,26,0.1859627664089203,True
999,2,27,0.18898304551839828,True
999,2,28,0.1866621896624565,True
999,2,29,0.18937140703201294,True
999,2,30,0.18636230379343033,True
999,2,31,0.18544215708971024,True
999,2,32,0.18626265227794647,True
999,2,33,0.1868419349193573,True
999,2,34,0.18876325339078903,True
999,2,35,0.1902421936392784,True
999,2,36,0.19364245235919952,True
999,2,37,0.18623191863298416,True
999,2,38,0.1920638605952263,True
999,2,39,0.18664170056581497,True
999,2,40,0.19292254000902176,True
999,2,41,0.18597207963466644,True
999,2,42,0.18583331257104874,True
999,2,43,0.18535181879997253,True
999,2,44,0.1874621957540512,True
999,2,45,0.18826313316822052,True
999,2,46,0.18714182078838348,True
999,2,47,0.18686335533857346,True
999,2,48,0.1860419288277626,True
999,2,49,0.18672272562980652,True
999,4,0,0.3580339252948761,True
999,4,1,0.2072332426905632,True
999,4,2,0.20191259682178497,True
999,4,3,0.1948019489645958,True
999,4,4,0.19307341426610947,True
999,4,5,0.19535142928361893,True
999,4,6,0.19221287220716476,True
999,4,7,0.1955423504114151,True
999,4,8,0.19033346325159073,True
999,4,9,0.19034184515476227,True
999,4,10,0.18973369151353836,True
999,4,11,0.1981537789106369,True
999,4,12,0.19342172890901566,True
999,4,13,0.19032321870326996,True
999,4,14,0.18967129290103912,True
999,4,15,0.18983334302902222,True
999,4,16,0.1903921365737915,True
999,4,17,0.19118282943964005,True
999,4,18,0.19253231585025787,True
999,4,19,0.18962286412715912,True
999,4,20,0.18997211009263992,True
999,4,21,0.18953252583742142,True
999,4,22,0.1911018043756485,True
999,4,23,0.19302312284708023,True
999,4,24,0.19020214676856995,True
999,4,25,0.18878374248743057,True
999,4,26,0.18922239542007446,True
999,4,27,0.19032321870326996,True
999,4,28,0.1918124035000801,True
999,4,29,0.19145291298627853,True
999,4,30,0.18981192260980606,True
999,4,31,0.18885266035795212,True
999,4,32,0.19097235053777695,True
999,4,33,0.19221380352973938,True
999,4,34,0.18934160470962524,True
999,4,35,0.1896033063530922,True
999,4,36,0.18885266035795212,True
999,4,37,0.1884130761027336,True
999,4,38,0.1897420734167099,True
999,4,39,0.19156374037265778,True
999,4,40,0.18852204084396362,True
999,4,41,0.1882733777165413,True
999,4,42,0.18800143152475357,True
999,4,43,0.18955301493406296,True
999,4,44,0.1910421997308731,True
999,4,45,0.1890324056148529,True
999,4,46,0.18860213458538055,True
999,4,47,0.1887725666165352,True
999,4,48,0.1919316127896309,True
999,4,49,0.19494350999593735,True
999,8,0,0.3595855087041855,True
999,8,1,0.2119028940796852,True
999,8,2,0.20370259881019592,True
999,8,3,0.2007223665714264,True
999,8,4,0.19682291895151138,True
999,8,5,0.1970222219824791,True
999,8,6,0.19518285989761353,True
999,8,7,0.19636284559965134,True
999,8,8,0.19691139459609985,True
999,8,9,0.19458308815956116,True
999,8,10,0.19306223839521408,True
999,8,11,0.19429251551628113,True
999,8,12,0.20232237875461578,True
999,8,13,0.1991819590330124,True
999,8,14,0.19485317170619965,True
999,8,15,0.19467249512672424,True
999,8,16,0.1938026398420334,True
999,8,17,0.1935325562953949,True
999,8,18,0.2018427476286888,True
999,8,19,0.19388366490602493,True
999,8,20,0.19324198365211487,True
999,8,21,0.1934431493282318,True
999,8,22,0.1930519938468933,True
999,8,23,0.195222906768322,True
999,8,24,0.19570160657167435,True
999,8,25,0.19376352429389954,True
999,8,26,0.19283313304185867,True
999,8,27,0.1925816759467125,True
999,8,28,0.19431300461292267,True
999,8,29,0.195392407476902,True
999,8,30,0.1933034509420395,True
999,8,31,0.19318144768476486,True
999,8,32,0.19253231585025787,True
999,8,33,0.19389204680919647,True
999,8,34,0.19561313092708588,True
999,8,35,0.1930519938468933,True
999,8,36,0.19290298223495483,True
999,8,37,0.1933518797159195,True
999,8,38,0.19393302500247955,True
999,8,39,0.195392407476902,True
999,8,40,0.19286200404167175,True
999,8,41,0.19302219152450562,True
999,8,42,0.19189249724149704,True
999,8,43,0.19329320639371872,True
999,8,44,0.20157266408205032,True
999,8,45,0.19245315343141556,True
999,8,46,0.19265245646238327,True
999,8,47,0.19263196736574173,True
999,8,48,0.1935325562953949,True
999,8,49,0.19493233412504196,True
999,16,0,0.3686351701617241,True
999,16,1,0.22041331976652145,True
999,16,2,0.20716339349746704,True
999,16,3,0.2018120139837265,True
999,16,4,0.20023249089717865,True
999,16,5,0.19882246851921082,True
999,16,6,0.1995433121919632,True
999,16,7,0.1998627558350563,True
999,16,8,0.19713211804628372,True
999,16,9,0.1967335119843483,True
999,16,10,0.1963125541806221,True
999,16,11,0.19981153309345245,True
999,16,12,0.20239315927028656,True
999,16,13,0.19725225865840912,True
999,16,14,0.19638333469629288,True
999,16,15,0.19559264183044434,True
999,16,16,0.19698217511177063,True
999,16,17,0.19814260303974152,True
999,16,18,0.19591208547353745,True
999,16,19,0.19576307386159897,True
999,16,20,0.1957416534423828,True
999,16,21,0.19554328173398972,True
999,16,22,0.20523276180028915,True
999,16,23,0.19624270498752594,True
999,16,24,0.19639264792203903,True
999,16,25,0.19587203860282898,True
999,16,26,0.197472982108593,True
999,16,27,0.2033635973930359,True
999,16,28,0.1977924257516861,True
999,16,29,0.19547343254089355,True
999,16,30,0.19488297402858734,True
999,16,31,0.1949220895767212,True
999,16,32,0.19772257655858994,True
999,16,33,0.20191166549921036,True
999,16,34,0.19588228315114975,True
999,16,35,0.19506365060806274,True
999,16,36,0.1946818083524704,True
999,16,37,0.19656214863061905,True
999,16,38,0.19703246653079987,True
999,16,39,0.19560381770133972,True
999,16,40,0.19540172070264816,True
999,16,41,0.19529368728399277,True
999,16,42,0.19546318799257278,True
999,16,43,0.19659195095300674,True
999,16,44,0.19458308815956116,True
999,16,45,0.19428227096796036,True
999,16,46,0.1945728436112404,True
999,16,47,0.1959521323442459,True
999,16,48,0.1980336382985115,True
999,16,49,0.1951036974787712,True
999,32,0,0.36586541682481766,True
999,32,1,0.215042382478714,True
999,32,2,0.20814314484596252,True
999,32,3,0.2111317589879036,True
999,32,4,0.20500272512435913,True
999,32,5,0.20136311650276184,True
999,32,6,0.20017195492982864,True
999,32,7,0.1993924379348755,True
999,32,8,0.2041831612586975,True
999,32,9,0.20079128444194794,True
999,32,10,0.19830372184515,True
999,32,11,0.1982618123292923,True
999,32,12,0.19786320626735687,True
999,32,13,0.19913259893655777,True
999,32,14,0.20017195492982864,True
999,32,15,0.19816309213638306,True
999,32,16,0.19751302897930145,True
999,32,17,0.19844155758619308,True
999,32,18,0.19900314509868622,True
999,32,19,0.19948184490203857,True
999,32,20,0.19742269068956375,True
999,32,21,0.19687321037054062,True
999,32,22,0.19739195704460144,True
999,32,23,0.1977924257516861,True
999,32,24,0.21113362163305283,True
999,32,25,0.1982627436518669,True
999,32,26,0.1971125602722168,True
999,32,27,0.2000313252210617,True
999,32,28,0.20209327340126038,True
999,32,29,0.20027253776788712,True
999,32,30,0.19847135990858078,True
999,32,31,0.19703246653079987,True
999,32,32,0.19677169620990753,True
999,32,33,0.20209327340126038,True
999,32,34,0.199953094124794,True
999,32,35,0.20448211580514908,True
999,32,36,0.19710324704647064,True
999,32,37,0.19605271518230438,True
999,32,38,0.2019926905632019,True
999,32,39,0.1988634467124939,True
999,32,40,0.1997128129005432,True
999,32,41,0.19679125398397446,True
999,32,42,0.19750278443098068,True
999,32,43,0.2016127109527588,True
999,32,44,0.1999828964471817,True
999,32,45,0.19716285169124603,True
999,32,46,0.19714143127202988,True
999,32,47,0.19638240337371826,True
999,32,48,0.19827205687761307,True
999,32,49,0.20387209951877594,True
999,64,0,0.36600511521101,True
999,64,1,0.22125244140625,True
999,64,2,0.21236203610897064,True
999,64,3,0.2121422439813614,True
999,64,4,0.20757317543029785,True
999,64,5,0.20718295127153397,True
999,64,6,0.20537152886390686,True
999,64,7,0.20880252122879028,True
999,64,8,0.2123229205608368,True
999,64,9,0.21505262702703476,True
999,64,10,0.20735152065753937,True
999,64,11,0.20361319184303284,True
999,64,12,0.22530276328325272,True
999,64,13,0.24053268134593964,True
999,64,14,0.22169295698404312,True
999,64,15,0.20735245198011398,True
999,64,16,0.2039112150669098,True
999,64,17,0.20405184477567673,True
999,64,18,0.20399317145347595,True
999,64,19,0.20564254373311996,True
999,64,20,0.20295195281505585,True
999,64,21,0.20274240523576736,True
999,64,22,0.20190328359603882,True
999,64,23,0.2034418284893036,True
999,64,24,0.20465347915887833,True
999,64,25,0.20213332027196884,True
999,64,26,0.2018418163061142,True
999,64,27,0.20200293511152267,True
999,64,28,0.20348373800516129,True
999,64,29,0.2053314819931984,True
999,64,30,0.20221248269081116,True
999,64,31,0.20242296159267426,True
999,64,32,0.2020522952079773,True
999,64,33,0.20360294729471207,True
999,64,34,0.20429305732250214,True
999,64,35,0.20494218915700912,True
999,64,36,0.20265299826860428,True
999,64,37,0.2026427537202835,True
999,64,38,0.2069920301437378,True
999,64,39,0.20369235426187515,True
999,64,40,0.2024732530117035,True
999,64,41,0.2017812803387642,True
999,64,42,0.20679272711277008,True
999,64,43,0.20842347294092178,True
999,64,44,0.2080332487821579,True
999,64,45,0.20207185298204422,True
999,64,46,0.20130258053541183,True
999,64,47,0.20304322242736816,True
999,64,48,0.20772218704223633,True
999,64,49,0.20222272723913193,True
999,100,0,0.3679748624563217,True
999,100,1,0.220542773604393,True
999,100,2,0.2143634483218193,True
999,100,3,0.21096225827932358,True
999,100,4,0.20715314894914627,True
999,100,5,0.20793266594409943,True
999,100,6,0.2106931060552597,True
999,100,7,0.2065720036625862,True
999,100,8,0.20721368491649628,True
999,100,9,0.20429305732250214,True
999,100,10,0.20358338952064514,True
999,100,11,0.20347163081169128,True
999,100,12,0.20484253764152527,True
999,100,13,0.20703300833702087,True
999,100,14,0.20387209951877594,True
999,100,15,0.20358245819807053,True
999,100,16,0.20343251526355743,True
999,100,17,0.20361226052045822,True
999,100,18,0.20517315715551376,True
999,100,19,0.20633265376091003,True
999,100,20,0.20284205675125122,True
999,100,21,0.20262226462364197,True
999,100,22,0.2041338011622429,True
999,100,23,0.20558200776576996,True
999,100,24,0.20237267017364502,True
999,100,25,0.20207278430461884,True
999,100,26,0.20200200378894806,True
999,100,27,0.20361226052045822,True
999,100,28,0.20502321422100067,True
999,100,29,0.20316243171691895,True
999,100,30,0.20272191613912582,True
999,100,31,0.20304322242736816,True
999,100,32,0.20922254770994186,True
999,100,33,0.20717177540063858,True
999,100,34,0.20326301455497742,True
999,100,35,0.2032732591032982,True
999,100,36,0.20645372569561005,True
999,100,37,0.20546186715364456,True
999,100,38,0.20293332636356354,True
999,100,39,0.20263250917196274,True
999,100,40,0.20257197320461273,True
999,100,41,0.20366255193948746,True
999,100,42,0.2044225111603737,True
999,100,43,0.20216219127178192,True
999,100,44,0.20235218107700348,True
999,100,45,0.2026716247200966,True
999,100,46,0.20335335284471512,True
999,100,47,0.20530354231595993,True
999,100,48,0.2030329778790474,True
999,100,49,0.20869262516498566,True
999,200,0,0.4056859761476517,True
999,200,1,0.24074316024780273,True
999,200,2,0.2229129895567894,True
999,200,3,0.21139346063137054,True
999,200,4,0.20855199545621872,True
999,200,5,0.20614266395568848,True
999,200,6,0.20808260887861252,True
999,200,7,0.2087615430355072,True
999,200,8,0.20603276789188385,True
999,200,9,0.2045128494501114,True
999,200,10,0.20401272922754288,True
999,200,11,0.2050725743174553,True
999,200,12,0.20675268024206161,True
999,200,13,0.20429212599992752,True
999,200,14,0.2035023644566536,True
999,200,15,0.2033831551671028,True
999,200,16,0.2044830471277237,True
999,200,17,0.20562205463647842,True
999,200,18,0.2039531245827675,True
999,200,19,0.20311307162046432,True
999,200,20,0.20277220755815506,True
999,200,21,0.20638294517993927,True
999,200,22,0.2065226435661316,True
999,200,23,0.20342320203781128,True
999,200,24,0.20322203636169434,True
999,200,25,0.21014269441366196,True
999,200,26,0.20687375217676163,True
999,200,27,0.20425207912921906,True
999,200,28,0.20307302474975586,True
999,200,29,0.20280294120311737,True
999,200,30,0.2047726884484291,True
999,200,31,0.20579155534505844,True
999,200,32,0.2025030553340912,True
999,200,33,0.20284298807382584,True
999,200,34,0.20257197320461273,True
999,200,35,0.20271353423595428,True
999,200,36,0.205223448574543,True
999,200,37,0.20356196910142899,True
999,200,38,0.20585302263498306,True
999,200,39,0.20665302872657776,True
999,200,40,0.2044420689344406,True
999,200,41,0.20688306540250778,True
999,200,42,0.20352285355329514,True
999,200,43,0.20295195281505585,True
999,200,44,0.2066129818558693,True
999,200,45,0.21055340766906738,True
999,200,46,0.20731333643198013,True
999,200,47,0.20354241132736206,True
999,200,48,0.20309258252382278,True
999,200,49,0.20271260291337967,True
999,400,0,0.37568528205156326,True
999,400,1,0.22197328507900238,True
999,400,2,0.21272338926792145,True
999,400,3,0.20967330783605576,True
999,400,4,0.2128835767507553,True
999,400,5,0.2107713371515274,True
999,400,6,0.208183191716671,True
999,400,7,0.20604301244020462,True
999,400,8,0.20602252334356308,True
999,400,9,0.20781252533197403,True
999,400,10,0.21015293896198273,True
999,400,11,0.20719226449728012,True
999,400,12,0.20786281675100327,True
999,400,13,0.20663253962993622,True
999,400,14,0.20851287990808487,True
999,400,15,0.20823348313570023,True
999,400,16,0.20650215446949005,True
999,400,17,0.20542368292808533,True
999,400,18,0.20612310618162155,True
999,400,19,0.20640157163143158,True
999,400,20,0.22252369672060013,True
999,400,21,0.21594297140836716,True
999,400,22,0.20549260079860687,True
999,400,23,0.2053435891866684,True
999,400,24,0.20730122923851013,True
999,400,25,0.2082325518131256,True
999,400,26,0.20514335483312607,True
999,400,27,0.20583346486091614,True
999,400,28,0.20957179367542267,True
999,400,29,0.20730309188365936,True
999,400,30,0.20514242351055145,True
999,400,31,0.2045128494501114,True
999,400,32,0.20463299006223679,True
999,400,33,0.2072034403681755,True
999,400,34,0.2087615430355072,True
999,400,35,0.2056630328297615,True
999,400,36,0.20547304302453995,True
999,400,37,0.20515359938144684,True
999,400,38,0.2070525661110878,True
999,400,39,0.20690355449914932,True
999,400,40,0.20500272512435913,True
999,400,41,0.20573288202285767,True
999,400,42,0.20492170006036758,True
999,400,43,0.20588282495737076,True
999,400,44,0.2067824825644493,True
999,400,45,0.20461156964302063,True
999,400,46,0.2044830471277237,True
999,400,47,0.20475313067436218,True
999,400,48,0.20668189972639084,True
999,400,49,0.20753219723701477,True
999,800,0,0.38634520024061203,True
999,800,1,0.22677239030599594,True
999,800,2,0.21626334637403488,True
999,800,3,0.21469313651323318,True
999,800,4,0.2140020951628685,True
999,800,5,0.21369289606809616,True
999,800,6,0.2114931121468544,True
999,800,7,0.21048355847597122,True
999,800,8,0.21368358284235,True
999,800,9,0.2168426290154457,True
999,800,10,0.21211151033639908,True
999,800,11,0.20956341177225113,True
999,800,12,0.2094535157084465,True
999,800,13,0.20996294915676117,True
999,800,14,0.21194200962781906,True
999,800,15,0.21012313663959503,True
999,800,16,0.20923279225826263,True
999,800,17,0.20901300013065338,True
999,800,18,0.20972173660993576,True
999,800,19,0.21110288798809052,True
999,800,20,0.20928308367729187,True
999,800,21,0.20869355648756027,True
999,800,22,0.20864233374595642,True
999,800,23,0.21034199744462967,True
999,800,24,0.21601282060146332,True
999,800,25,0.21638255566358566,True
999,800,26,0.20973291248083115,True
999,800,27,0.21416321396827698,True
999,800,28,0.22011343389749527,True
999,800,29,0.21031219512224197,True
999,800,30,0.20858272910118103,True
999,800,31,0.20864326506853104,True
999,800,32,0.2100132405757904,True
999,800,33,0.2119624987244606,True
999,800,34,0.20855292677879333,True
999,800,35,0.20804256200790405,True
999,800,36,0.20870380103588104,True
999,800,37,0.21345261484384537,True
999,800,38,0.2106931060552597,True
999,800,39,0.20840298384428024,True
999,800,40,0.20807329565286636,True
999,800,41,0.20897295325994492,True
999,800,42,0.2098623663187027,True
999,800,43,0.21085329353809357,True
999,800,44,0.20881369709968567,True
999,800,45,0.2080518752336502,True
999,800,46,0.2090921625494957,True
999,800,47,0.21387357264757156,True
999,800,48,0.210542231798172,True
999,800,49,0.20869262516498566,True
999,1600,0,0.38890540599823,True
999,1600,1,0.231914222240448,True
999,1600,2,0.22298190742731094,True
999,1600,3,0.22669322788715363,True
999,1600,4,0.2314932644367218,True
999,1600,5,0.21783262491226196,True
999,1600,6,0.2167634665966034,True
999,1600,7,0.21624285727739334,True
999,1600,8,0.22242311388254166,True
999,1600,9,0.21813344210386276,True
999,1600,10,0.21567288786172867,True
999,1600,11,0.21554157137870789,True
999,1600,12,0.21753273904323578,True
999,1600,13,0.21527335047721863,True
999,1600,14,0.21632295101881027,True
999,1600,15,0.21444354206323624,True
999,1600,16,0.21544285118579865,True
999,1600,17,0.21612271666526794,True
999,1600,18,0.21837186068296432,True
999,1600,19,0.2148030325770378,True
999,1600,20,0.2145133912563324,True
999,1600,21,0.2141231670975685,True
999,1600,22,0.21529383957386017,True
999,1600,23,0.21659303456544876,True
999,1600,24,0.2144118770956993,True
999,1600,25,0.21443329751491547,True
999,1600,26,0.21390337496995926,True
999,1600,27,0.22308342158794403,True
999,1600,28,0.2155732363462448,True
999,1600,29,0.21467264741659164,True
999,1600,30,0.21405331790447235,True
999,1600,31,0.21526124328374863,True
999,1600,32,0.2214331179857254,True
999,1600,33,0.21447241306304932,True
999,1600,34,0.21461304277181625,True
999,1600,35,0.21938327699899673,True
999,1600,36,0.21573342382907867,True
999,1600,37,0.21715182811021805,True
999,1600,38,0.2146512269973755,True
999,1600,39,0.21432247012853622,True
999,1600,40,0.21866336464881897,True
999,1600,41,0.21692272275686264,True
999,1600,42,0.2142135053873062,True
999,1600,43,0.2137916162610054,True
999,1600,44,0.21381303668022156,True
999,1600,45,0.21864287555217743,True
999,1600,46,0.21681282669305801,True
999,1600,47,0.2143029123544693,True
999,1600,48,0.21423306316137314,True
999,1600,49,0.21395273506641388,True
999,3200,0,0.390675850212574,True
999,3200,1,0.24203304201364517,True
999,3200,2,0.24181324988603592,True
999,3200,3,0.23070257157087326,True
999,3200,4,0.22908300161361694,True
999,3200,5,0.22730324417352676,True
999,3200,6,0.23301318287849426,True
999,3200,7,0.23573264479637146,True
999,3200,8,0.22798310965299606,True
999,3200,9,0.2266131341457367,True
999,3200,10,0.22763293236494064,True
999,3200,11,0.22842362523078918,True
999,3200,12,0.22576283663511276,True
999,3200,13,0.22606272250413895,True
999,3200,14,0.22604316473007202,True
999,3200,15,0.23463275283575058,True
999,3200,16,0.22848322987556458,True
999,3200,17,0.22662337869405746,True
999,3200,18,0.22594351321458817,True
999,3200,19,0.22739265114068985,True
999,3200,20,0.22781267762184143,True
999,3200,21,0.22553279995918274,True
999,3200,22,0.2256333827972412,True
999,3200,23,0.2264333888888359,True
999,3200,24,0.22736284881830215,True
999,3200,25,0.2266736701130867,True
999,3200,26,0.2264333888888359,True
999,3200,27,0.22617261856794357,True
999,3200,28,0.2268534153699875,True
999,3200,29,0.2277633175253868,True
999,3200,30,0.2255728468298912,True
999,3200,31,0.22582337260246277,True
999,3200,32,0.22644270211458206,True
999,3200,33,0.22824294865131378,True
999,3200,34,0.2257833257317543,True
999,3200,35,0.22588297724723816,True
999,3200,36,0.22544339299201965,True
999,3200,37,0.23260340094566345,True
999,3200,38,0.2270834520459175,True
999,3200,39,0.2252236008644104,True
999,3200,40,0.22553279995918274,True
999,3200,41,0.2261931076645851,True
999,3200,42,0.2270834520459175,True
999,3200,43,0.22544246166944504,True
999,3200,44,0.22533349692821503,True
999,3200,45,0.23076310753822327,True
999,3200,46,0.22730324417352676,True
999,3200,47,0.2253130078315735,True
999,3200,48,0.22552348673343658,True
999,3200,49,0.22564362734556198,True
999,6400,0,0.41071604937314987,True
999,6400,1,0.265633687376976,True
999,6400,2,0.26568397879600525,True
999,6400,3,0.26088301092386246,True
999,6400,4,0.2619139850139618,True
999,6400,5,0.25138258934020996,True
999,6400,6,0.2525327727198601,True
999,6400,7,0.2530934289097786,True
999,6400,8,0.2506636083126068,True
999,6400,9,0.25017373263835907,True
999,6400,10,0.2515427768230438,True
999,6400,11,0.2527143806219101,True
999,6400,12,0.25006290525197983,True
999,6400,13,0.2504335716366768,True
999,6400,14,0.2520037814974785,True
999,6400,15,0.2524731680750847,True
999,6400,16,0.2503329887986183,True
999,6400,17,0.2506440505385399,True
999,6400,18,0.2513732761144638,True
999,6400,19,0.2529127523303032,True
999,6400,20,0.25091320276260376,True
999,6400,21,0.2509830519556999,True
999,6400,22,0.25079306215047836,True
999,6400,23,0.25242287665605545,True
999,6400,24,0.2499343827366829,True
999,6400,25,0.25002285838127136,True
999,6400,26,0.2506030723452568,True
999,6400,27,0.2515539526939392,True
999,6400,28,0.24891365319490433,True
999,6400,29,0.24837255477905273,True
999,6400,30,0.25323405861854553,True
999,6400,31,0.25130249559879303,True
999,6400,32,0.24926289916038513,True
999,6400,33,0.2496829256415367,True
999,6400,34,0.24988409131765366,True
999,6400,35,0.25151297450065613,True
999,6400,36,0.24969317018985748,True
999,6400,37,0.2496941015124321,True
999,6400,38,0.2550436183810234,True
999,6400,39,0.2522524446249008,True
999,6400,40,0.25032274425029755,True
999,6400,41,0.24948455393314362,True
999,6400,42,0.2509830519556999,True
999,6400,43,0.25233253836631775,True
999,6400,44,0.24981331080198288,True
999,6400,45,0.25029294192790985,True
999,6400,46,0.2509830519556999,True
999,6400,47,0.2514142543077469,True
999,6400,48,0.2500424161553383,True
999,6400,49,0.24923309683799744,True
999,10000,0,0.4420662298798561,True
999,10000,1,0.3076139837503433,True
999,10000,2,0.2849334850907326,True
999,10000,3,0.28098374605178833,True
999,10000,4,0.28124358505010605,True
999,10000,5,0.2799937501549721,True
999,10000,6,0.28178468346595764,True
999,10000,7,0.27808360755443573,True
999,10000,8,0.2894531935453415,True
999,10000,9,0.27678441256284714,True
999,10000,10,0.2763736993074417,True
999,10000,11,0.27668289840221405,True
999,10000,12,0.278593972325325,True
999,10000,13,0.2773236483335495,True
999,10000,14,0.2849828451871872,True
999,10000,15,0.28390437364578247,True
999,10000,16,0.2779839560389519,True
999,10000,17,0.2758130431175232,True
999,10000,18,0.2770340070128441,True
999,10000,19,0.27947407215833664,True
999,10000,20,0.27692317962646484,True
999,10000,21,0.27710385620594025,True
999,10000,22,0.27677416801452637,True
999,10000,23,0.27748290449380875,True
999,10000,24,0.2759639173746109,True
999,10000,25,0.281013548374176,True
999,10000,26,0.2778228372335434,True
999,10000,27,0.276343896985054,True
999,10000,28,0.27532409876585007,True
999,10000,29,0.27564261108636856,True
999,10000,30,0.27781352400779724,True
999,10000,31,0.2767639234662056,True
999,10000,32,0.2778535708785057,True
999,10000,33,0.28594397008419037,True
999,10000,34,0.27757324278354645,True
999,10000,35,0.27689244598150253,True
999,10000,36,0.2781534567475319,True
999,10000,37,0.27739349752664566,True
999,10000,38,0.2766633406281471,True
999,10000,39,0.2760244533419609,True
999,10000,40,0.2765823155641556,True
999,10000,41,0.27799420058727264,True
999,10000,42,0.275464728474617,True
999,10000,43,0.28111226856708527,True
999,10000,44,0.27855392545461655,True
999,10000,45,0.2765543758869171,True
999,10000,46,0.2760831266641617,True
999,10000,47,0.2767033874988556,True
999,10000,48,0.27787405997514725,True
999,10000,49,0.27606263756752014,True
900,1,0,0.32961368560791016,True
900,1,1,0.18873345106840134,True
900,1,2,0.181492418050766,True
900,1,3,0.17558131366968155,True
900,1,4,0.17375312745571136,True
900,1,5,0.1762518659234047,True
900,1,6,0.17164181917905807,True
900,1,7,0.17562229186296463,True
900,1,8,0.17316360026597977,True
900,1,9,0.1753615215420723,True
900,1,10,0.1746220514178276,True
900,1,11,0.17080269753932953,True
900,1,12,0.1698918640613556,True
900,1,13,0.17130188643932343,True
900,1,14,0.17247162759304047,True
900,1,15,0.16959290951490402,True
900,1,16,0.16958173364400864,True
900,1,17,0.16958266496658325,True
900,1,18,0.16922224313020706,True
900,1,19,0.17242319881916046,True
900,1,20,0.17209164798259735,True
900,1,21,0.17081201076507568,True
900,1,22,0.1696217805147171,True
900,1,23,0.17326325178146362,True
900,1,24,0.17535220831632614,True
900,1,25,0.17212238162755966,True
900,1,26,0.17034262418746948,True
900,1,27,0.16996171325445175,True
900,1,28,0.16923248767852783,True
900,1,29,0.16941223293542862,True
900,1,30,0.17076265066862106,True
900,1,31,0.17147324979305267,True
900,1,32,0.16978196799755096,True
900,1,33,0.16919244080781937,True
900,1,34,0.16919150948524475,True
900,1,35,0.1694830134510994,True
900,1,36,0.17055217176675797,True
900,1,37,0.17170235514640808,True
900,1,38,0.17050188034772873,True
900,1,39,0.16961339861154556,True
900,1,40,0.16907136887311935,True
900,1,41,0.169241800904274,True
900,1,42,0.17135217785835266,True
900,1,43,0.17210282385349274,True
900,1,44,0.17002131789922714,True
900,1,45,0.16952212899923325,True
900,1,46,0.17012190073728561,True
900,1,47,0.1692129299044609,True
900,1,48,0.17005205154418945,True
900,1,49,0.17126183956861496,True
900,2,0,0.3288937732577324,True
900,2,1,0.1886831596493721,True
900,2,2,0.18139276653528214,True
900,2,3,0.17861369997262955,True
900,2,4,0.17725210636854172,True
900,2,5,0.18076226115226746,True
900,2,6,0.17418339848518372,True
900,2,7,0.17288140952587128,True
900,2,8,0.17247255891561508,True
900,2,9,0.17234310507774353,True
900,2,10,0.17398130148649216,True
900,2,11,0.1743212342262268,True
900,2,12,0.17226208001375198,True
900,2,13,0.17269328236579895,True
900,2,14,0.17200130969285965,True
900,2,15,0.17156265676021576,True
900,2,16,0.17952360212802887,True
900,2,17,0.1736115664243698,True
900,2,18,0.17194263637065887,True
900,2,19,0.17123203724622726,True
900,2,20,0.17165299504995346,True
900,2,21,0.17343182116746902,True
900,2,22,0.17298199236392975,True
900,2,23,0.1713428646326065,True
900,2,24,0.17161201685667038,True
900,2,25,0.17162133008241653,True
900,2,26,0.17657224088907242,True
900,2,27,0.17273332923650742,True
900,2,28,0.18123164772987366,True
900,2,29,0.17277244478464127,True
900,2,30,0.171552412211895,True
900,2,31,0.17158221453428268,True
900,2,32,0.17142202705144882,True
900,2,33,0.17293263226747513,True
900,2,34,0.17420295625925064,True
900,2,35,0.1719025894999504,True
900,2,36,0.171012245118618,True
900,2,37,0.1712217926979065,True
900,2,38,0.1737130805850029,True
900,2,39,0.17218198627233505,True
900,2,40,0.18621142953634262,True
900,2,41,0.2041226252913475,True
900,2,42,0.21446309983730316,True
900,2,43,0.18618162721395493,True
900,2,44,0.1754527911543846,True
900,2,45,0.17872266471385956,True
900,2,46,0.17272215336561203,True
900,2,47,0.17184298485517502,True
900,2,48,0.1719621941447258,True
900,2,49,0.17135217785835266,True
900,4,0,0.3331955522298813,True
900,4,1,0.19364245235919952,True
900,4,2,0.18630269914865494,True
900,4,3,0.18173176795244217,True
900,4,4,0.17864257097244263,True
900,4,5,0.17778202891349792,True
900,4,6,0.17963163554668427,True
900,4,7,0.17994269728660583,True
900,4,8,0.17718225717544556,True
900,4,9,0.17916131764650345,True
900,4,10,0.17567258328199387,True
900,4,11,0.17654243856668472,True
900,4,12,0.17750170081853867,True
900,4,13,0.17913337796926498,True
900,4,14,0.1757219433784485,True
900,4,15,0.17535220831632614,True
900,4,16,0.1752832904458046,True
900,4,17,0.18008239567279816,True
900,4,18,0.17811264842748642,True
900,4,19,0.1750728115439415,True
900,4,20,0.17430167645215988,True
900,4,21,0.17491169273853302,True
900,4,22,0.17438363283872604,True
900,4,23,0.17535220831632614,True
900,4,24,0.1816321164369583,True
900,4,25,0.1747235655784607,True
900,4,26,0.17475150525569916,True
900,4,27,0.17380248755216599,True
900,4,28,0.17387233674526215,True
900,4,29,0.17582252621650696,True
900,4,30,0.1769028604030609,True
900,4,31,0.17511192709207535,True
900,4,32,0.17469283193349838,True
900,4,33,0.17470214515924454,True
900,4,34,0.17467141151428223,True
900,4,35,0.18194317817687988,True
900,4,36,0.17500203102827072,True
900,4,37,0.17498154193162918,True
900,4,38,0.17496291548013687,True
900,4,39,0.17466209828853607,True
900,4,40,0.1755421981215477,True
900,4,41,0.177823007106781,True
900,4,42,0.17502252012491226,True
900,4,43,0.17426162958145142,True
900,4,44,0.17429329454898834,True
900,4,45,0.17413217574357986,True
900,4,46,0.17603207379579544,True
900,4,47,0.17677247524261475,True
900,4,48,0.17539318650960922,True
900,4,49,0.1750122755765915,True
900,8,0,0.33911410719156265,True
900,8,1,0.19390322268009186,True
900,8,2,0.18654204905033112,True
900,8,3,0.18467288464307785,True
900,8,4,0.1845322549343109,True
900,8,5,0.18790364265441895,True
900,8,6,0.18006190657615662,True
900,8,7,0.1799827441573143,True
900,8,8,0.17973314970731735,True
900,8,9,0.18073245882987976,True
900,8,10,0.18136203289031982,True
900,8,11,0.17867330461740494,True
900,8,12,0.17792265862226486,True
900,8,13,0.17890240997076035,True
900,8,14,0.17810240387916565,True
900,8,15,0.1789722591638565,True
900,8,16,0.18157251179218292,True
900,8,17,0.1800423488020897,True
900,8,18,0.178532674908638,True
900,8,19,0.17861369997262955,True
900,8,20,0.18440186977386475,True
900,8,21,0.18182303756475449,True
900,8,22,0.1781722530722618,True
900,8,23,0.17810240387916565,True
900,8,24,0.1777028664946556,True
900,8,25,0.1782020553946495,True
900,8,26,0.1788521185517311,True
900,8,27,0.1796931028366089,True
900,8,28,0.17803162336349487,True
900,8,29,0.1776115968823433,True
900,8,30,0.1779729500412941,True
900,8,31,0.1789424568414688,True
900,8,32,0.18569175153970718,True
900,8,33,0.18037296831607819,True
900,8,34,0.17813220620155334,True
900,8,35,0.17766188830137253,True
900,8,36,0.17762277275323868,True
900,8,37,0.1787124201655388,True
900,8,38,0.18011219799518585,True
900,8,39,0.1784125342965126,True
900,8,40,0.17721205949783325,True
900,8,41,0.17725303769111633,True
900,8,42,0.17721205949783325,True
900,8,43,0.18260162323713303,True
900,8,44,0.18020346760749817,True
900,8,45,0.17748214304447174,True
900,8,46,0.1772511750459671,True
900,8,47,0.17757248133420944,True
900,8,48,0.18430128693580627,True
900,8,49,0.1811916008591652,True
900,16,0,0.3252048045396805,True
900,16,1,0.19756238907575607,True
900,16,2,0.19830279052257538,True
900,16,3,0.19000191241502762,True
900,16,4,0.1856628805398941,True
900,16,5,0.18365215510129929,True
900,16,6,0.18333271145820618,True
900,16,7,0.18311291933059692,True
900,16,8,0.18321163952350616,True
900,16,9,0.18678326159715652,True
900,16,10,0.18099229782819748,True
900,16,11,0.18585380166769028,True
900,16,12,0.18880143761634827,True
900,16,13,0.18300209194421768,True
900,16,14,0.18343329429626465,True
900,16,15,0.18120184540748596,True
900,16,16,0.18061324954032898,True
900,16,17,0.18097180873155594,True
900,16,18,0.18042325973510742,True
900,16,19,0.1815222203731537,True
900,16,20,0.18280185759067535,True
900,16,21,0.18150359392166138,True
900,16,22,0.18077250570058823,True
900,16,23,0.1798812299966812,True
900,16,24,0.18159300088882446,True
900,16,25,0.1823827624320984,True
900,16,26,0.18127355724573135,True
900,16,27,0.18102210015058517,True
900,16,28,0.18006190657615662,True
900,16,29,0.18243305385112762,True
900,16,30,0.18162187188863754,True
900,16,31,0.18209218978881836,True
900,16,32,0.1801634207367897,True
900,16,33,0.18025189638137817,True
900,16,34,0.1800432801246643,True
900,16,35,0.18109194934368134,True
900,16,36,0.18219184130430222,True
900,16,37,0.18028263002634048,True
900,16,38,0.18023140728473663,True
900,16,39,0.1851925626397133,True
900,16,40,0.17987191677093506,True
900,16,41,0.18077250570058823,True
900,16,42,0.18237344920635223,True
900,16,43,0.1805117353796959,True
900,16,44,0.180843286216259,True
900,16,45,0.17985235899686813,True
900,16,46,0.1814626157283783,True
900,16,47,0.18277298659086227,True
900,16,48,0.18023233860731125,True
900,16,49,0.18117204308509827,True
900,32,0,0.3266744315624237,True
900,32,1,0.20465347915887833,True
900,32,2,0.1913430169224739,True
900,32,3,0.1881122589111328,True
900,32,4,0.1874128356575966,True
900,32,5,0.18760189414024353,True
900,32,6,0.18700305372476578,True
900,32,7,0.18382258713245392,True
900,32,8,0.18358323723077774,True
900,32,9,0.18357206135988235,True
900,32,10,0.1843022182583809,True
900,32,11,0.18574297428131104,True
900,32,12,0.18636230379343033,True
900,32,13,0.18331315368413925,True
900,32,14,0.18265191465616226,True
900,32,15,0.19111298024654388,True
900,32,16,0.18652155995368958,True
900,32,17,0.18741190433502197,True
900,32,18,0.18331315368413925,True
900,32,19,0.1826724037528038,True
900,32,20,0.18246378749608994,True
900,32,21,0.18630269914865494,True
900,32,22,0.18467288464307785,True
900,32,23,0.18235202878713608,True
900,32,24,0.18225237727165222,True
900,32,25,0.18394272774457932,True
900,32,26,0.18191244453191757,True
900,32,27,0.19062310457229614,True
900,32,28,0.18469244241714478,True
900,32,29,0.18219370394945145,True
900,32,30,0.18153153359889984,True
900,32,31,0.1824013888835907,True
900,32,32,0.1835022121667862,True
900,32,33,0.183911994099617,True
900,32,34,0.18257368355989456,True
900,32,35,0.1816321164369583,True
900,32,36,0.1826416701078415,True
900,32,37,0.1850128173828125,True
900,32,38,0.1845313236117363,True
900,32,39,0.18224306404590607,True
900,32,40,0.18278229981660843,True
900,32,41,0.1824917271733284,True
900,32,42,0.18271338194608688,True
900,32,43,0.18254201859235764,True
900,32,44,0.18428266048431396,True
900,32,45,0.18164142966270447,True
900,32,46,0.18239300698041916,True
900,32,47,0.18182210624217987,True
900,32,48,0.18360186368227005,True
900,32,49,0.18480326980352402,True
900,64,0,0.3495849668979645,True
900,64,1,0.20979251712560654,True
900,64,2,0.19875168800354004,True
900,64,3,0.1930631697177887,True
900,64,4,0.19200146198272705,True
900,64,5,0.19089318811893463,True
900,64,6,0.18934253603219986,True
900,64,7,0.19857287406921387,True
900,64,8,0.19171182066202164,True
900,64,9,0.18914323300123215,True
900,64,10,0.18896255642175674,True
900,64,11,0.18793344497680664,True
900,64,12,0.1887427642941475,True
900,64,13,0.19024312496185303,True
900,64,14,0.187702476978302,True
900,64,15,0.18779374659061432,True
900,64,16,0.18756184726953506,True
900,64,17,0.1882733777165413,True
900,64,18,0.18987152725458145,True
900,64,19,0.1873830333352089,True
900,64,20,0.1868726685643196,True
900,64,21,0.18763262778520584,True
900,64,22,0.19229203462600708,True
900,64,23,0.19005313515663147,True
900,64,24,0.18821284174919128,True
900,64,25,0.1879129558801651,True
900,64,26,0.18736254423856735,True
900,64,27,0.1928228884935379,True
900,64,28,0.2009514719247818,True
900,64,29,0.19109249114990234,True
900,64,30,0.19157212227582932,True
900,64,31,0.18849316984415054,True
900,64,32,0.1871120184659958,True
900,64,33,0.1880032941699028,True
900,64,34,0.19049178808927536,True
900,64,35,0.18795300275087357,True
900,64,36,0.18665194511413574,True
900,64,37,0.18736254423856735,True
900,64,38,0.18848199397325516,True
900,64,39,0.18975324928760529,True
900,64,40,0.1928415149450302,True
900,64,41,0.1875823363661766,True
900,64,42,0.1869024708867073,True
900,64,43,0.18819328397512436,True
900,64,44,0.19571185111999512,True
900,64,45,0.18784310668706894,True
900,64,46,0.18731225281953812,True
900,64,47,0.18749292939901352,True
900,64,48,0.18729176372289658,True
900,64,49,0.18907245248556137,True
900,100,0,0.3422144800424576,True
900,100,1,0.20482297986745834,True
900,100,2,0.19865203648805618,True
900,100,3,0.1928834244608879,True
900,100,4,0.19079260528087616,True
900,100,5,0.19038282334804535,True
900,100,6,0.19044242799282074,True
900,100,7,0.1915227621793747,True
900,100,8,0.18919166177511215,True
900,100,9,0.18887221813201904,True
900,100,10,0.18878187984228134,True
900,100,11,0.19311252981424332,True
900,100,12,0.1902719959616661,True
900,100,13,0.18798373639583588,True
900,100,14,0.1878226175904274,True
900,100,15,0.18758326768875122,True
900,100,16,0.1874128356575966,True
900,100,17,0.18889270722866058,True
900,100,18,0.19011180847883224,True
900,100,19,0.1888629049062729,True
900,100,20,0.18778163939714432,True
900,100,21,0.18722284585237503,True
900,100,22,0.18926244229078293,True
900,100,23,0.18964335322380066,True
900,100,24,0.18774252384901047,True
900,100,25,0.1878412440419197,True
900,100,26,0.1881532371044159,True
900,100,27,0.1892419531941414,True
900,100,28,0.1898929476737976,True
900,100,29,0.19150227308273315,True
900,100,30,0.18712226301431656,True
900,100,31,0.18771272152662277,True
900,100,32,0.18969178199768066,True
900,100,33,0.19443221390247345,True
900,100,34,0.1895623281598091,True
900,100,35,0.18858257681131363,True
900,100,36,0.18709246069192886,True
900,100,37,0.18720142543315887,True
900,100,38,0.18990319222211838,True
900,100,39,0.18994230777025223,True
900,100,40,0.1887129619717598,True
900,100,41,0.1885322853922844,True
900,100,42,0.1870524138212204,True
900,100,43,0.18804147839546204,True
900,100,44,0.1894831657409668,True
900,100,45,0.19031204283237457,True
900,100,46,0.18699374049901962,True
900,100,47,0.1869015395641327,True
900,100,48,0.19301287829875946,True
900,100,49,0.18948223441839218,True
900,200,0,0.34320540726184845,True
900,200,1,0.2058921381831169,True
900,200,2,0.1976126804947853,True
900,200,3,0.1969924196600914,True
900,200,4,0.1958729699254036,True
900,200,5,0.1919027417898178,True
900,200,6,0.19188132137060165,True
900,200,7,0.1912228763103485,True
900,200,8,0.19204244017601013,True
900,200,9,0.19375327974557877,True
900,200,10,0.1925220713019371,True
900,200,11,0.18914323300123215,True
900,200,12,0.19228272140026093,True
900,200,13,0.2003926783800125,True
900,200,14,0.1924019306898117,True
900,200,15,0.18873345106840134,True
900,200,16,0.1889122650027275,True
900,200,17,0.188472680747509,True
900,200,18,0.18818210810422897,True
900,200,19,0.18882285803556442,True
900,200,20,0.1915115863084793,True
900,200,21,0.1885034143924713,True
900,200,22,0.18857140094041824,True
900,200,23,0.18842332065105438,True
900,200,24,0.18910132348537445,True
900,200,25,0.1906026154756546,True
900,200,26,0.1891227439045906,True
900,200,27,0.1877928152680397,True
900,200,28,0.19286200404167175,True
900,200,29,0.18949341028928757,True
900,200,30,0.19068177789449692,True
900,200,31,0.19567366689443588,True
900,200,32,0.18831156194210052,True
900,200,33,0.18789339810609818,True
900,200,34,0.18759164959192276,True
900,200,35,0.19591301679611206,True
900,200,36,0.1890920102596283,True
900,200,37,0.18734298646450043,True
900,200,38,0.18757209181785583,True
900,200,39,0.18766243010759354,True
900,200,40,0.18845219165086746,True
900,200,41,0.19072275608778,True
900,200,42,0.18812157213687897,True
900,200,43,0.18721260130405426,True
900,200,44,0.1876717433333397,True
900,200,45,0.1888331025838852,True
900,200,46,0.19026175141334534,True
900,200,47,0.18763262778520584,True
900,200,48,0.18739234656095505,True
900,200,49,0.18799304962158203,True
900,400,0,0.34459400922060013,True
900,400,1,0.2085929736495018,True
900,400,2,0.19921362400054932,True
900,400,3,0.19627250730991364,True
900,400,4,0.19626319408416748,True
900,400,5,0.19463244825601578,True
900,400,6,0.19514281302690506,True
900,400,7,0.19191298633813858,True
900,400,8,0.19103195518255234,True
900,400,9,0.19027292728424072,True
900,400,10,0.19171182066202164,True
900,400,11,0.19299332052469254,True
900,400,12,0.19047223031520844,True
900,400,13,0.19360240548849106,True
900,400,14,0.18976256251335144,True
900,400,15,0.19032228738069534,True
900,400,16,0.192142091691494,True
900,400,17,0.18990319222211838,True
900,400,18,0.1898016780614853,True
900,400,19,0.18958281725645065,True
900,400,20,0.19340217113494873,True
900,400,21,0.19182264804840088,True
900,400,22,0.1898026093840599,True
900,400,23,0.1895129680633545,True
900,400,24,0.18936209380626678,True
900,400,25,0.1895623281598091,True
900,400,26,0.19020214676856995,True
900,400,27,0.19168294966220856,True
900,400,28,0.18996186554431915,True
900,400,29,0.1986529678106308,True
900,400,30,0.1890016719698906,True
900,400,31,0.1948932185769081,True
900,400,32,0.19230134785175323,True
900,400,33,0.18952321261167526,True
900,400,34,0.18991157412528992,True
900,400,35,0.18922332674264908,True
900,400,36,0.19340123981237411,True
900,400,37,0.19181333482265472,True
900,400,38,0.1901332288980484,True
900,400,39,0.19217189401388168,True
900,400,40,0.18922332674264908,True
900,400,41,0.19031204283237457,True
900,400,42,0.1916727051138878,True
900,400,43,0.19032228738069534,True
900,400,44,0.19014254212379456,True
900,400,45,0.1897718757390976,True
900,400,46,0.1898026093840599,True
900,400,47,0.1967819407582283,True
900,400,48,0.19124243408441544,True
900,400,49,0.1890920102596283,True
900,800,0,0.34566503018140793,True
900,800,1,0.21623261272907257,True
900,800,2,0.20652171224355698,True
900,800,3,0.20031258463859558,True
900,800,4,0.19878242164850235,True
900,800,5,0.2029919996857643,True
900,800,6,0.20041316747665405,True
900,800,7,0.19655190408229828,True
900,800,8,0.19542314112186432,True
900,800,9,0.1946818083524704,True
900,800,10,0.19523221999406815,True
900,800,11,0.20209327340126038,True
900,800,12,0.19939150661230087,True
900,800,13,0.19737333059310913,True
900,800,14,0.19528158009052277,True
900,800,15,0.19568298012018204,True
900,800,16,0.1992732286453247,True
900,800,17,0.195331871509552,True
900,800,18,0.19443314522504807,True
900,800,19,0.194501131772995,True
900,800,20,0.19750278443098068,True
900,800,21,0.20768307149410248,True
900,800,22,0.19921176135540009,True
900,800,23,0.19533280283212662,True
900,800,24,0.19899290055036545,True
900,800,25,0.1939721405506134,True
900,800,26,0.19589345902204514,True
900,800,27,0.19564200192689896,True
900,800,28,0.19857287406921387,True
900,800,29,0.19796378910541534,True
900,800,30,0.1933518797159195,True
900,800,31,0.1947423443198204,True
900,800,32,0.1954818144440651,True
900,800,33,0.1926235854625702,True
900,800,34,0.19353162497282028,True
900,800,35,0.19259285181760788,True
900,800,36,0.1939721405506134,True
900,800,37,0.19594281911849976,True
900,800,38,0.19363313913345337,True
900,800,39,0.19354186952114105,True
900,800,40,0.1942422240972519,True
900,800,41,0.19429251551628113,True
900,800,42,0.19633304327726364,True
900,800,43,0.19724201411008835,True
900,800,44,0.1968834549188614,True
900,800,45,0.19322335720062256,True
900,800,46,0.19700266420841217,True
900,800,47,0.19589345902204514,True
900,800,48,0.19381195306777954,True
900,800,49,0.193743035197258,True
900,1600,0,0.3523649647831917,True
900,1600,1,0.2170829102396965,True
900,1600,2,0.21464284509420395,True
900,1600,3,0.20674243569374084,True
900,1600,4,0.20471308380365372,True
900,1600,5,0.20372215658426285,True
900,1600,6,0.20582228899002075,True
900,1600,7,0.20594336092472076,True
900,1600,8,0.20123273134231567,True
900,1600,9,0.20022131502628326,True
900,1600,10,0.2040434628725052,True
900,1600,11,0.20126346498727798,True
900,1600,12,0.20183250308036804,True
900,1600,13,0.20216312259435654,True
900,1600,14,0.19938312470912933,True
900,1600,15,0.1994716003537178,True
900,1600,16,0.2006925642490387,True
900,1600,17,0.20139291882514954,True
900,1600,18,0.1997416839003563,True
900,1600,19,0.19999220967292786,True
900,1600,20,0.19910279661417007,True
900,1600,21,0.20041223615407944,True
900,1600,22,0.20135287195444107,True
900,1600,23,0.2069324254989624,True
900,1600,24,0.2000313252210617,True
900,1600,25,0.199243426322937,True
900,1600,26,0.20046159625053406,True
900,1600,27,0.20119361579418182,True
900,1600,28,0.20000338554382324,True
900,1600,29,0.19889231771230698,True
900,1600,30,0.19940268248319626,True
900,1600,31,0.20032189786434174,True
900,1600,32,0.20080246031284332,True
900,1600,33,0.1994827762246132,True
900,1600,34,0.1993328332901001,True
900,1600,35,0.1993020996451378,True
900,1600,36,0.19997265189886093,True
900,1600,37,0.20059198141098022,True
900,1600,38,0.19961316138505936,True
900,1600,39,0.19913259893655777,True
900,1600,40,0.19910186529159546,True
900,1600,41,0.2003926783800125,True
900,1600,42,0.2004224807024002,True
900,1600,43,0.19878149032592773,True
900,1600,44,0.2029435709118843,True
900,1600,45,0.19933190196752548,True
900,1600,46,0.2003926783800125,True
900,1600,47,0.20154286175966263,True
900,1600,48,0.20290259271860123,True
900,1600,49,0.19884295761585236,True
900,3200,0,0.3974149003624916,True
900,3200,1,0.22684317082166672,True
900,3200,2,0.21962355822324753,True
900,3200,3,0.21874252706766129,True
900,3200,4,0.2193627879023552,True
900,3200,5,0.21464284509420395,True
900,3200,6,0.21356251090765,True
900,3200,7,0.21252315491437912,True
900,3200,8,0.2142433077096939,True
900,3200,9,0.21638348698616028,True
900,3200,10,0.21253246814012527,True
900,3200,11,0.21219253540039062,True
900,3200,12,0.21748337894678116,True
900,3200,13,0.2163434401154518,True
900,3200,14,0.21899305284023285,True
900,3200,15,0.21327286958694458,True
900,3200,16,0.2115825191140175,True
900,3200,17,0.21277274936437607,True
900,3200,18,0.21520256996154785,True
900,3200,19,0.21144282072782516,True
900,3200,20,0.21074246615171432,True
900,3200,21,0.2243928611278534,True
900,3200,22,0.23449305444955826,True
900,3200,23,0.21827314049005508,True
900,3200,24,0.21333247423171997,True
900,3200,25,0.23813266307115555,True
900,3200,26,0.24403352290391922,True
900,3200,27,0.24884287267923355,True
900,3200,28,0.23724325001239777,True
900,3200,29,0.25207363069057465,True
900,3200,30,0.24703238159418106,True
900,3200,31,0.23512262850999832,True
900,3200,32,0.21756254136562347,True
900,3200,33,0.21406356245279312,True
900,3200,34,0.2131424844264984,True
900,3200,35,0.22059213370084763,True
900,3200,36,0.2144118770956993,True
900,3200,37,0.21207239478826523,True
900,3200,38,0.2116728574037552,True
900,3200,39,0.21388288587331772,True
900,3200,40,0.21579209715127945,True
900,3200,41,0.2116924151778221,True
900,3200,42,0.21093245595693588,True
900,3200,43,0.21073222160339355,True
900,3200,44,0.21296273916959763,True
900,3200,45,0.21457206457853317,True
900,3200,46,0.21085236221551895,True
900,3200,47,0.21112337708473206,True
900,3200,48,0.21068286150693893,True
900,3200,49,0.22032298147678375,True
900,6400,0,0.3955848515033722,True
900,6400,1,0.2493336796760559,True
900,6400,2,0.2417340874671936,True
900,6400,3,0.2406928688287735,True
900,6400,4,0.24087261408567429,True
900,6400,5,0.23858249187469482,True
900,6400,6,0.23697316646575928,True
900,6400,7,0.23879297077655792,True
900,6400,8,0.23774243891239166,True
900,6400,9,0.23570377379655838,True
900,6400,10,0.2350127324461937,True
900,6400,11,0.23712310940027237,True
900,6400,12,0.2380330115556717,True
900,6400,13,0.2363128587603569,True
900,6400,14,0.2345731481909752,True
900,6400,15,0.23570284247398376,True
900,6400,16,0.24308264255523682,True
900,6400,17,0.23462343961000443,True
900,6400,18,0.23600459098815918,True
900,6400,19,0.23762229830026627,True
900,6400,20,0.24310313165187836,True
900,6400,21,0.23731309920549393,True
900,6400,22,0.23598317056894302,True
900,6400,23,0.2348627895116806,True
900,6400,24,0.23833289742469788,True
900,6400,25,0.24143420159816742,True
900,6400,26,0.23613311350345612,True
900,6400,27,0.2362532541155815,True
900,6400,28,0.23691263049840927,True
900,6400,29,0.23813359439373016,True
900,6400,30,0.2347836270928383,True
900,6400,31,0.2350732684135437,True
900,6400,32,0.2364031970500946,True
900,6400,33,0.23706257343292236,True
900,6400,34,0.23470353335142136,True
900,6400,35,0.23414287716150284,True
900,6400,36,0.23429282009601593,True
900,6400,37,0.24280231446027756,True
900,6400,38,0.23603346198797226,True
900,6400,39,0.23387279361486435,True
900,6400,40,0.23553241044282913,True
900,6400,41,0.2359934151172638,True
900,6400,42,0.23660250008106232,True
900,6400,43,0.2347724512219429,True
900,6400,44,0.2344539389014244,True
900,6400,45,0.2351934090256691,True
900,6400,46,0.23606326431035995,True
900,6400,47,0.2348329871892929,True
900,6400,48,0.23399293422698975,True
900,6400,49,0.2353135496377945,True
900,10000,0,0.41574519127607346,True
900,10000,1,0.27553364634513855,True
900,10000,2,0.27512479573488235,True
900,10000,3,0.2674926072359085,True
900,10000,4,0.263754278421402,True
900,10000,5,0.26277266442775726,True
900,10000,6,0.2740742638707161,True
900,10000,7,0.2632029354572296,True
900,10000,8,0.26195403188467026,True
900,10000,9,0.2650422975420952,True
900,10000,10,0.26334449648857117,True
900,10000,11,0.2641836181282997,True
900,10000,12,0.2726241946220398,True
900,10000,13,0.2622026950120926,True
900,10000,14,0.26329420506954193,True
900,10000,15,0.2607526257634163,True
900,10000,16,0.2598641440272331,True
900,10000,17,0.2612629905343056,True
900,10000,18,0.26248302310705185,True
900,10000,19,0.2606939524412155,True
900,10000,20,0.2601528540253639,True
900,10000,21,0.26704464107751846,True
900,10000,22,0.2609323710203171,True
900,10000,23,0.26035401970148087,True
900,10000,24,0.2612331882119179,True
900,10000,25,0.268302857875824,True
900,10000,26,0.2658329904079437,True
900,10000,27,0.26041362434625626,True
900,10000,28,0.26237405836582184,True
900,10000,29,0.2635624259710312,True
900,10000,30,0.26065390557050705,True
900,10000,31,0.25979243218898773,True
900,10000,32,0.26109348982572556,True
900,10000,33,0.26227254420518875,True
900,10000,34,0.260903500020504,True
900,10000,35,0.25973282754421234,True
900,10000,36,0.26384275406599045,True
900,10000,37,0.26169419288635254,True
900,10000,38,0.2605831250548363,True
900,10000,39,0.25997404009103775,True
900,10000,40,0.26136357337236404,True
900,10000,41,0.26169419288635254,True
900,10000,42,0.2601034939289093,True
900,10000,43,0.26000291109085083,True
900,10000,44,0.26717409491539,True
900,10000,45,0.26000291109085083,True
900,10000,46,0.25931466370821,True
900,10000,47,0.26156287640333176,True
900,10000,48,0.2619940787553787,True
900,10000,49,0.26049278676509857,True
801,1,0,0.30499324202537537,True
801,1,1,0.172552652657032,True
801,1,2,0.16358215361833572,True
801,1,3,0.16076210886240005,True
801,1,4,0.15898142009973526,True
801,1,5,0.15951227396726608,True
801,1,6,0.15953276306390762,True
801,1,7,0.15857163816690445,True
801,1,8,0.15587173402309418,True
801,1,9,0.15688221901655197,True
801,1,10,0.15617255121469498,True
801,1,11,0.15559140592813492,True
801,1,12,0.1632925122976303,True
801,1,13,0.157112255692482,True
801,1,14,0.1554517075419426,True
801,1,15,0.1547113060951233,True
801,1,16,0.1544114202260971,True
801,1,17,0.15417207032442093,True
801,1,18,0.15587173402309418,True
801,1,19,0.15712343156337738,True
801,1,20,0.15522167086601257,True
801,1,21,0.1547727733850479,True
801,1,22,0.15440210700035095,True
801,1,23,0.1550121232867241,True
801,1,24,0.16011204570531845,True
801,1,25,0.15685148537158966,True
801,1,26,0.15522167086601257,True
801,1,27,0.15854276716709137,True
801,1,28,0.15363190323114395,True
801,1,29,0.15364214777946472,True
801,1,30,0.1535024493932724,True
801,1,31,0.15556160360574722,True
801,1,32,0.1568421721458435,True
801,1,33,0.15431176871061325,True
801,1,34,0.15484169125556946,True
801,1,35,0.15376228839159012,True
801,1,36,0.15359185636043549,True
801,1,37,0.15608221292495728,True
801,1,38,0.15862192958593369,True
801,1,39,0.156281515955925,True
801,1,40,0.15404168516397476,True
801,1,41,0.15458278357982635,True
801,1,42,0.15396159142255783,True
801,1,43,0.1543816179037094,True
801,1,44,0.1592719927430153,True
801,1,45,0.15635229647159576,True
801,1,46,0.15435181558132172,True
801,1,47,0.1544523984193802,True
801,1,48,0.15443190932273865,True
801,1,49,0.15449244529008865,True
801,2,0,0.29621366411447525,True
801,2,1,0.17384346574544907,True
801,2,2,0.1780819147825241,True
801,2,3,0.16509182751178741,True
801,2,4,0.1621013507246971,True
801,2,5,0.16129203140735626,True
801,2,6,0.15979167073965073,True
801,2,7,0.15886127948760986,True
801,2,8,0.16496330499649048,True
801,2,9,0.1603923738002777,True
801,2,10,0.15809200704097748,True
801,2,11,0.15762168914079666,True
801,2,12,0.15766173601150513,True
801,2,13,0.1577325165271759,True
801,2,14,0.15916209667921066,True
801,2,15,0.16008224338293076,True
801,2,16,0.15763193368911743,True
801,2,17,0.1576421782374382,True
801,2,18,0.16145221889019012,True
801,2,19,0.1577623188495636,True
801,2,20,0.15778280794620514,True
801,2,21,0.16469229012727737,True
801,2,22,0.15791133046150208,True
801,2,23,0.1573413610458374,True
801,2,24,0.15928223729133606,True
801,2,25,0.15707220882177353,True
801,2,26,0.16195140779018402,True
801,2,27,0.15940237790346146,True
801,2,28,0.15768222510814667,True
801,2,29,0.15666242688894272,True
801,2,30,0.15661213546991348,True
801,2,31,0.15715230256319046,True
801,2,32,0.1568123698234558,True
801,2,33,0.16237236559391022,True
801,2,34,0.15925150364637375,True
801,2,35,0.1575518399477005,True
801,2,36,0.15647243708372116,True
801,2,37,0.15644170343875885,True
801,2,38,0.1558614894747734,True
801,2,39,0.15802215784788132,True
801,2,40,0.1594116911292076,True
801,2,41,0.15688221901655197,True
801,2,42,0.15594158321619034,True
801,2,43,0.15682168304920197,True
801,2,44,0.15591178089380264,True
801,2,45,0.1577325165271759,True
801,2,46,0.16426201909780502,True
801,2,47,0.15780143439769745,True
801,2,48,0.15695206820964813,True
801,2,49,0.15688221901655197,True
801,4,0,0.30082371085882187,True
801,4,1,0.18135271966457367,True
801,4,2,0.16923155635595322,True
801,4,3,0.16918126493692398,True
801,4,4,0.16422197222709656,True
801,4,5,0.16497261822223663,True
801,4,6,0.16635283827781677,True
801,4,7,0.16686227172613144,True
801,4,8,0.16334280371665955,True
801,4,9,0.1618117094039917,True
801,4,10,0.16136281192302704,True
801,4,11,0.1625223085284233,True
801,4,12,0.16352161765098572,True
801,4,13,0.16171298921108246,True
801,4,14,0.1645125448703766,True
801,4,15,0.16159191727638245,True
801,4,16,0.1606922596693039,True
801,4,17,0.16161147505044937,True
801,4,18,0.16289111226797104,True
801,4,19,0.16100145876407623,True
801,4,20,0.15979260206222534,True
801,4,21,0.1606326550245285,True
801,4,22,0.16007199883460999,True
801,4,23,0.15996210277080536,True
801,4,24,0.16771163791418076,True
801,4,25,0.16090180724859238,True
801,4,26,0.16003195196390152,True
801,4,27,0.16074161976575851,True
801,4,28,0.1595430076122284,True
801,4,29,0.16022194176912308,True
801,4,30,0.16124173998832703,True
801,4,31,0.1628221943974495,True
801,4,32,0.1603318378329277,True
801,4,33,0.15970226377248764,True
801,4,34,0.16025174409151077,True
801,4,35,0.15988200902938843,True
801,4,36,0.16067177057266235,True
801,4,37,0.16289204359054565,True
801,4,38,0.16058236360549927,True
801,4,39,0.1598615199327469,True
801,4,40,0.15947222709655762,True
801,4,41,0.16031228005886078,True
801,4,42,0.16084220260381699,True
801,4,43,0.16298238188028336,True
801,4,44,0.1598922535777092,True
801,4,45,0.15970226377248764,True
801,4,46,0.1593632623553276,True
801,4,47,0.159531831741333,True
801,4,48,0.16065221279859543,True
801,4,49,0.1627616584300995,True
801,8,0,0.30260346829891205,True
801,8,1,0.17994176596403122,True
801,8,2,0.17354264855384827,True
801,8,3,0.17165299504995346,True
801,8,4,0.168532133102417,True
801,8,5,0.16639195382595062,True
801,8,6,0.1666620373725891,True
801,8,7,0.1658918336033821,True
801,8,8,0.16612187027931213,True
801,8,9,0.16722269356250763,True
801,8,10,0.16491208225488663,True
801,8,11,0.1645321026444435,True
801,8,12,0.16348250210285187,True
801,8,13,0.16408227384090424,True
801,8,14,0.16419123858213425,True
801,8,15,0.16686320304870605,True
801,8,16,0.16392208635807037,True
801,8,17,0.16491208225488663,True
801,8,18,0.1635514199733734,True
801,8,19,0.16298238188028336,True
801,8,20,0.16505178064107895,True
801,8,21,0.1660231500864029,True
801,8,22,0.16348157078027725,True
801,8,23,0.1633819192647934,True
801,8,24,0.16268249601125717,True
801,8,25,0.1634117215871811,True
801,8,26,0.16404129564762115,True
801,8,27,0.16598310321569443,True
801,8,28,0.1639416441321373,True
801,8,29,0.16387179493904114,True
801,8,30,0.16296282410621643,True
801,8,31,0.16351230442523956,True
801,8,32,0.16392208635807037,True
801,8,33,0.16552302986383438,True
801,8,34,0.1636827364563942,True
801,8,35,0.16254186630249023,True
801,8,36,0.16290228813886642,True
801,8,37,0.16674213111400604,True
801,8,38,0.1649521291255951,True
801,8,39,0.1659216359257698,True
801,8,40,0.16320310533046722,True
801,8,41,0.16272254288196564,True
801,8,42,0.16216188669204712,True
801,8,43,0.16298145055770874,True
801,8,44,0.16585178673267365,True
801,8,45,0.16669277101755142,True
801,8,46,0.1706331968307495,True
801,8,47,0.16337260603904724,True
801,8,48,0.1624319702386856,True
801,8,49,0.1626424491405487,True
801,16,0,0.30914414674043655,True
801,16,1,0.18464215099811554,True
801,16,2,0.178641639649868,True
801,16,3,0.1719621941447258,True
801,16,4,0.16919244080781937,True
801,16,5,0.17207302153110504,True
801,16,6,0.1707524061203003,True
801,16,7,0.17077196389436722,True
801,16,8,0.1683225855231285,True
801,16,9,0.16689300537109375,True
801,16,10,0.16661174595355988,True
801,16,11,0.16535166651010513,True
801,16,12,0.16748253256082535,True
801,16,13,0.16869232058525085,True
801,16,14,0.1665223389863968,True
801,16,15,0.16585271805524826,True
801,16,16,0.16600172966718674,True
801,16,17,0.16552209854125977,True
801,16,18,0.1664627343416214,True
801,16,19,0.16714166849851608,True
801,16,20,0.16582291573286057,True
801,16,21,0.1647714525461197,True
801,16,22,0.1645321026444435,True
801,16,23,0.164741650223732,True
801,16,24,0.16627181321382523,True
801,16,25,0.1670224592089653,True
801,16,26,0.16509275883436203,True
801,16,27,0.17393194139003754,True
801,16,28,0.16493257135152817,True
801,16,29,0.16502197831869125,True
801,16,30,0.16583316028118134,True
801,16,31,0.1680217683315277,True
801,16,32,0.16523245722055435,True
801,16,33,0.16531161963939667,True
801,16,34,0.16568228602409363,True
801,16,35,0.17811357975006104,True
801,16,36,0.16662199050188065,True
801,16,37,0.16685202717781067,True
801,16,38,0.16564223915338516,True
801,16,39,0.1654820516705513,True
801,16,40,0.16534142196178436,True
801,16,41,0.16618333756923676,True
801,16,42,0.16654189676046371,True
801,16,43,0.16778148710727692,True
801,16,44,0.16479194164276123,True
801,16,45,0.16533304005861282,True
801,16,46,0.16538146883249283,True
801,16,47,0.1653023064136505,True
801,16,48,0.16659218817949295,True
801,16,49,0.16728229820728302,True
801,32,0,0.3125937655568123,True
801,32,1,0.18585193902254105,True
801,32,2,0.17653219401836395,True
801,32,3,0.17292331904172897,True
801,32,4,0.17096195369958878,True
801,32,5,0.17786212265491486,True
801,32,6,0.17470307648181915,True
801,32,7,0.17041154205799103,True
801,32,8,0.16871187835931778,True
801,32,9,0.16905181109905243,True
801,32,10,0.16941316425800323,True
801,32,11,0.17093215137720108,True
801,32,12,0.17315149307250977,True
801,32,13,0.16828160732984543,True
801,32,14,0.16793236136436462,True
801,32,15,0.16728229820728302,True
801,32,16,0.16740243881940842,True
801,32,17,0.16883201897144318,True
801,32,18,0.16982201486825943,True
801,32,19,0.16888324171304703,True
801,32,20,0.1704515889286995,True
801,32,21,0.16765203326940536,True
801,32,22,0.1675523817539215,True
801,32,23,0.16926229000091553,True
801,32,24,0.1695016399025917,True
801,32,25,0.16772281378507614,True
801,32,26,0.17096195369958878,True
801,32,27,0.17776153981685638,True
801,32,28,0.1692427322268486,True
801,32,29,0.16847159713506699,True
801,32,30,0.16937125474214554,True
801,32,31,0.16756169497966766,True
801,32,32,0.1673530787229538,True
801,32,33,0.16806181520223618,True
801,32,34,0.16727205365896225,True
801,32,35,0.16855169087648392,True
801,32,36,0.1696525141596794,True
801,32,37,0.16740243881940842,True
801,32,38,0.16777217388153076,True
801,32,39,0.16772188246250153,True
801,32,40,0.1670820638537407,True
801,32,41,0.16855262219905853,True
801,32,42,0.16958173364400864,True
801,32,43,0.16771163791418076,True
801,32,44,0.16707181930541992,True
801,32,45,0.16721244901418686,True
801,32,46,0.1709926873445511,True
801,32,47,0.16803108155727386,True
801,32,48,0.16915146261453629,True
801,32,49,0.16745273023843765,True
801,64,0,0.3204038366675377,True
801,64,1,0.18894299864768982,True
801,64,2,0.1823119819164276,True
801,64,3,0.18292199820280075,True
801,64,4,0.180073082447052,True
801,64,5,0.1795021817088127,True
801,64,6,0.17396267503499985,True
801,64,7,0.17384253442287445,True
801,64,8,0.17268210649490356,True
801,64,9,0.17836317420005798,True
801,64,10,0.1744227483868599,True
801,64,11,0.17333216965198517,True
801,64,12,0.1721121370792389,True
801,64,13,0.17201341688632965,True
801,64,14,0.17260201275348663,True
801,64,15,0.1748315989971161,True
801,64,16,0.17200224101543427,True
801,64,17,0.17157290130853653,True
801,64,18,0.1714024692773819,True
801,64,19,0.1711323857307434,True
801,64,20,0.1734718680381775,True
801,64,21,0.1741228625178337,True
801,64,22,0.17144251614809036,True
801,64,23,0.17154216766357422,True
801,64,24,0.17149187624454498,True
801,64,25,0.1722024753689766,True
801,64,26,0.17307139933109283,True
801,64,27,0.1737019047141075,True
801,64,28,0.17156265676021576,True
801,64,29,0.17139222472906113,True
801,64,30,0.17123203724622726,True
801,64,31,0.1713419333100319,True
801,64,32,0.17213355749845505,True
801,64,33,0.17355196177959442,True
801,64,34,0.17142202705144882,True
801,64,35,0.17045345157384872,True
801,64,36,0.17034262418746948,True
801,64,37,0.17061270773410797,True
801,64,38,0.17834268510341644,True
801,64,39,0.17271284013986588,True
801,64,40,0.1713726669549942,True
801,64,41,0.17123203724622726,True
801,64,42,0.17106160521507263,True
801,64,43,0.17387326806783676,True
801,64,44,0.1732315868139267,True
801,64,45,0.17154216766357422,True
801,64,46,0.17166230827569962,True
801,64,47,0.17103273421525955,True
801,64,48,0.17103180289268494,True
801,64,49,0.17157196998596191,True
801,100,0,0.32480526715517044,True
801,100,1,0.19537191838026047,True
801,100,2,0.1843329519033432,True
801,100,3,0.17842184752225876,True
801,100,4,0.1759026199579239,True
801,100,5,0.17503369599580765,True
801,100,6,0.17514172941446304,True
801,100,7,0.17650239169597626,True
801,100,8,0.17342250794172287,True
801,100,9,0.17390307039022446,True
801,100,10,0.17281249165534973,True
801,100,11,0.17348211258649826,True
801,100,12,0.1737130805850029,True
801,100,13,0.17513148486614227,True
801,100,14,0.17271190881729126,True
801,100,15,0.1715533435344696,True
801,100,16,0.1714620739221573,True
801,100,17,0.17177127301692963,True
801,100,18,0.17219223082065582,True
801,100,19,0.17447303980588913,True
801,100,20,0.17239153385162354,True
801,100,21,0.1719025894999504,True
801,100,22,0.17472170293331146,True
801,100,23,0.17195288091897964,True
801,100,24,0.17341133207082748,True
801,100,25,0.17481204122304916,True
801,100,26,0.17159339040517807,True
801,100,27,0.17346255481243134,True
801,100,28,0.17186161130666733,True
801,100,29,0.17241202294826508,True
801,100,30,0.18002372235059738,True
801,100,31,0.1733517274260521,True
801,100,32,0.17177220433950424,True
801,100,33,0.17153192311525345,True
801,100,34,0.1709628850221634,True
801,100,35,0.17319153994321823,True
801,100,36,0.17837248742580414,True
801,100,37,0.1720823347568512,True
801,100,38,0.1724623143672943,True
801,100,39,0.17115194350481033,True
801,100,40,0.17160270363092422,True
801,100,41,0.17222203314304352,True
801,100,42,0.1736115664243698,True
801,100,43,0.17200224101543427,True
801,100,44,0.17130374908447266,True
801,100,45,0.17154216766357422,True
801,100,46,0.17154216766357422,True
801,100,47,0.1733815297484398,True
801,100,48,0.17372332513332367,True
801,100,49,0.17203204333782196,True
801,200,0,0.3170333802700043,True
801,200,1,0.19005313515663147,True
801,200,2,0.18359161913394928,True
801,200,3,0.1825224608182907,True
801,200,4,0.17805304378271103,True
801,200,5,0.17593242228031158,True
801,200,6,0.17599202692508698,True
801,200,7,0.176113098859787,True
801,200,8,0.17652194947004318,True
801,200,9,0.17432216554880142,True
801,200,10,0.17450284212827682,True
801,200,11,0.17399154603481293,True
801,200,12,0.1736525446176529,True
801,200,13,0.18127355724573135,True
801,200,14,0.1751324161887169,True
801,200,15,0.17303228378295898,True
801,200,16,0.17262250185012817,True
801,200,17,0.17315242439508438,True
801,200,18,0.17307139933109283,True
801,200,19,0.1734718680381775,True
801,200,20,0.17490331083536148,True
801,200,21,0.17277244478464127,True
801,200,22,0.1724623143672943,True
801,200,23,0.1728832721710205,True
801,200,24,0.17308257520198822,True
801,200,25,0.18059182912111282,True
801,200,26,0.1745019108057022,True
801,200,27,0.17269235104322433,True
801,200,28,0.17233192920684814,True
801,200,29,0.17253216356039047,True
801,200,30,0.17327163368463516,True
801,200,31,0.17555337399244308,True
801,200,32,0.17271190881729126,True
801,200,33,0.17247162759304047,True
801,200,34,0.17238222062587738,True
801,200,35,0.17295219004154205,True
801,200,36,0.17358176410198212,True
801,200,37,0.1751333475112915,True
801,200,38,0.17367210239171982,True
801,200,39,0.17239153385162354,True
801,200,40,0.1721614971756935,True
801,200,41,0.17207302153110504,True
801,200,42,0.17387233674526215,True
801,200,43,0.17458200454711914,True
801,200,44,0.17281342297792435,True
801,200,45,0.1727622002363205,True
801,200,46,0.18099229782819748,True
801,200,47,0.1723719760775566,True
801,200,48,0.18011312931776047,True
801,200,49,0.17392169684171677,True
801,400,0,0.30988361686468124,True
801,400,1,0.19168388098478317,True
801,400,2,0.18315203487873077,True
801,400,3,0.18094200640916824,True
801,400,4,0.18127262592315674,True
801,400,5,0.17779134213924408,True
801,400,6,0.17724279314279556,True
801,400,7,0.17716269940137863,True
801,400,8,0.1755421981215477,True
801,400,9,0.17592310905456543,True
801,400,10,0.18040277063846588,True
801,400,11,0.1746220514178276,True
801,400,12,0.17819274216890335,True
801,400,13,0.1741219311952591,True
801,400,14,0.17998181283473969,True
801,400,15,0.17663370817899704,True
801,400,16,0.17493218183517456,True
801,400,17,0.17395149916410446,True
801,400,18,0.17390213906764984,True
801,400,19,0.17399247735738754,True
801,400,20,0.17472170293331146,True
801,400,21,0.176222063601017,True
801,400,22,0.17403345555067062,True
801,400,23,0.17402227967977524,True
801,400,24,0.1766020432114601,True
801,400,25,0.17411261796951294,True
801,400,26,0.17482321709394455,True
801,400,27,0.17641205340623856,True
801,400,28,0.17402227967977524,True
801,400,29,0.17358362674713135,True
801,400,30,0.1736413687467575,True
801,400,31,0.17399154603481293,True
801,400,32,0.1805536448955536,True
801,400,33,0.17496198415756226,True
801,400,34,0.17379224300384521,True
801,400,35,0.17776340246200562,True
801,400,36,0.179952010512352,True
801,400,37,0.1762518659234047,True
801,400,38,0.17651356756687164,True
801,400,39,0.17363205552101135,True
801,400,40,0.18014200031757355,True
801,400,41,0.1735026016831398,True
801,400,42,0.17376244068145752,True
801,400,43,0.17490237951278687,True
801,400,44,0.17585139721632004,True
801,400,45,0.17394311726093292,True
801,400,46,0.17354171723127365,True
801,400,47,0.17392169684171677,True
801,400,48,0.17366278916597366,True
801,400,49,0.18714182078838348,True
801,800,0,0.33423490822315216,True
801,800,1,0.19494257867336273,True
801,800,2,0.1903735101222992,True
801,800,3,0.1848321408033371,True
801,800,4,0.1819329336285591,True
801,800,5,0.18150173127651215,True
801,800,6,0.1814635470509529,True
801,800,7,0.18235202878713608,True
801,800,8,0.1840917393565178,True
801,800,9,0.19158236682415009,True
801,800,10,0.18654204905033112,True
801,800,11,0.18181279301643372,True
801,800,12,0.18597207963466644,True
801,800,13,0.17984304577112198,True
801,800,14,0.17860252410173416,True
801,800,15,0.17807167023420334,True
801,800,16,0.17774291336536407,True
801,800,17,0.17837155610322952,True
801,800,18,0.1793922856450081,True
801,800,19,0.17774291336536407,True
801,800,20,0.180831179022789,True
801,800,21,0.18357206135988235,True
801,800,22,0.17850380390882492,True
801,800,23,0.18275156617164612,True
801,800,24,0.1794230192899704,True
801,800,25,0.1777317374944687,True
801,800,26,0.17733220010995865,True
801,800,27,0.17770379781723022,True
801,800,28,0.17830170691013336,True
801,800,29,0.17982162535190582,True
801,800,30,0.17792265862226486,True
801,800,31,0.17707142978906631,True
801,800,32,0.17745234072208405,True
801,800,33,0.1777028664946556,True
801,800,34,0.17893221229314804,True
801,800,35,0.1791520044207573,True
801,800,36,0.17811264842748642,True
801,800,37,0.1774020493030548,True
801,800,38,0.17744209617376328,True
801,800,39,0.18301326781511307,True
801,800,40,0.18052197992801666,True
801,800,41,0.177823007106781,True
801,800,42,0.17833244055509567,True
801,800,43,0.17774198204278946,True
801,800,44,0.1772027462720871,True
801,800,45,0.1783519983291626,True
801,800,46,0.17982162535190582,True
801,800,47,0.17743278294801712,True
801,800,48,0.177701935172081,True
801,800,49,0.17708167433738708,True
801,1600,0,0.33485423773527145,True
801,1600,1,0.19970256835222244,True
801,1600,2,0.1923525705933571,True
801,1600,3,0.19048340618610382,True
801,1600,4,0.18928200006484985,True
801,1600,5,0.19013229757547379,True
801,1600,6,0.18759258091449738,True
801,1600,7,0.18890295177698135,True
801,1600,8,0.18458254635334015,True
801,1600,9,0.18598325550556183,True
801,1600,10,0.18715206533670425,True
801,1600,11,0.18494296818971634,True
801,1600,12,0.18708128482103348,True
801,1600,13,0.18703192472457886,True
801,1600,14,0.18423236906528473,True
801,1600,15,0.19248202443122864,True
801,1600,16,0.1859329640865326,True
801,1600,17,0.18387194722890854,True
801,1600,18,0.1836530864238739,True
801,1600,19,0.18359161913394928,True
801,1600,20,0.185343436896801,True
801,1600,21,0.1862524077296257,True
801,1600,22,0.1835329458117485,True
801,1600,23,0.18304120749235153,True
801,1600,24,0.1840321347117424,True
801,1600,25,0.19390322268009186,True
801,1600,26,0.2062823623418808,True
801,1600,27,0.1894412562251091,True
801,1600,28,0.18520280718803406,True
801,1600,29,0.18366146832704544,True
801,1600,30,0.18297228962183,True
801,1600,31,0.1911437138915062,True
801,1600,32,0.1848321408033371,True
801,1600,33,0.1835925504565239,True
801,1600,34,0.18425192683935165,True
801,1600,35,0.18302258104085922,True
801,1600,36,0.18417183309793472,True
801,1600,37,0.18569175153970718,True
801,1600,38,0.1831231638789177,True
801,1600,39,0.18312223255634308,True
801,1600,40,0.18376298248767853,True
801,1600,41,0.18999166786670685,True
801,1600,42,0.18647313117980957,True
801,1600,43,0.18334202468395233,True
801,1600,44,0.18372293561697006,True
801,1600,45,0.18283259123563766,True
801,1600,46,0.18302258104085922,True
801,1600,47,0.18449220806360245,True
801,1600,48,0.18577184528112411,True
801,1600,49,0.18351245671510696,True
801,3200,0,0.3296639770269394,True
801,3200,1,0.22087246179580688,True
801,3200,2,0.20393263548612595,True
801,3200,3,0.20164251327514648,True
801,3200,4,0.2003731206059456,True
801,3200,5,0.20388327538967133,True
801,3200,6,0.1997416839003563,True
801,3200,7,0.19716285169124603,True
801,3200,8,0.2034427598118782,True
801,3200,9,0.19769370555877686,True
801,3200,10,0.20268280059099197,True
801,3200,11,0.21008215844631195,True
801,3200,12,0.19675306975841522,True
801,3200,13,0.19576307386159897,True
801,3200,14,0.1950422301888466,True
801,3200,15,0.20159315317869186,True
801,3200,16,0.19807182252407074,True
801,3200,17,0.19593257457017899,True
801,3200,18,0.19594281911849976,True
801,3200,19,0.1949518918991089,True
801,3200,20,0.19546318799257278,True
801,3200,21,0.20312145352363586,True
801,3200,22,0.19926205277442932,True
801,3200,23,0.1956932246685028,True
801,3200,24,0.1953020691871643,True
801,3200,25,0.1959633082151413,True
801,3200,26,0.20378269255161285,True
801,3200,27,0.19594281911849976,True
801,3200,28,0.1949835568666458,True
801,3200,29,0.19627157598733902,True
801,3200,30,0.19622314721345901,True
801,3200,31,0.2045920118689537,True
801,3200,32,0.1968126744031906,True
801,3200,33,0.19524246454238892,True
801,3200,34,0.19457191228866577,True
801,3200,35,0.1951036974787712,True
801,3200,36,0.20142272114753723,True
801,3200,37,0.1971917226910591,True
801,3200,38,0.19521266222000122,True
801,3200,39,0.19440148025751114,True
801,3200,40,0.19463244825601578,True
801,3200,41,0.1963125541806221,True
801,3200,42,0.19692257046699524,True
801,3200,43,0.19586272537708282,True
801,3200,44,0.1947125419974327,True
801,3200,45,0.1963432878255844,True
801,3200,46,0.1955721527338028,True
801,3200,47,0.1980029046535492,True
801,3200,48,0.1955125480890274,True
801,3200,49,0.19508227705955505,True
801,6400,0,0.36056432873010635,True
801,6400,1,0.24204421788454056,True
801,6400,2,0.22885296493768692,True
801,6400,3,0.22601336240768433,True
801,6400,4,0.22325199097394943,True
801,6400,5,0.22422336041927338,True
801,6400,6,0.22407248616218567,True
801,6400,7,0.22138282656669617,True
801,6400,8,0.22076349705457687,True
801,6400,9,0.2224436029791832,True
801,6400,10,0.2285335212945938,True
801,6400,11,0.22144336253404617,True
801,6400,12,0.21972320973873138,True
801,6400,13,0.21969247609376907,True
801,6400,14,0.2209823578596115,True
801,6400,15,0.22130273282527924,True
801,6400,16,0.21971296519041061,True
801,6400,17,0.2219630405306816,True
801,6400,18,0.2253325656056404,True
801,6400,19,0.22642314434051514,True
801,6400,20,0.21944288164377213,True
801,6400,21,0.22389274090528488,True
801,6400,22,0.22057350724935532,True
801,6400,23,0.21961331367492676,True
801,6400,24,0.2214033156633377,True
801,6400,25,0.22021308541297913,True
801,6400,26,0.21964311599731445,True
801,6400,27,0.2211136743426323,True
801,6400,28,0.22692326456308365,True
801,6400,29,0.2202233299612999,True
801,6400,30,0.21977350115776062,True
801,6400,31,0.21981168538331985,True
801,6400,32,0.22085290402173996,True
801,6400,33,0.2217330038547516,True
801,6400,34,0.22011343389749527,True
801,6400,35,0.22027269005775452,True
801,6400,36,0.21955277770757675,True
801,6400,37,0.2273228019475937,True
801,6400,38,0.21952297538518906,True
801,6400,39,0.21887291222810745,True
801,6400,40,0.2195015549659729,True
801,6400,41,0.22045336663722992,True
801,6400,42,0.22135302424430847,True
801,6400,43,0.2200733870267868,True
801,6400,44,0.2241823822259903,True
801,6400,45,0.21917279809713364,True
801,6400,46,0.22747274488210678,True
801,6400,47,0.22003334015607834,True
801,6400,48,0.2193925902247429,True
801,6400,49,0.21863263100385666,True
801,10000,0,0.38604438304901123,True
801,10000,1,0.26117265224456787,True
801,10000,2,0.2546031028032303,True
801,10000,3,0.26041362434625626,True
801,10000,4,0.2512531355023384,True
801,10000,5,0.24939421564340591,True
801,10000,6,0.24657323956489563,True
801,10000,7,0.2536335960030556,True
801,10000,8,0.24620350450277328,True
801,10000,9,0.24632364511489868,True
801,10000,10,0.2448027953505516,True
801,10000,11,0.2536121755838394,True
801,10000,12,0.24697277694940567,True
801,10000,13,0.24542398750782013,True
801,10000,14,0.2452535554766655,True
801,10000,15,0.24692341685295105,True
801,10000,16,0.2460833638906479,True
801,10000,17,0.24415366351604462,True
801,10000,18,0.24479348212480545,True
801,10000,19,0.2485634759068489,True
801,10000,20,0.24650245904922485,True
801,10000,21,0.245584174990654,True
801,10000,22,0.24607311934232712,True
801,10000,23,0.2515427768230438,True
801,10000,24,0.24633295834064484,True
801,10000,25,0.24955347180366516,True
801,10000,26,0.24742353707551956,True
801,10000,27,0.25121308863162994,True
801,10000,28,0.2531344071030617,True
801,10000,29,0.24470314383506775,True
801,10000,30,0.24437345564365387,True
801,10000,31,0.24627335369586945,True
801,10000,32,0.2462826669216156,True
801,10000,33,0.24443399161100388,True
801,10000,34,0.24460256099700928,True
801,10000,35,0.2486836165189743,True
801,10000,36,0.2519441768527031,True
801,10000,37,0.2459632232785225,True
801,10000,38,0.24520326405763626,True
801,10000,39,0.2457834780216217,True
801,10000,40,0.24606380611658096,True
801,10000,41,0.24446286261081696,True
801,10000,42,0.24426262825727463,True
801,10000,43,0.24531222879886627,True
801,10000,44,0.24594273418188095,True
801,10000,45,0.24452432990074158,True
801,10000,46,0.24410244077444077,True
801,10000,47,0.2457229420542717,True
801,10000,48,0.24588312953710556,True
801,10000,49,0.24503469467163086,True
699,1,0,0.27231406420469284,True
699,1,1,0.1659514382481575,True
699,1,2,0.15172269195318222,True
699,1,3,0.14651287347078323,True
699,1,4,0.1441817730665207,True
699,1,5,0.14362111687660217,True
699,1,6,0.14363229274749756,True
699,1,7,0.14836248010396957,True
699,1,8,0.14401227235794067,True
699,1,9,0.14192238450050354,True
699,1,10,0.14213193207979202,True
699,1,11,0.14135148376226425,True
699,1,12,0.14466233551502228,True
699,1,13,0.14257151633501053,True
699,1,14,0.14931242913007736,True
699,1,15,0.1447722315788269,True
699,1,16,0.14174263924360275,True
699,1,17,0.14508236199617386,True
699,1,18,0.14074239879846573,True
699,1,19,0.14073122292757034,True
699,1,20,0.1407219097018242,True
699,1,21,0.14615152031183243,True
699,1,22,0.14312099665403366,True
699,1,23,0.1413123682141304,True
699,1,24,0.14071166515350342,True
699,1,25,0.14061201363801956,True
699,1,26,0.14070142060518265,True
699,1,27,0.1405114307999611,True
699,1,28,0.14650262892246246,True
699,1,29,0.14455243945121765,True
699,1,30,0.1405719667673111,True
699,1,31,0.14026090502738953,True
699,1,32,0.13952236622571945,True
699,1,33,0.13987254351377487,True
699,1,34,0.1400420442223549,True
699,1,35,0.1453924924135208,True
699,1,36,0.14300178736448288,True
699,1,37,0.14044158160686493,True
699,1,38,0.13982132077217102,True
699,1,39,0.1404816284775734,True
699,1,40,0.1404816284775734,True
699,1,41,0.14064181596040726,True
699,1,42,0.1400122418999672,True
699,1,43,0.14852266758680344,True
699,1,44,0.14263205230236053,True
699,1,45,0.14123041182756424,True
699,1,46,0.14084205031394958,True
699,1,47,0.140422023832798,True
699,1,48,0.1404518261551857,True
699,1,49,0.14673173427581787,True
699,2,0,0.27240440249443054,True
699,2,1,0.15836209058761597,True
699,2,2,0.15195179730653763,True
699,2,3,0.14779157936573029,True
699,2,4,0.14667212963104248,True
699,2,5,0.14532171189785004,True
699,2,6,0.1439116895198822,True
699,2,7,0.14381110668182373,True
699,2,8,0.1514321193099022,True
699,2,9,0.1449817791581154,True
699,2,10,0.14328211545944214,True
699,2,11,0.14347117394208908,True
699,2,12,0.14558248221874237,True
699,2,13,0.1428518444299698,True
699,2,14,0.14889240264892578,True
699,2,15,0.1452416181564331,True
699,2,16,0.14457199722528458,True
699,2,17,0.1434003934264183,True
699,2,18,0.14220178127288818,True
699,2,19,0.1425519585609436,True
699,2,20,0.14253240078687668,True
699,2,21,0.14378130435943604,True
699,2,22,0.14481227844953537,True
699,2,23,0.14206208288669586,True
699,2,24,0.1420816406607628,True
699,2,25,0.14173239469528198,True
699,2,26,0.1415712758898735,True
699,2,27,0.14224182814359665,True
699,2,28,0.14738179743289948,True
699,2,29,0.1450423151254654,True
699,2,30,0.14220178127288818,True
699,2,31,0.1411018893122673,True
699,2,32,0.14142226427793503,True
699,2,33,0.14221202582120895,True
699,2,34,0.14331284910440445,True
699,2,35,0.1475512981414795,True
699,2,36,0.14608073979616165,True
699,2,37,0.1428220421075821,True
699,2,38,0.14197174459695816,True
699,2,39,0.14553219079971313,True
699,2,40,0.14143157750368118,True
699,2,41,0.14186184853315353,True
699,2,42,0.1433221623301506,True
699,2,43,0.1436416059732437,True
699,2,44,0.14236103743314743,True
699,2,45,0.1417212188243866,True
699,2,46,0.14189258217811584,True
699,2,47,0.14160200953483582,True
699,2,48,0.14191213995218277,True
699,2,49,0.1431722193956375,True
699,4,0,0.2711443230509758,True
699,4,1,0.1626424491405487,True
699,4,2,0.153382308781147,True
699,4,3,0.1511918380856514,True
699,4,4,0.1513119786977768,True
699,4,5,0.1484425738453865,True
699,4,6,0.1482311636209488,True
699,4,7,0.14682207256555557,True
699,4,8,0.14529190957546234,True
699,4,9,0.14515221118927002,True
699,4,10,0.1512216404080391,True
699,4,11,0.14602206647396088,True
699,4,12,0.14583207666873932,True
699,4,13,0.14564208686351776,True
699,4,14,0.1452118158340454,True
699,4,15,0.14525186270475388,True
699,4,16,0.15298184007406235,True
699,4,17,0.1502716913819313,True
699,4,18,0.14488212764263153,True
699,4,19,0.1447722315788269,True
699,4,20,0.1438818871974945,True
699,4,21,0.14417245984077454,True
699,4,22,0.1440625637769699,True
699,4,23,0.14578085392713547,True
699,4,24,0.14672242105007172,True
699,4,25,0.14493241906166077,True
699,4,26,0.14473218470811844,True
699,4,27,0.1446222886443138,True
699,4,28,0.1435624435544014,True
699,4,29,0.14452170580625534,True
699,4,30,0.14478247612714767,True
699,4,31,0.1467522233724594,True
699,4,32,0.14916155487298965,True
699,4,33,0.1441817730665207,True
699,4,34,0.14350097626447678,True
699,4,35,0.14390237629413605,True
699,4,36,0.14396198093891144,True
699,4,37,0.14568213373422623,True
699,4,38,0.14660228043794632,True
699,4,39,0.1447424292564392,True
699,4,40,0.1438818871974945,True
699,4,41,0.14398153871297836,True
699,4,42,0.14345161616802216,True
699,4,43,0.144151970744133,True
699,4,44,0.14556199312210083,True
699,4,45,0.14587212353944778,True
699,4,46,0.14411099255084991,True
699,4,47,0.1434125006198883,True
699,4,48,0.1438213512301445,True
699,4,49,0.14355219900608063,True
699,8,0,0.2826238051056862,True
699,8,1,0.16373209655284882,True
699,8,2,0.15763379633426666,True
699,8,3,0.1543816179037094,True
699,8,4,0.15096180140972137,True
699,8,5,0.1502418890595436,True
699,8,6,0.1504402607679367,True
699,8,7,0.15229173004627228,True
699,8,8,0.14919135719537735,True
699,8,9,0.14987215399742126,True
699,8,10,0.1506023108959198,True
699,8,11,0.14935247600078583,True
699,8,12,0.1494716852903366,True
699,8,13,0.15224143862724304,True
699,8,14,0.14836248010396957,True
699,8,15,0.14840252697467804,True
699,8,16,0.15491154044866562,True
699,8,17,0.16126129776239395,True
699,8,18,0.14779157936573029,True
699,8,19,0.14794152230024338,True
699,8,20,0.1485617831349373,True
699,8,21,0.1481417566537857,True
699,8,22,0.14873221516609192,True
699,8,23,0.15074200928211212,True
699,8,24,0.14837179332971573,True
699,8,25,0.14745257794857025,True
699,8,26,0.14742184430360794,True
699,8,27,0.14738179743289948,True
699,8,28,0.14728214591741562,True
699,8,29,0.1514023169875145,True
699,8,30,0.14951173216104507,True
699,8,31,0.14732219278812408,True
699,8,32,0.14660228043794632,True
699,8,33,0.14664232730865479,True
699,8,34,0.1474320888519287,True
699,8,35,0.1475820317864418,True
699,8,36,0.14848075807094574,True
699,8,37,0.1507112756371498,True
699,8,38,0.14739204198122025,True
699,8,39,0.14789216220378876,True
699,8,40,0.14811288565397263,True
699,8,41,0.14728214591741562,True
699,8,42,0.15375204384326935,True
699,8,43,0.15018228441476822,True
699,8,44,0.14805234968662262,True
699,8,45,0.14673173427581787,True
699,8,46,0.14698226004838943,True
699,8,47,0.15828199684619904,True
699,8,48,0.15949178487062454,True
699,8,49,0.1554517075419426,True
699,16,0,0.2857837826013565,True
699,16,1,0.1663612201809883,True
699,16,2,0.1580026000738144,True
699,16,3,0.15520211309194565,True
699,16,4,0.1548323780298233,True
699,16,5,0.1554219052195549,True
699,16,6,0.15719234943389893,True
699,16,7,0.15182141214609146,True
699,16,8,0.15149172395467758,True
699,16,9,0.1546815037727356,True
699,16,10,0.15035271644592285,True
699,16,11,0.1494716852903366,True
699,16,12,0.15073176473379135,True
699,16,13,0.15233177691698074,True
699,16,14,0.14964211732149124,True
699,16,15,0.14905165880918503,True
699,16,16,0.1488514244556427,True
699,16,17,0.14913175255060196,True
699,16,18,0.1502418890595436,True
699,16,19,0.151841901242733,True
699,16,20,0.14963187277317047,True
699,16,21,0.1487424597144127,True
699,16,22,0.14969147741794586,True
699,16,23,0.15094131231307983,True
699,16,24,0.15226192772388458,True
699,16,25,0.1523420214653015,True
699,16,26,0.15141163021326065,True
699,16,27,0.14948192983865738,True
699,16,28,0.1493925228714943,True
699,16,29,0.14959275722503662,True
699,16,30,0.14922209084033966,True
699,16,31,0.14972221106290817,True
699,16,32,0.1507820561528206,True
699,16,33,0.15115179121494293,True
699,16,34,0.1491820439696312,True
699,16,35,0.14848262071609497,True
699,16,36,0.14889240264892578,True
699,16,37,0.14874152839183807,True
699,16,38,0.15004165470600128,True
699,16,39,0.15090126544237137,True
699,16,40,0.14889240264892578,True
699,16,41,0.1487918198108673,True
699,16,42,0.148821622133255,True
699,16,43,0.14882255345582962,True
699,16,44,0.14901161193847656,True
699,16,45,0.14994200319051743,True
699,16,46,0.15144143253564835,True
699,16,47,0.14884211122989655,True
699,16,48,0.14857109636068344,True
699,16,49,0.14851242303848267,True
699,32,0,0.28358399868011475,True
699,32,1,0.16692187637090683,True
699,32,2,0.16080215573310852,True
699,32,3,0.15933159738779068,True
699,32,4,0.1560421660542488,True
699,32,5,0.15399232506752014,True
699,32,6,0.15250220894813538,True
699,32,7,0.15747174620628357,True
699,32,8,0.15230197459459305,True
699,32,9,0.15292223542928696,True
699,32,10,0.15448220074176788,True
699,32,11,0.15161186456680298,True
699,32,12,0.15126168727874756,True
699,32,13,0.1520523801445961,True
699,32,14,0.15138275921344757,True
699,32,15,0.1529119908809662,True
699,32,16,0.15398208051919937,True
699,32,17,0.15198159962892532,True
699,32,18,0.15139207243919373,True
699,32,19,0.15147216618061066,True
699,32,20,0.15099160373210907,True
699,32,21,0.15090126544237137,True
699,32,22,0.15227217227220535,True
699,32,23,0.15330128371715546,True
699,32,24,0.1514023169875145,True
699,32,25,0.15073176473379135,True
699,32,26,0.1554219052195549,True
699,32,27,0.1504523679614067,True
699,32,28,0.15177205204963684,True
699,32,29,0.15385262668132782,True
699,32,30,0.1505427062511444,True
699,32,31,0.15137158334255219,True
699,32,32,0.15085283666849136,True
699,32,33,0.15094131231307983,True
699,32,34,0.15052221715450287,True
699,32,35,0.15427172183990479,True
699,32,36,0.15313178300857544,True
699,32,37,0.15061162412166595,True
699,32,38,0.15100277960300446,True
699,32,39,0.15076156705617905,True
699,32,40,0.15062186866998672,True
699,32,41,0.1514023169875145,True
699,32,42,0.1578228548169136,True
699,32,43,0.15141163021326065,True
699,32,44,0.15152059495449066,True
699,32,45,0.1505119726061821,True
699,32,46,0.15079230070114136,True
699,32,47,0.15074200928211212,True
699,32,48,0.15154201537370682,True
699,32,49,0.15287194401025772,True
699,64,0,0.2917144447565079,True
699,64,1,0.17670262604951859,True
699,64,2,0.16538240015506744,True
699,64,3,0.16352254897356033,True
699,64,4,0.16364268958568573,True
699,64,5,0.15982240438461304,True
699,64,6,0.15884172171354294,True
699,64,7,0.15869177877902985,True
699,64,8,0.15706196427345276,True
699,64,9,0.15697255730628967,True
699,64,10,0.16687344759702682,True
699,64,11,0.15867222100496292,True
699,64,12,0.1570824533700943,True
699,64,13,0.15624146908521652,True
699,64,14,0.15680212527513504,True
699,64,15,0.155571848154068,True
699,64,16,0.15623215585947037,True
699,64,17,0.15828199684619904,True
699,64,18,0.15579257160425186,True
699,64,19,0.1544523984193802,True
699,64,20,0.15571154654026031,True
699,64,21,0.1552719622850418,True
699,64,22,0.15626195818185806,True
699,64,23,0.15789177268743515,True
699,64,24,0.1550121232867241,True
699,64,25,0.15411153435707092,True
699,64,26,0.15570223331451416,True
699,64,27,0.15580281615257263,True
699,64,28,0.15556160360574722,True
699,64,29,0.15608221292495728,True
699,64,30,0.15703216195106506,True
699,64,31,0.15500187873840332,True
699,64,32,0.15507172793149948,True
699,64,33,0.15491154044866562,True
699,64,34,0.15467219054698944,True
699,64,35,0.15620142221450806,True
699,64,36,0.15759188681840897,True
699,64,37,0.1550121232867241,True
699,64,38,0.15440210700035095,True
699,64,39,0.15547219663858414,True
699,64,40,0.15454180538654327,True
699,64,41,0.154922716319561,True
699,64,42,0.16197189688682556,True
699,64,43,0.1567518338561058,True
699,64,44,0.15531200915575027,True
699,64,45,0.15464238822460175,True
699,64,46,0.1542726531624794,True
699,64,47,0.15482213348150253,True
699,64,48,0.15608221292495728,True
699,64,49,0.16769301146268845,True
699,100,0,0.30148401856422424,True
699,100,1,0.17209164798259735,True
699,100,2,0.16665179282426834,True
699,100,3,0.1610834151506424,True
699,100,4,0.15907175838947296,True
699,100,5,0.16085244715213776,True
699,100,6,0.16265176236629486,True
699,100,7,0.15845149755477905,True
699,100,8,0.15704240649938583,True
699,100,9,0.15674158930778503,True
699,100,10,0.15682261437177658,True
699,100,11,0.1555122435092926,True
699,100,12,0.16504153609275818,True
699,100,13,0.15802308917045593,True
699,100,14,0.15661213546991348,True
699,100,15,0.15630200505256653,True
699,100,16,0.156281515955925,True
699,100,17,0.15563145279884338,True
699,100,18,0.1599518582224846,True
699,100,19,0.16000214964151382,True
699,100,20,0.156281515955925,True
699,100,21,0.15512201935052872,True
699,100,22,0.15552248805761337,True
699,100,23,0.15529245138168335,True
699,100,24,0.15697255730628967,True
699,100,25,0.15755277127027512,True
699,100,26,0.15582237392663956,True
699,100,27,0.15499256551265717,True
699,100,28,0.1559220254421234,True
699,100,29,0.1553129404783249,True
699,100,30,0.15458185225725174,True
699,100,31,0.15659164637327194,True
699,100,32,0.16209203749895096,True
699,100,33,0.16562268137931824,True
699,100,34,0.16552209854125977,True
699,100,35,0.15562213957309723,True
699,100,36,0.15556160360574722,True
699,100,37,0.15822239220142365,True
699,100,38,0.16162265092134476,True
699,100,39,0.15624240040779114,True
699,100,40,0.15518255531787872,True
699,100,41,0.15438254922628403,True
699,100,42,0.1550614833831787,True
699,100,43,0.15662144869565964,True
699,100,44,0.158051960170269,True
699,100,45,0.15559233725070953,True
699,100,46,0.15553273260593414,True
699,100,47,0.15495158731937408,True
699,100,48,0.15574228018522263,True
699,100,49,0.15497207641601562,True
699,200,0,0.29056426137685776,True
699,200,1,0.17361249774694443,True
699,200,2,0.16679149121046066,True
699,200,3,0.16246270388364792,True
699,200,4,0.16044173389673233,True
699,200,5,0.16108155250549316,True
699,200,6,0.16148202121257782,True
699,200,7,0.15914253890514374,True
699,200,8,0.15887152403593063,True
699,200,9,0.159362331032753,True
699,200,10,0.1572025939822197,True
699,200,11,0.16645342111587524,True
699,200,12,0.16253162175416946,True
699,200,13,0.15765149146318436,True
699,200,14,0.15733204782009125,True
699,200,15,0.156342051923275,True
699,200,16,0.15679188072681427,True
699,200,17,0.16278214752674103,True
699,200,18,0.16463175415992737,True
699,200,19,0.1576123759150505,True
699,200,20,0.15654228627681732,True
699,200,21,0.15549268573522568,True
699,200,22,0.15549175441265106,True
699,200,23,0.16117282211780548,True
699,200,24,0.15908200293779373,True
699,200,25,0.15688128769397736,True
699,200,26,0.15609245747327805,True
699,200,27,0.1565227285027504,True
699,200,28,0.15549175441265106,True
699,200,29,0.1562517136335373,True
699,200,30,0.1585027202963829,True
699,200,31,0.15869177877902985,True
699,200,32,0.15715230256319046,True
699,200,33,0.1565525308251381,True
699,200,34,0.15600211918354034,True
699,200,35,0.15574228018522263,True
699,200,36,0.15672296285629272,True
699,200,37,0.15815161168575287,True
699,200,38,0.15645194798707962,True
699,200,39,0.15605147927999496,True
699,200,40,0.15574228018522263,True
699,200,41,0.15648175030946732,True
699,200,42,0.15546288341283798,True
699,200,43,0.1634424552321434,True
699,200,44,0.1674620434641838,True
699,200,45,0.1556621864438057,True
699,200,46,0.15588197857141495,True
699,200,47,0.15626195818185806,True
699,200,48,0.15567149966955185,True
699,200,49,0.1593027263879776,True
699,400,0,0.2983631566166878,True
699,400,1,0.17437245696783066,True
699,400,2,0.16571208834648132,True
699,400,3,0.1637125387787819,True
699,400,4,0.1621721312403679,True
699,400,5,0.16198214143514633,True
699,400,6,0.17138291150331497,True
699,400,7,0.16056187450885773,True
699,400,8,0.15874207019805908,True
699,400,9,0.158761627972126,True
699,400,10,0.1580817624926567,True
699,400,11,0.15929155051708221,True
699,400,12,0.1599527895450592,True
699,400,13,0.1611625775694847,True
699,400,14,0.15713181346654892,True
699,400,15,0.15825219452381134,True
699,400,16,0.15710294246673584,True
699,400,17,0.15686172991991043,True
699,400,18,0.15815254300832748,True
699,400,19,0.15970226377248764,True
699,400,20,0.15739258378744125,True
699,400,21,0.15812180936336517,True
699,400,22,0.1580324023962021,True
699,400,23,0.1569623127579689,True
699,400,24,0.16049202531576157,True
699,400,25,0.16047153621912003,True
699,400,26,0.15883240848779678,True
699,400,27,0.15786197036504745,True
699,400,28,0.15731249004602432,True
699,400,29,0.15734229236841202,True
699,400,30,0.1583220437169075,True
699,400,31,0.16093160957098007,True
699,400,32,0.16352254897356033,True
699,400,33,0.1706918701529503,True
699,400,34,0.16614235937595367,True
699,400,35,0.16371160745620728,True
699,400,36,0.15914347022771835,True
699,400,37,0.1596221700310707,True
699,400,38,0.1575816422700882,True
699,400,39,0.1568421721458435,True
699,400,40,0.15741214156150818,True
699,400,41,0.15703216195106506,True
699,400,42,0.15636160969734192,True
699,400,43,0.16473140567541122,True
699,400,44,0.1594116911292076,True
699,400,45,0.15762262046337128,True
699,400,46,0.15795230865478516,True
699,400,47,0.15725195407867432,True
699,400,48,0.15741121023893356,True
699,400,49,0.15787221491336823,True
699,800,0,0.2868538722395897,True
699,800,1,0.17883256077766418,True
699,800,2,0.17118174582719803,True
699,800,3,0.16870256513357162,True
699,800,4,0.16998127102851868,True
699,800,5,0.17091166228055954,True
699,800,6,0.16617309302091599,True
699,800,7,0.16345176845788956,True
699,800,8,0.16239192336797714,True
699,800,9,0.16395282000303268,True
699,800,10,0.1649521291255951,True
699,800,11,0.16732234507799149,True
699,800,12,0.1646634191274643,True
699,800,13,0.1703314483165741,True
699,800,14,0.16213208436965942,True
699,800,15,0.16132183372974396,True
699,800,16,0.16139168292284012,True
699,800,17,0.16223173588514328,True
699,800,18,0.16905274242162704,True
699,800,19,0.1630214974284172,True
699,800,20,0.16160216182470322,True
699,800,21,0.16114208847284317,True
699,800,22,0.16139168292284012,True
699,800,23,0.16092229634523392,True
699,800,24,0.16689300537109375,True
699,800,25,0.16251206398010254,True
699,800,26,0.1613721251487732,True
699,800,27,0.16074161976575851,True
699,800,28,0.1611923798918724,True
699,800,29,0.1612221822142601,True
699,800,30,0.16191229224205017,True
699,800,31,0.16339216381311417,True
699,800,32,0.16089342534542084,True
699,800,33,0.16096141189336777,True
699,800,34,0.16147177666425705,True
699,800,35,0.16070157289505005,True
699,800,36,0.16580242663621902,True
699,800,37,0.16365200281143188,True
699,800,38,0.16197189688682556,True
699,800,39,0.16111228615045547,True
699,800,40,0.1614028587937355,True
699,800,41,0.1619327813386917,True
699,800,42,0.16279146075248718,True
699,800,43,0.16499217599630356,True
699,800,44,0.16296282410621643,True
699,800,45,0.16124267131090164,True
699,800,46,0.16080215573310852,True
699,800,47,0.1609036698937416,True
699,800,48,0.17035193741321564,True
699,800,49,0.16346201300621033,True
699,1600,0,0.2927035093307495,True
699,1600,1,0.18803216516971588,True
699,1600,2,0.1771729439496994,True
699,1600,3,0.17233192920684814,True
699,1600,4,0.17171259969472885,True
699,1600,5,0.17041247338056564,True
699,1600,6,0.1753922551870346,True
699,1600,7,0.17215218394994736,True
699,1600,8,0.17035193741321564,True
699,1600,9,0.16836263239383698,True
699,1600,10,0.16799196600914001,True
699,1600,11,0.1679426059126854,True
699,1600,12,0.16916263848543167,True
699,1600,13,0.17013214528560638,True
699,1600,14,0.16817357391119003,True
699,1600,15,0.16762223094701767,True
699,1600,16,0.16810186207294464,True
699,1600,17,0.16673188656568527,True
699,1600,18,0.16756262630224228,True
699,1600,19,0.17166323959827423,True
699,1600,20,0.16747228801250458,True
699,1600,21,0.16701221466064453,True
699,1600,22,0.16735214740037918,True
699,1600,23,0.1673828810453415,True
699,1600,24,0.1682322472333908,True
699,1600,25,0.16908161342144012,True
699,1600,26,0.16754213720560074,True
699,1600,27,0.16667228192090988,True
699,1600,28,0.16718264669179916,True
699,1600,29,0.16671232879161835,True
699,1600,30,0.16827229410409927,True
699,1600,31,0.16920268535614014,True
699,1600,32,0.16732141375541687,True
699,1600,33,0.16713328659534454,True
699,1600,34,0.16612280160188675,True
699,1600,35,0.16668252646923065,True
699,1600,36,0.16766227781772614,True
699,1600,37,0.16882270574569702,True
699,1600,38,0.1672031357884407,True
699,1600,39,0.1674015074968338,True
699,1600,40,0.16658194363117218,True
699,1600,41,0.16710255295038223,True
699,1600,42,0.16747228801250458,True
699,1600,43,0.168483704328537,True
699,1600,44,0.1667514443397522,True
699,1600,45,0.1667821779847145,True
699,1600,46,0.1666918396949768,True
699,1600,47,0.16872305423021317,True
699,1600,48,0.16799196600914001,True
699,1600,49,0.16934145241975784,True
699,3200,0,0.3067636862397194,True
699,3200,1,0.19547343254089355,True
699,3200,2,0.18736254423856735,True
699,3200,3,0.18922239542007446,True
699,3200,4,0.1830216497182846,True
699,3200,5,0.1885928213596344,True
699,3200,6,0.1862524077296257,True
699,3200,7,0.17937272787094116,True
699,3200,8,0.18035154789686203,True
699,3200,9,0.17987191677093506,True
699,3200,10,0.17860252410173416,True
699,3200,11,0.18012244254350662,True
699,3200,12,0.18074177205562592,True
699,3200,13,0.17888285219669342,True
699,3200,14,0.17839204519987106,True
699,3200,15,0.17899181693792343,True
699,3200,16,0.17914362251758575,True
699,3200,17,0.1859515905380249,True
699,3200,18,0.18311291933059692,True
699,3200,19,0.17834268510341644,True
699,3200,20,0.17991196364164352,True
699,3200,21,0.17858296632766724,True
699,3200,22,0.17891265451908112,True
699,3200,23,0.18073152750730515,True
699,3200,24,0.17915386706590652,True
699,3200,25,0.17807167023420334,True
699,3200,26,0.18354319036006927,True
699,3200,27,0.18803216516971588,True
699,3200,28,0.18725264817476273,True
699,3200,29,0.17899181693792343,True
699,3200,30,0.17818249762058258,True
699,3200,31,0.1782430335879326,True
699,3200,32,0.1779915764927864,True
699,3200,33,0.17879251390695572,True
699,3200,34,0.18006283789873123,True
699,3200,35,0.17853174358606339,True
699,3200,36,0.17759203910827637,True
699,3200,37,0.17786305397748947,True
699,3200,38,0.17796270549297333,True
699,3200,39,0.17988216131925583,True
699,3200,40,0.17896294593811035,True
699,3200,41,0.1783221960067749,True
699,3200,42,0.1776115968823433,True
699,3200,43,0.17745327204465866,True
699,3200,44,0.17895177006721497,True
699,3200,45,0.18058158457279205,True
699,3200,46,0.17811357975006104,True
699,3200,47,0.1816125586628914,True
699,3200,48,0.17707329243421555,True
699,3200,49,0.17741136252880096,True
699,6400,0,0.35172421485185623,True
699,6400,1,0.2201935276389122,True
699,6400,2,0.21248310804367065,True
699,6400,3,0.21733343601226807,True
699,6400,4,0.20808354020118713,True
699,6400,5,0.20645186305046082,True
699,6400,6,0.20632334053516388,True
699,6400,7,0.22408273071050644,True
699,6400,8,0.2055130898952484,True
699,6400,9,0.20452216267585754,True
699,6400,10,0.20389165729284286,True
699,6400,11,0.20488258451223373,True
699,6400,12,0.21230336278676987,True
699,6400,13,0.205271877348423,True
699,6400,14,0.20398292690515518,True
699,6400,15,0.202973373234272,True
699,6400,16,0.2072332426905632,True
699,6400,17,0.21797232329845428,True
699,6400,18,0.21162256598472595,True
699,6400,19,0.21156296133995056,True
699,6400,20,0.20392239093780518,True
699,6400,21,0.20848214626312256,True
699,6400,22,0.20500365644693375,True
699,6400,23,0.20514242351055145,True
699,6400,24,0.20574219524860382,True
699,6400,25,0.20752288401126862,True
699,6400,26,0.20317360758781433,True
699,6400,27,0.21135341376066208,True
699,6400,28,0.20333193242549896,True
699,6400,29,0.20322296768426895,True
699,6400,30,0.20320340991020203,True
699,6400,31,0.20815245807170868,True
699,6400,32,0.2047121524810791,True
699,6400,33,0.2027628943324089,True
699,6400,34,0.20254310220479965,True
699,6400,35,0.20271167159080505,True
699,6400,36,0.20323321223258972,True
699,6400,37,0.2041831612586975,True
699,6400,38,0.20347163081169128,True
699,6400,39,0.203622505068779,True
699,6400,40,0.20636338740587234,True
699,6400,41,0.20408164709806442,True
699,6400,42,0.20467303693294525,True
699,6400,43,0.20402297377586365,True
699,6400,44,0.20214170217514038,True
699,6400,45,0.2025226131081581,True
699,6400,46,0.20382367074489594,True
699,6400,47,0.20363274961709976,True
699,6400,48,0.20186230540275574,True
699,6400,49,0.20227301865816116,True
699,10000,0,0.3791041672229767,True
699,10000,1,0.24566426873207092,True
699,10000,2,0.23793242871761322,True
699,10000,3,0.23899320513010025,True
699,10000,4,0.23417267948389053,True
699,10000,5,0.23145321756601334,True
699,10000,6,0.23540295660495758,True
699,10000,7,0.23133307695388794,True
699,10000,8,0.2414928749203682,True
699,10000,9,0.22919289767742157,True
699,10000,10,0.2291230484843254,True
699,10000,11,0.23618340492248535,True
699,10000,12,0.23379269987344742,True
699,10000,13,0.22908300161361694,True
699,10000,14,0.22880267351865768,True
699,10000,15,0.22863317281007767,True
699,10000,16,0.23017264902591705,True
699,10000,17,0.2304641529917717,True
699,10000,18,0.22922363132238388,True
699,10000,19,0.22833328694105148,True
699,10000,20,0.22858288139104843,True
699,10000,21,0.2376129850745201,True
699,10000,22,0.22941268980503082,True
699,10000,23,0.2286229282617569,True
699,10000,24,0.22820290178060532,True
699,10000,25,0.22988300770521164,True
699,10000,26,0.2346821129322052,True
699,10000,27,0.2305731177330017,True
699,10000,28,0.2277633175253868,True
699,10000,29,0.22920314222574234,True
699,10000,30,0.23133307695388794,True
699,10000,31,0.2283034846186638,True
699,10000,32,0.2278527244925499,True
699,10000,33,0.22759288549423218,True
699,10000,34,0.2361927181482315,True
699,10000,35,0.2284431830048561,True
699,10000,36,0.22807344794273376,True
699,10000,37,0.22839289158582687,True
699,10000,38,0.2296632155776024,True
699,10000,39,0.22979266941547394,True
699,10000,40,0.22812280803918839,True
699,10000,41,0.2282131463289261,True
699,10000,42,0.22920221090316772,True
699,10000,43,0.23070257157087326,True
699,10000,44,0.23277290165424347,True
699,10000,45,0.2286229282617569,True
699,10000,46,0.22840313613414764,True
699,10000,47,0.23454241454601288,True
699,10000,48,0.2287132665514946,True
699,10000,49,0.227462500333786,True
600,1,0,0.24547334760427475,True
600,1,1,0.14165136963129044,True
600,1,2,0.1359516754746437,True
600,1,3,0.1316424459218979,True
600,1,4,0.12999027967453003,True
600,1,5,0.1298617571592331,True
600,1,6,0.13020168989896774,True
600,1,7,0.12810248881578445,True
600,1,8,0.12718141078948975,True
600,1,9,0.13041216880083084,True
600,1,10,0.13206247240304947,True
600,1,11,0.13144128024578094,True
600,1,12,0.12813135981559753,True
600,1,13,0.13446155935525894,True
600,1,14,0.1264326274394989,True
600,1,15,0.12718047946691513,True
600,1,16,0.12660212814807892,True
600,1,17,0.12614205479621887,True
600,1,18,0.1267511397600174,True
600,1,19,0.12680236250162125,True
600,1,20,0.131361186504364,True
600,1,21,0.12840144336223602,True
600,1,22,0.12624170631170273,True
600,1,23,0.12583192437887192,True
600,1,24,0.1263907179236412,True
600,1,25,0.12804195284843445,True
600,1,26,0.12647267431020737,True
600,1,27,0.1262212172150612,True
600,1,28,0.12698210775852203,True
600,1,29,0.12769177556037903,True
600,1,30,0.12637116014957428,True
600,1,31,0.12516137212514877,True
600,1,32,0.1253020018339157,True
600,1,33,0.12986082583665848,True
600,1,34,0.12606196105480194,True
600,1,35,0.1253020018339157,True
600,1,36,0.12630131095647812,True
600,1,37,0.1276126131415367,True
600,1,38,0.12520235031843185,True
600,1,39,0.12550130486488342,True
600,1,40,0.12494251132011414,True
600,1,41,0.12526195496320724,True
600,1,42,0.12544076889753342,True
600,1,43,0.12553203850984573,True
600,1,44,0.12793205678462982,True
600,1,45,0.1274310052394867,True
600,1,46,0.12796185910701752,True
600,1,47,0.12668222188949585,True
600,1,48,0.12535043060779572,True
600,1,49,0.12510176748037338,True
600,2,0,0.23547280579805374,True
600,2,1,0.14245230704545975,True
600,2,2,0.13520196080207825,True
600,2,3,0.13766251504421234,True
600,2,4,0.14063064008951187,True
600,2,5,0.13721175491809845,True
600,2,6,0.12924149632453918,True
600,2,7,0.1285318285226822,True
600,2,8,0.13384036719799042,True
600,2,9,0.12810155749320984,True
600,2,10,0.1277616247534752,True
600,2,11,0.12930110096931458,True
600,2,12,0.131191685795784,True
600,2,13,0.12777186930179596,True
600,2,14,0.12783147394657135,True
600,2,15,0.12732017785310745,True
600,2,16,0.12701191008090973,True
600,2,17,0.12734252959489822,True
600,2,18,0.13152044266462326,True
600,2,19,0.12877210974693298,True
600,2,20,0.12962240725755692,True
600,2,21,0.1274608075618744,True
600,2,22,0.12691132724285126,True
600,2,23,0.12706220149993896,True
600,2,24,0.12710131704807281,True
600,2,25,0.12711156159639359,True
600,2,26,0.1269318163394928,True
600,2,27,0.1281406730413437,True
600,2,28,0.129002146422863,True
600,2,29,0.1270221546292305,True
600,2,30,0.12649130076169968,True
600,2,31,0.125981867313385,True
600,2,32,0.12742262333631516,True
600,2,33,0.12679211795330048,True
600,2,34,0.13022124767303467,True
600,2,35,0.13581197708845139,True
600,2,36,0.12843217700719833,True
600,2,37,0.12677069753408432,True
600,2,38,0.12692157179117203,True
600,2,39,0.12623239308595657,True
600,2,40,0.12644100934267044,True
600,2,41,0.12645218521356583,True
600,2,42,0.13145245611667633,True
600,2,43,0.12895092368125916,True
600,2,44,0.12639258056879044,True
600,2,45,0.12643169611692429,True
600,2,46,0.1267809420824051,True
600,2,47,0.12712180614471436,True
600,2,48,0.12691225856542587,True
600,2,49,0.12681074440479279,True
600,4,0,0.2340627834200859,True
600,4,1,0.1463117077946663,True
600,4,2,0.13704225420951843,True
600,4,3,0.13512186706066132,True
600,4,4,0.13344082981348038,True
600,4,5,0.1319916918873787,True
600,4,6,0.13162195682525635,True
600,4,7,0.1315521076321602,True
600,4,8,0.13342034071683884,True
600,4,9,0.13194140046834946,True
600,4,10,0.1304224133491516,True
600,4,11,0.12979190796613693,True
600,4,12,0.12911111116409302,True
600,4,13,0.12969225645065308,True
600,4,14,0.12979283928871155,True
600,4,15,0.130421482026577,True
600,4,16,0.13135187327861786,True
600,4,17,0.12960191816091537,True
600,4,18,0.129050575196743,True
600,4,19,0.1288820058107376,True
600,4,20,0.12884195894002914,True
600,4,21,0.13434235006570816,True
600,4,22,0.13004150241613388,True
600,4,23,0.1361016184091568,True
600,4,24,0.13009179383516312,True
600,4,25,0.12904126197099686,True
600,4,26,0.12793205678462982,True
600,4,27,0.1291520893573761,True
600,4,28,0.12879259884357452,True
600,4,29,0.1286407932639122,True
600,4,30,0.12947246432304382,True
600,4,31,0.13106223195791245,True
600,4,32,0.12853089720010757,True
600,4,33,0.12893136590719223,True
600,4,34,0.128941610455513,True
600,4,35,0.12932252138853073,True
600,4,36,0.1285811886191368,True
600,4,37,0.12893229722976685,True
600,4,38,0.13027247041463852,True
600,4,39,0.131131149828434,True
600,4,40,0.13304129242897034,True
600,4,41,0.1291213557124138,True
600,4,42,0.1289723441004753,True
600,4,43,0.13226084411144257,True
600,4,44,0.13229157775640488,True
600,4,45,0.12870226055383682,True
600,4,46,0.13636238873004913,True
600,4,47,0.12919120490550995,True
600,4,48,0.1287423074245453,True
600,4,49,0.1287618651986122,True
600,8,0,0.24568475782871246,True
600,8,1,0.14691147953271866,True
600,8,2,0.139712356030941,True
600,8,3,0.13677217066287994,True
600,8,4,0.13523176312446594,True
600,8,5,0.13990234583616257,True
600,8,6,0.13596098870038986,True
600,8,7,0.1335320994257927,True
600,8,8,0.13229157775640488,True
600,8,9,0.13198144733905792,True
600,8,10,0.13191159814596176,True
600,8,11,0.13149157166481018,True
600,8,12,0.13160239905118942,True
600,8,13,0.13954192399978638,True
600,8,14,0.1339111477136612,True
600,8,15,0.13330206274986267,True
600,8,16,0.13440195471048355,True
600,8,17,0.13091228902339935,True
600,8,18,0.131131149828434,True
600,8,19,0.13198237866163254,True
600,8,20,0.1327022910118103,True
600,8,21,0.1341821625828743,True
600,8,22,0.13233069330453873,True
600,8,23,0.13144221156835556,True
600,8,24,0.13112183660268784,True
600,8,25,0.13112183660268784,True
600,8,26,0.13177096843719482,True
600,8,27,0.13070274144411087,True
600,8,28,0.13224221765995026,True
600,8,29,0.13385247439146042,True
600,8,30,0.13124104589223862,True
600,8,31,0.13144221156835556,True
600,8,32,0.13153161853551865,True
600,8,33,0.13112183660268784,True
600,8,34,0.13206154108047485,True
600,8,35,0.135921873152256,True
600,8,36,0.1330627128481865,True
600,8,37,0.13159215450286865,True
600,8,38,0.13084150850772858,True
600,8,39,0.13160239905118942,True
600,8,40,0.1311013475060463,True
600,8,41,0.13081077486276627,True
600,8,42,0.1308312639594078,True
600,8,43,0.13514142483472824,True
600,8,44,0.14592241495847702,True
600,8,45,0.13212207704782486,True
600,8,46,0.13174116611480713,True
600,8,47,0.1315716654062271,True
600,8,48,0.13132207095623016,True
600,8,49,0.1308005303144455,True
600,16,0,0.24839304387569427,True
600,16,1,0.15025213360786438,True
600,16,2,0.14386232942342758,True
600,16,3,0.13940222561359406,True
600,16,4,0.1376122236251831,True
600,16,5,0.1371614634990692,True
600,16,6,0.14032237231731415,True
600,16,7,0.1395018771290779,True
600,16,8,0.14253240078687668,True
600,16,9,0.1375516876578331,True
600,16,10,0.13800151646137238,True
600,16,11,0.13455096632242203,True
600,16,12,0.13457238674163818,True
600,16,13,0.13465248048305511,True
600,16,14,0.13397261500358582,True
600,16,15,0.13785157352685928,True
600,16,16,0.13679079711437225,True
600,16,17,0.13345200568437576,True
600,16,18,0.13555213809013367,True
600,16,19,0.13386178761720657,True
600,16,20,0.13298075646162033,True
600,16,21,0.1327022910118103,True
600,16,22,0.13274140655994415,True
600,16,23,0.13879220932722092,True
600,16,24,0.13547111302614212,True
600,16,25,0.13334210962057114,True
600,16,26,0.1350725069642067,True
600,16,27,0.13685133308172226,True
600,16,28,0.13315118849277496,True
600,16,29,0.13239216059446335,True
600,16,30,0.13425201177597046,True
600,16,31,0.13497192412614822,True
600,16,32,0.13354234397411346,True
600,16,33,0.1324610784649849,True
600,16,34,0.1323828473687172,True
600,16,35,0.1325216144323349,True
600,16,36,0.13268180191516876,True
600,16,37,0.1327209174633026,True
600,16,38,0.1398921012878418,True
600,16,39,0.13396237045526505,True
600,16,40,0.13275258243083954,True
600,16,41,0.1320214942097664,True
600,16,42,0.1331418752670288,True
600,16,43,0.1320820301771164,True
600,16,44,0.13313256204128265,True
600,16,45,0.13383105397224426,True
600,16,46,0.13544224202632904,True
600,16,47,0.1329723745584488,True
600,16,48,0.1332620158791542,True
600,16,49,0.13315118849277496,True
600,32,0,0.25085266679525375,True
600,32,1,0.15130173414945602,True
600,32,2,0.1445617526769638,True
600,32,3,0.14020223170518875,True
600,32,4,0.13996195048093796,True
600,32,5,0.14266185462474823,True
600,32,6,0.1416914165019989,True
600,32,7,0.13857241719961166,True
600,32,8,0.1371912658214569,True
600,32,9,0.13765227049589157,True
600,32,10,0.1369621604681015,True
600,32,11,0.13722199946641922,True
600,32,12,0.14037173241376877,True
600,32,13,0.14301203191280365,True
600,32,14,0.1363009214401245,True
600,32,15,0.1360718160867691,True
600,32,16,0.13555213809013367,True
600,32,17,0.13598240911960602,True
600,32,18,0.13546273112297058,True
600,32,19,0.14170166105031967,True
600,32,20,0.13887230306863785,True
600,32,21,0.13837125152349472,True
600,32,22,0.143381766974926,True
600,32,23,0.13610254973173141,True
600,32,24,0.1354822888970375,True
600,32,25,0.1346813514828682,True
600,32,26,0.13526156544685364,True
600,32,27,0.141192227602005,True
600,32,28,0.13748183846473694,True
600,32,29,0.13580173254013062,True
600,32,30,0.1352410763502121,True
600,32,31,0.13515260070562363,True
600,32,32,0.13454165309667587,True
600,32,33,0.13475213199853897,True
600,32,34,0.13594143092632294,True
600,32,35,0.13658124953508377,True
600,32,36,0.13466179370880127,True
600,32,37,0.1348322257399559,True
600,32,38,0.13474095612764359,True
600,32,39,0.1343321055173874,True
600,32,40,0.13526156544685364,True
600,32,41,0.1398315653204918,True
600,32,42,0.13725180178880692,True
600,32,43,0.13492070138454437,True
600,32,44,0.14133192598819733,True
600,32,45,0.13565178960561752,True
600,32,46,0.13534165918827057,True
600,32,47,0.13458263128995895,True
600,32,48,0.13470184057950974,True
600,32,49,0.1365412026643753,True
600,64,0,0.2585640177130699,True
600,64,1,0.15953276306390762,True
600,64,2,0.14739204198122025,True
600,64,3,0.14364253729581833,True
600,64,4,0.1432625576853752,True
600,64,5,0.14155078679323196,True
600,64,6,0.14015194028615952,True
600,64,7,0.14870241284370422,True
600,64,8,0.14044251292943954,True
600,64,9,0.14041177928447723,True
600,64,10,0.13914238661527634,True
600,64,11,0.13954192399978638,True
600,64,12,0.13889186084270477,True
600,64,13,0.13753119856119156,True
600,64,14,0.14088116586208344,True
600,64,15,0.14192145317792892,True
600,64,16,0.13994239270687103,True
600,64,17,0.14056172221899033,True
600,64,18,0.1383516937494278,True
600,64,19,0.1388518139719963,True
600,64,20,0.13904087245464325,True
600,64,21,0.1398017629981041,True
600,64,22,0.14065206050872803,True
600,64,23,0.13793166726827621,True
600,64,24,0.13772211968898773,True
600,64,25,0.13825111091136932,True
600,64,26,0.1389719545841217,True
600,64,27,0.13827160000801086,True
600,64,28,0.1453319564461708,True
600,64,29,0.14109164476394653,True
600,64,30,0.1382920891046524,True
600,64,31,0.13818219304084778,True
600,64,32,0.13816077262163162,True
600,64,33,0.13811234384775162,True
600,64,34,0.13797171413898468,True
600,64,35,0.1398921012878418,True
600,64,36,0.1415414735674858,True
600,64,37,0.14083273708820343,True
600,64,38,0.13838056474924088,True
600,64,39,0.1376420259475708,True
600,64,40,0.13790279626846313,True
600,64,41,0.13821199536323547,True
600,64,42,0.13957172632217407,True
600,64,43,0.14106184244155884,True
600,64,44,0.1382017508149147,True
600,64,45,0.1374315470457077,True
600,64,46,0.13819150626659393,True
600,64,47,0.13802200555801392,True
600,64,48,0.13794191181659698,True
600,64,49,0.143442302942276,True
600,100,0,0.2629123628139496,True
600,100,1,0.1555727794766426,True
600,100,2,0.146402046084404,True
600,100,3,0.1450721174478531,True
600,100,4,0.1432318240404129,True
600,100,5,0.14142226427793503,True
600,100,6,0.14150235801935196,True
600,100,7,0.14312192797660828,True
600,100,8,0.14046113938093185,True
600,100,9,0.1403018832206726,True
600,100,10,0.13945158571004868,True
600,100,11,0.13961177319288254,True
600,100,12,0.13922248035669327,True
600,100,13,0.13978220522403717,True
600,100,14,0.140361487865448,True
600,100,15,0.1385509967803955,True
600,100,16,0.13855192810297012,True
600,100,17,0.13928208500146866,True
600,100,18,0.13920199126005173,True
600,100,19,0.13863202184438705,True
600,100,20,0.13997219502925873,True
600,100,21,0.14112144708633423,True
600,100,22,0.13851094990968704,True
600,100,23,0.13799220323562622,True
600,100,24,0.13843178749084473,True
600,100,25,0.13898219913244247,True
600,100,26,0.1380816102027893,True
600,100,27,0.1405905932188034,True
600,100,28,0.14213193207979202,True
600,100,29,0.13883225619792938,True
600,100,30,0.13825204223394394,True
600,100,31,0.13777241110801697,True
600,100,32,0.14106184244155884,True
600,100,33,0.13821106404066086,True
600,100,34,0.13922248035669327,True
600,100,35,0.1399517059326172,True
600,100,36,0.13952143490314484,True
600,100,37,0.14016218483448029,True
600,100,38,0.13849232345819473,True
600,100,39,0.13800058513879776,True
600,100,40,0.1380816102027893,True
600,100,41,0.14322251081466675,True
600,100,42,0.1405421644449234,True
600,100,43,0.1388518139719963,True
600,100,44,0.1381421461701393,True
600,100,45,0.13797171413898468,True
600,100,46,0.13815145939588547,True
600,100,47,0.1377323642373085,True
600,100,48,0.13784226030111313,True
600,100,49,0.13973284512758255,True
600,200,0,0.25675445795059204,True
600,200,1,0.15908200293779373,True
600,200,2,0.14822185039520264,True
600,200,3,0.14970172196626663,True
600,200,4,0.14733243733644485,True
600,200,5,0.14339201152324677,True
600,200,6,0.14327280223369598,True
600,200,7,0.14262180775403976,True
600,200,8,0.14253053814172745,True
600,200,9,0.14170166105031967,True
600,200,10,0.14186184853315353,True
600,200,11,0.14348141849040985,True
600,200,12,0.14109257608652115,True
600,200,13,0.1402115449309349,True
600,200,14,0.14245230704545975,True
600,200,15,0.13915076851844788,True
600,200,16,0.13985205441713333,True
600,200,17,0.14106184244155884,True
600,200,18,0.1417025923728943,True
600,200,19,0.14035217463970184,True
600,200,20,0.1408914104104042,True
600,200,21,0.14052260667085648,True
600,200,22,0.13981107622385025,True
600,200,23,0.13981200754642487,True
600,200,24,0.1411018893122673,True
600,200,25,0.14183204621076584,True
600,200,26,0.14026183634996414,True
600,200,27,0.13934262096881866,True
600,200,28,0.13993214815855026,True
600,200,29,0.13969093561172485,True
600,200,30,0.13883225619792938,True
600,200,31,0.15458278357982635,True
600,200,32,0.1525823026895523,True
600,200,33,0.1417519524693489,True
600,200,34,0.13976171612739563,True
600,200,35,0.13943202793598175,True
600,200,36,0.13945158571004868,True
600,200,37,0.1398921012878418,True
600,200,38,0.1407414674758911,True
600,200,39,0.14121271669864655,True
600,200,40,0.13981200754642487,True
600,200,41,0.1392420381307602,True
600,200,42,0.13943202793598175,True
600,200,43,0.13938173651695251,True
600,200,44,0.13939104974269867,True
600,200,45,0.14374218881130219,True
600,200,46,0.14241132885217667,True
600,200,47,0.139651820063591,True
600,200,48,0.13943202793598175,True
600,200,49,0.13898219913244247,True
600,400,0,0.24961307644844055,True
600,400,1,0.1575220376253128,True
600,400,2,0.15019159764051437,True
600,400,3,0.14698226004838943,True
600,400,4,0.14458224177360535,True
600,400,5,0.14386139810085297,True
600,400,6,0.1443624496459961,True
600,400,7,0.14318153262138367,True
600,400,8,0.15072152018547058,True
600,400,9,0.1432020217180252,True
600,400,10,0.14170166105031967,True
600,400,11,0.14209095388650894,True
600,400,12,0.1406017690896988,True
600,400,13,0.14239270240068436,True
600,400,14,0.1540621742606163,True
600,400,15,0.14431215822696686,True
600,400,16,0.14169234782457352,True
600,400,17,0.14151260256767273,True
600,400,18,0.141022726893425,True
600,400,19,0.1414921134710312,True
600,400,20,0.14104042202234268,True
600,400,21,0.1467820256948471,True
600,400,22,0.14387257397174835,True
600,400,23,0.14096125960350037,True
600,400,24,0.14077220112085342,True
600,400,25,0.14073215425014496,True
600,400,26,0.1403922215104103,True
600,400,27,0.14093145728111267,True
600,400,28,0.14189258217811584,True
600,400,29,0.14813151210546494,True
600,400,30,0.14117173850536346,True
600,400,31,0.14090165495872498,True
600,400,32,0.14055147767066956,True
600,400,33,0.14452170580625534,True
600,400,34,0.1410422846674919,True
600,400,35,0.14639273285865784,True
600,400,36,0.144151970744133,True
600,400,37,0.14158152043819427,True
600,400,38,0.1413123682141304,True
600,400,39,0.1413123682141304,True
600,400,40,0.14109164476394653,True
600,400,41,0.14043226838111877,True
600,400,42,0.14120154082775116,True
600,400,43,0.14837179332971573,True
600,400,44,0.1437608152627945,True
600,400,45,0.14097243547439575,True
600,400,46,0.14077220112085342,True
600,400,47,0.14080200344324112,True
600,400,48,0.14068186283111572,True
600,400,49,0.151011161506176,True
600,800,0,0.26375241577625275,True
600,800,1,0.1596519723534584,True
600,800,2,0.154091976583004,True
600,800,3,0.1558121293783188,True
600,800,4,0.14821160584688187,True
600,800,5,0.14967191964387894,True
600,800,6,0.1474618911743164,True
600,800,7,0.14704279601573944,True
600,800,8,0.14620181173086166,True
600,800,9,0.15275180339813232,True
600,800,10,0.14822185039520264,True
600,800,11,0.1460416242480278,True
600,800,12,0.1457221806049347,True
600,800,13,0.14537200331687927,True
600,800,14,0.14576222747564316,True
600,800,15,0.14485139399766922,True
600,800,16,0.14586281031370163,True
600,800,17,0.14741253107786179,True
600,800,18,0.14519132673740387,True
600,800,19,0.1443326473236084,True
600,800,20,0.15346147119998932,True
600,800,21,0.14584138989448547,True
600,800,22,0.14452263712882996,True
600,800,23,0.1535620540380478,True
600,800,24,0.14735199511051178,True
600,800,25,0.14515221118927002,True
600,800,26,0.14531146734952927,True
600,800,27,0.14514196664094925,True
600,800,28,0.14582183212041855,True
600,800,29,0.14759227633476257,True
600,800,30,0.14723185449838638,True
600,800,31,0.14461204409599304,True
600,800,32,0.14488212764263153,True
600,800,33,0.1448504626750946,True
600,800,34,0.14425162225961685,True
600,800,35,0.14411192387342453,True
600,800,36,0.14567188918590546,True
600,800,37,0.1466618850827217,True
600,800,38,0.1446520909667015,True
600,800,39,0.14419201761484146,True
600,800,40,0.14399271458387375,True
600,800,41,0.14426186680793762,True
600,800,42,0.14403276145458221,True
600,800,43,0.14585163444280624,True
600,800,44,0.14749262481927872,True
600,800,45,0.14492124319076538,True
600,800,46,0.14454219490289688,True
600,800,47,0.14463253319263458,True
600,800,48,0.14408212155103683,True
600,800,49,0.144321471452713,True
600,1600,0,0.2539828419685364,True
600,1600,1,0.1661619171500206,True
600,1600,2,0.15743356198072433,True
600,1600,3,0.1556621864438057,True
600,1600,4,0.15675276517868042,True
600,1600,5,0.15321187674999237,True
600,1600,6,0.15080254524946213,True
600,1600,7,0.15150196850299835,True
600,1600,8,0.15094131231307983,True
600,1600,9,0.1503918319940567,True
600,1600,10,0.15497207641601562,True
600,1600,11,0.15214178711175919,True
600,1600,12,0.15043187886476517,True
600,1600,13,0.15065167099237442,True
600,1600,14,0.14993175864219666,True
600,1600,15,0.14985166490077972,True
600,1600,16,0.1512225717306137,True
600,1600,17,0.15144143253564835,True
600,1600,18,0.15004165470600128,True
600,1600,19,0.15594158321619034,True
600,1600,20,0.14941208064556122,True
600,1600,21,0.15028193593025208,True
600,1600,22,0.14953222125768661,True
600,1600,23,0.15148241072893143,True
600,1600,24,0.153382308781147,True
600,1600,25,0.1526111736893654,True
600,1600,26,0.14931242913007736,True
600,1600,27,0.14955177903175354,True
600,1600,28,0.14990195631980896,True
600,1600,29,0.15420187264680862,True
600,1600,30,0.15251152217388153,True
600,1600,31,0.14962255954742432,True
600,1600,32,0.14988146722316742,True
600,1600,33,0.14919135719537735,True
600,1600,34,0.14948192983865738,True
600,1600,35,0.148882158100605,True
600,1600,36,0.15053153038024902,True
600,1600,37,0.15697162598371506,True
600,1600,38,0.14999229460954666,True
600,1600,39,0.16325246542692184,True
600,1600,40,0.14928169548511505,True
600,1600,41,0.1535024493932724,True
600,1600,42,0.1491215080022812,True
600,1600,43,0.15655159950256348,True
600,1600,44,0.15312246978282928,True
600,1600,45,0.1508919522166252,True
600,1600,46,0.14990195631980896,True
600,1600,47,0.14916248619556427,True
600,1600,48,0.14934036880731583,True
600,1600,49,0.15061162412166595,True
600,3200,0,0.26914384216070175,True
600,3200,1,0.17737224698066711,True
600,3200,2,0.17068255692720413,True
600,3200,3,0.16854237765073776,True
600,3200,4,0.1678522676229477,True
600,3200,5,0.1647723838686943,True
600,3200,6,0.16476120799779892,True
600,3200,7,0.16313232481479645,True
600,3200,8,0.1679016277194023,True
600,3200,9,0.16426295042037964,True
600,3200,10,0.16892235726118088,True
600,3200,11,0.1682322472333908,True
600,3200,12,0.16222242265939713,True
600,3200,13,0.16641244292259216,True
600,3200,14,0.16283243894577026,True
600,3200,15,0.1635029911994934,True
600,3200,16,0.16804225742816925,True
600,3200,17,0.1630326732993126,True
600,3200,18,0.16271136701107025,True
600,3200,19,0.16241148114204407,True
600,3200,20,0.1619616523385048,True
600,3200,21,0.16762316226959229,True
600,3200,22,0.16579218208789825,True
600,3200,23,0.16232207417488098,True
600,3200,24,0.16207154840230942,True
600,3200,25,0.16245245933532715,True
600,3200,26,0.16514118760824203,True
600,3200,27,0.163152813911438,True
600,3200,28,0.17006229609251022,True
600,3200,29,0.1624617725610733,True
600,3200,30,0.16211159527301788,True
600,3200,31,0.1624617725610733,True
600,3200,32,0.1622922718524933,True
600,3200,33,0.16230344772338867,True
600,3200,34,0.17205160111188889,True
600,3200,35,0.16274210065603256,True
600,3200,36,0.16198214143514633,True
600,3200,37,0.1629423350095749,True
600,3200,38,0.16250181943178177,True
600,3200,39,0.16179122030735016,True
600,3200,40,0.16357284039258957,True
600,3200,41,0.16410183161497116,True
600,3200,42,0.16182195395231247,True
600,3200,43,0.16191136091947556,True
600,3200,44,0.16188155859708786,True
600,3200,45,0.16209203749895096,True
600,3200,46,0.16259215772151947,True
600,3200,47,0.16390345990657806,True
600,3200,48,0.16158167272806168,True
600,3200,49,0.1614214852452278,True
600,6400,0,0.3028642386198044,True
600,6400,1,0.20908284932374954,True
600,6400,2,0.19487272948026657,True
600,6400,3,0.1902719959616661,True
600,6400,4,0.189952552318573,True
600,6400,5,0.18918141722679138,True
600,6400,6,0.18941331654787064,True
600,6400,7,0.18910132348537445,True
600,6400,8,0.18775276839733124,True
600,6400,9,0.18707197159528732,True
600,6400,10,0.1864628866314888,True
600,6400,11,0.18590223044157028,True
600,6400,12,0.1933528110384941,True
600,6400,13,0.18763262778520584,True
600,6400,14,0.18926244229078293,True
600,6400,15,0.19263289868831635,True
600,6400,16,0.186162069439888,True
600,6400,17,0.1867525279521942,True
600,6400,18,0.18717162311077118,True
600,6400,19,0.18565263599157333,True
600,6400,20,0.1849820837378502,True
600,6400,21,0.18561352044343948,True
600,6400,22,0.18600188195705414,True
600,6400,23,0.18623284995555878,True
600,6400,24,0.1858016476035118,True
600,6400,25,0.18506310880184174,True
600,6400,26,0.18485262989997864,True
600,6400,27,0.1940326765179634,True
600,6400,28,0.19392184913158417,True
600,6400,29,0.18669292330741882,True
600,6400,30,0.18528196960687637,True
600,6400,31,0.18511246889829636,True
600,6400,32,0.185282900929451,True
600,6400,33,0.1863120123744011,True
600,6400,34,0.18782354891300201,True
600,6400,35,0.18560141324996948,True
600,6400,36,0.1852530986070633,True
600,6400,37,0.18559210002422333,True
600,6400,38,0.18601305782794952,True
600,6400,39,0.18677208572626114,True
600,6400,40,0.18540211021900177,True
600,6400,41,0.18650386482477188,True
600,6400,42,0.18493272364139557,True
600,6400,43,0.18496345728635788,True
600,6400,44,0.1886226236820221,True
600,6400,45,0.18704310059547424,True
600,6400,46,0.1851515844464302,True
600,6400,47,0.18535275012254715,True
600,6400,48,0.18565170466899872,True
600,6400,49,0.18629338592290878,True
600,10000,0,0.32982416450977325,True
600,10000,1,0.2254936844110489,True
600,10000,2,0.21784286946058273,True
600,10000,3,0.214393250644207,True
600,10000,4,0.2152230590581894,True
600,10000,5,0.2150135114789009,True
600,10000,6,0.21281186491250992,True
600,10000,7,0.21275319159030914,True
600,10000,8,0.21315272897481918,True
600,10000,9,0.22083334624767303,True
600,10000,10,0.21292269229888916,True
600,10000,11,0.21288171410560608,True
600,10000,12,0.21198298782110214,True
600,10000,13,0.2132924273610115,True
600,10000,14,0.21608266979455948,True
600,10000,15,0.22381264716386795,True
600,10000,16,0.21225307136774063,True
600,10000,17,0.21116342395544052,True
600,10000,18,0.2141520380973816,True
600,10000,19,0.2138931304216385,True
600,10000,20,0.2112528309226036,True
600,10000,21,0.21065305918455124,True
600,10000,22,0.21177250891923904,True
600,10000,23,0.21984335035085678,True
600,10000,24,0.21189264953136444,True
600,10000,25,0.2109026536345482,True
600,10000,26,0.21088309586048126,True
600,10000,27,0.2125222235918045,True
600,10000,28,0.2125222235918045,True
600,10000,29,0.21110288798809052,True
600,10000,30,0.21100323647260666,True
600,10000,31,0.21135248243808746,True
600,10000,32,0.2147415652871132,True
600,10000,33,0.21323282271623611,True
600,10000,34,0.21162349730730057,True
600,10000,35,0.21064281463623047,True
600,10000,36,0.21091289818286896,True
600,10000,37,0.21247193217277527,True
600,10000,38,0.2117333933711052,True
600,10000,39,0.2107834443449974,True
600,10000,40,0.21079275757074356,True
600,10000,41,0.21611247211694717,True
600,10000,42,0.21438207477331161,True
600,10000,43,0.21126307547092438,True
600,10000,44,0.21322257816791534,True
600,10000,45,0.2109026536345482,True
600,10000,46,0.21216366440057755,True
600,10000,47,0.21363236010074615,True
600,10000,48,0.2110833302140236,True
600,10000,49,0.21044351160526276,True
501,1,0,0.2169329673051834,True
501,1,1,0.12894067913293839,True
501,1,2,0.12139230966567993,True
501,1,3,0.11807214468717575,True
501,1,4,0.11662114411592484,True
501,1,5,0.11632218956947327,True
501,1,6,0.11562090367078781,True
501,1,7,0.11612195521593094,True
501,1,8,0.11403020471334457,True
501,1,9,0.11405255645513535,True
501,1,10,0.11353101581335068,True
501,1,11,0.11407211422920227,True
501,1,12,0.11272076517343521,True
501,1,13,0.11266209185123444,True
501,1,14,0.11238083243370056,True
501,1,15,0.11419225484132767,True
501,1,16,0.11535082012414932,True
501,1,17,0.11222250759601593,True
501,1,18,0.11267047375440598,True
501,1,19,0.11231191456317902,True
501,1,20,0.11212099343538284,True
501,1,21,0.11878181248903275,True
501,1,22,0.11218152940273285,True
501,1,23,0.1174313947558403,True
501,1,24,0.11547096073627472,True
501,1,25,0.11268258094787598,True
501,1,26,0.11155102401971817,True
501,1,27,0.11225230991840363,True
501,1,28,0.11149141937494278,True
501,1,29,0.11200178414583206,True
501,1,30,0.11354126036167145,True
501,1,31,0.1124916598200798,True
501,1,32,0.11711101979017258,True
501,1,33,0.11422205716371536,True
501,1,34,0.11172052472829819,True
501,1,35,0.11133216321468353,True
501,1,36,0.11072121560573578,True
501,1,37,0.11198129504919052,True
501,1,38,0.11800229549407959,True
501,1,39,0.11168140918016434,True
501,1,40,0.11169258505105972,True
501,1,41,0.11278130114078522,True
501,1,42,0.11515244841575623,True
501,1,43,0.11211168020963669,True
501,1,44,0.11141225695610046,True
501,1,45,0.11120084673166275,True
501,1,46,0.11139269918203354,True
501,1,47,0.11146068572998047,True
501,1,48,0.11164229363203049,True
501,1,49,0.11158082634210587,True
501,2,0,0.22271368652582169,True
501,2,1,0.13688206672668457,True
501,2,2,0.12282095849514008,True
501,2,3,0.11852197349071503,True
501,2,4,0.11625140905380249,True
501,2,5,0.1163119450211525,True
501,2,6,0.11539086699485779,True
501,2,7,0.11458247900009155,True
501,2,8,0.11496059596538544,True
501,2,9,0.11731218546628952,True
501,2,10,0.1214509829878807,True
501,2,11,0.11432170867919922,True
501,2,12,0.11448096483945847,True
501,2,13,0.11319201439619064,True
501,2,14,0.11301040649414062,True
501,2,15,0.11337175965309143,True
501,2,16,0.11303089559078217,True
501,2,17,0.11419225484132767,True
501,2,18,0.11893082410097122,True
501,2,19,0.11642184108495712,True
501,2,20,0.11533219367265701,True
501,2,21,0.11284090578556061,True
501,2,22,0.11299271136522293,True
501,2,23,0.11258013546466827,True
501,2,24,0.11326279491186142,True
501,2,25,0.11291075497865677,True
501,2,26,0.11658202856779099,True
501,2,27,0.11559110134840012,True
501,2,28,0.11296197772026062,True
501,2,29,0.1125214621424675,True
501,2,30,0.11591147631406784,True
501,2,31,0.11229049414396286,True
501,2,32,0.1120520755648613,True
501,2,33,0.11248141527175903,True
501,2,34,0.1119021326303482,True
501,2,35,0.11373031884431839,True
501,2,36,0.115271657705307,True
501,2,37,0.11270027607679367,True
501,2,38,0.11267047375440598,True
501,2,39,0.11126138269901276,True
501,2,40,0.11172052472829819,True
501,2,41,0.11189188808202744,True
501,2,42,0.11143088340759277,True
501,2,43,0.1156022772192955,True
501,2,44,0.11317059397697449,True
501,2,45,0.11728238314390182,True
501,2,46,0.11318176984786987,True
501,2,47,0.11238176375627518,True
501,2,48,0.11363066732883453,True
501,2,49,0.11224206537008286,True
501,4,0,0.20993221551179886,True
501,4,1,0.13100169599056244,True
501,4,2,0.12263190001249313,True
501,4,3,0.12231152504682541,True
501,4,4,0.1215711236000061,True
501,4,5,0.11874176561832428,True
501,4,6,0.11828076094388962,True
501,4,7,0.12157205492258072,True
501,4,8,0.11723116040229797,True
501,4,9,0.11592172086238861,True
501,4,10,0.11644046753644943,True
501,4,11,0.11806190013885498,True
501,4,12,0.11930149048566818,True
501,4,13,0.11621229350566864,True
501,4,14,0.11475197970867157,True
501,4,15,0.11498108506202698,True
501,4,16,0.11538155376911163,True
501,4,17,0.11504162102937698,True
501,4,18,0.11520180851221085,True
501,4,19,0.1150304451584816,True
501,4,20,0.11768192052841187,True
501,4,21,0.11970102787017822,True
501,4,22,0.11602230370044708,True
501,4,23,0.11451076716184616,True
501,4,24,0.11492148041725159,True
501,4,25,0.11472124606370926,True
501,4,26,0.11489167809486389,True
501,4,27,0.11398084461688995,True
501,4,28,0.11889170855283737,True
501,4,29,0.11752080172300339,True
501,4,30,0.1146215945482254,True
501,4,31,0.11430121958255768,True
501,4,32,0.11398177593946457,True
501,4,33,0.11423137038946152,True
501,4,34,0.11434219777584076,True
501,4,35,0.1141820102930069,True
501,4,36,0.11412054300308228,True
501,4,37,0.11517200618982315,True
501,4,38,0.11619087308645248,True
501,4,39,0.11410191655158997,True
501,4,40,0.11403113603591919,True
501,4,41,0.11433195322751999,True
501,4,42,0.11428166180849075,True
501,4,43,0.11464208364486694,True
501,4,44,0.11752080172300339,True
501,4,45,0.11432264000177383,True
501,4,46,0.12064073234796524,True
501,4,47,0.11709146201610565,True
501,4,48,0.1151207834482193,True
501,4,49,0.1148618757724762,True
501,8,0,0.2253316342830658,True
501,8,1,0.134921632707119,True
501,8,2,0.12573227286338806,True
501,8,3,0.1220526173710823,True
501,8,4,0.12165028601884842,True
501,8,5,0.12084189802408218,True
501,8,6,0.11955108493566513,True
501,8,7,0.11872220784425735,True
501,8,8,0.11973083019256592,True
501,8,9,0.12039206922054291,True
501,8,10,0.11743232607841492,True
501,8,11,0.11816062033176422,True
501,8,12,0.11743232607841492,True
501,8,13,0.11775083839893341,True
501,8,14,0.11718273162841797,True
501,8,15,0.11689122766256332,True
501,8,16,0.11781230568885803,True
501,8,17,0.1200009137392044,True
501,8,18,0.1177322119474411,True
501,8,19,0.11665094643831253,True
501,8,20,0.11645257472991943,True
501,8,21,0.12232176959514618,True
501,8,22,0.1250607892870903,True
501,8,23,0.11799205094575882,True
501,8,24,0.11630170047283173,True
501,8,25,0.1245010644197464,True
501,8,26,0.11891219764947891,True
501,8,27,0.11671148240566254,True
501,8,28,0.11618155986070633,True
501,8,29,0.11578109115362167,True
501,8,30,0.1163119450211525,True
501,8,31,0.11583138257265091,True
501,8,32,0.11599250137805939,True
501,8,33,0.11712033301591873,True
501,8,34,0.11815223842859268,True
501,8,35,0.11611077934503555,True
501,8,36,0.11573266237974167,True
501,8,37,0.11582113802433014,True
501,8,38,0.11617224663496017,True
501,8,39,0.11635199189186096,True
501,8,40,0.11579040437936783,True
501,8,41,0.11581182479858398,True
501,8,42,0.11692102998495102,True
501,8,43,0.118291936814785,True
501,8,44,0.11603068560361862,True
501,8,45,0.1161620020866394,True
501,8,46,0.11580158025026321,True
501,8,47,0.11590216308832169,True
501,8,48,0.11574104428291321,True
501,8,49,0.1155417412519455,True
501,16,0,0.21701306104660034,True
501,16,1,0.13575050979852676,True
501,16,2,0.13041216880083084,True
501,16,3,0.12913160026073456,True
501,16,4,0.12318138033151627,True
501,16,5,0.12215226888656616,True
501,16,6,0.12022163718938828,True
501,16,7,0.1317514106631279,True
501,16,8,0.11979229748249054,True
501,16,9,0.12007076293230057,True
501,16,10,0.12265145778656006,True
501,16,11,0.122792087495327,True
501,16,12,0.11948123574256897,True
501,16,13,0.11951196938753128,True
501,16,14,0.11978112161159515,True
501,16,15,0.11915154755115509,True
501,16,16,0.11867191642522812,True
501,16,17,0.11907145380973816,True
501,16,18,0.11883210390806198,True
501,16,19,0.12301094830036163,True
501,16,20,0.13290252536535263,True
501,16,21,0.12342166155576706,True
501,16,22,0.11924095451831818,True
501,16,23,0.11961162090301514,True
501,16,24,0.1181410625576973,True
501,16,25,0.11850148439407349,True
501,16,26,0.11837203055620193,True
501,16,27,0.11931080371141434,True
501,16,28,0.12082234025001526,True
501,16,29,0.11785048991441727,True
501,16,30,0.11803116649389267,True
501,16,31,0.1180814579129219,True
501,16,32,0.11766236275434494,True
501,16,33,0.11796131730079651,True
501,16,34,0.11864118278026581,True
501,16,35,0.11973176151514053,True
501,16,36,0.12035109102725983,True
501,16,37,0.11791195720434189,True
501,16,38,0.1179007813334465,True
501,16,39,0.11843163520097733,True
501,16,40,0.11769123375415802,True
501,16,41,0.11819228529930115,True
501,16,42,0.11763162910938263,True
501,16,43,0.11844094842672348,True
501,16,44,0.12250151485204697,True
501,16,45,0.11985097080469131,True
501,16,46,0.11877156794071198,True
501,16,47,0.1181112602353096,True
501,16,48,0.11833198368549347,True
501,16,49,0.11835061013698578,True
501,32,0,0.22221263498067856,True
501,32,1,0.13740267604589462,True
501,32,2,0.1301215961575508,True
501,32,3,0.12866035103797913,True
501,32,4,0.129062682390213,True
501,32,5,0.1269020140171051,True
501,32,6,0.12307055294513702,True
501,32,7,0.1232316717505455,True
501,32,8,0.12374203652143478,True
501,32,9,0.1220405101776123,True
501,32,10,0.12183189392089844,True
501,32,11,0.12210104614496231,True
501,32,12,0.12534204870462418,True
501,32,13,0.12242235243320465,True
501,32,14,0.12082140892744064,True
501,32,15,0.12852158397436142,True
501,32,16,0.13030227273702621,True
501,32,17,0.12173037976026535,True
501,32,18,0.12126192450523376,True
501,32,19,0.1215524971485138,True
501,32,20,0.12390036135911942,True
501,32,21,0.12192223221063614,True
501,32,22,0.14488212764263153,True
501,32,23,0.1684725284576416,True
501,32,24,0.15582144260406494,True
501,32,25,0.15322212129831314,True
501,32,26,0.13044197112321854,True
501,32,27,0.12664124369621277,True
501,32,28,0.12314226478338242,True
501,32,29,0.12091174721717834,True
501,32,30,0.12057088315486908,True
501,32,31,0.12091174721717834,True
501,32,32,0.12081023305654526,True
501,32,33,0.12127123773097992,True
501,32,34,0.12265145778656006,True
501,32,35,0.12448057532310486,True
501,32,36,0.12048240751028061,True
501,32,37,0.12013129889965057,True
501,32,38,0.11987239122390747,True
501,32,39,0.12003257870674133,True
501,32,40,0.12006144970655441,True
501,32,41,0.1231115311384201,True
501,32,42,0.12313108891248703,True
501,32,43,0.12452248483896255,True
501,32,44,0.12106169015169144,True
501,32,45,0.12045074254274368,True
501,32,46,0.12028217315673828,True
501,32,47,0.12057088315486908,True
501,32,48,0.12010149657726288,True
501,32,49,0.12013223022222519,True
501,64,0,0.22234302014112473,True
501,64,1,0.13947207480669022,True
501,64,2,0.13327226042747498,True
501,64,3,0.12972112745046616,True
501,64,4,0.1285020262002945,True
501,64,5,0.12706220149993896,True
501,64,6,0.12641120702028275,True
501,64,7,0.127461738884449,True
501,64,8,0.1283213496208191,True
501,64,9,0.1255115494132042,True
501,64,10,0.1248316839337349,True
501,64,11,0.12444239109754562,True
501,64,12,0.12389104813337326,True
501,64,13,0.12360233813524246,True
501,64,14,0.1235026866197586,True
501,64,15,0.12440141290426254,True
501,64,16,0.12596137821674347,True
501,64,17,0.12387055903673172,True
501,64,18,0.12283213436603546,True
501,64,19,0.12390222400426865,True
501,64,20,0.12320093810558319,True
501,64,21,0.12312177568674088,True
501,64,22,0.12342259287834167,True
501,64,23,0.12498162686824799,True
501,64,24,0.12664217501878738,True
501,64,25,0.12402143329381943,True
501,64,26,0.12332107871770859,True
501,64,27,0.12302212417125702,True
501,64,28,0.12333039194345474,True
501,64,29,0.12330245226621628,True
501,64,30,0.12520235031843185,True
501,64,31,0.12493133544921875,True
501,64,32,0.13756193220615387,True
501,64,33,0.12325122952461243,True
501,64,34,0.12357067316770554,True
501,64,35,0.12636184692382812,True
501,64,36,0.12311246246099472,True
501,64,37,0.12299045920372009,True
501,64,38,0.1234719529747963,True
501,64,39,0.1251623034477234,True
501,64,40,0.12817047536373138,True
501,64,41,0.12333225458860397,True
501,64,42,0.12280233204364777,True
501,64,43,0.12368056923151016,True
501,64,44,0.12363120913505554,True
501,64,45,0.12289080768823624,True
501,64,46,0.12340210378170013,True
501,64,47,0.12460257858037949,True
501,64,48,0.12605078518390656,True
501,64,49,0.1233816146850586,True
501,100,0,0.22055301815271378,True
501,100,1,0.14029256999492645,True
501,100,2,0.13291090726852417,True
501,100,3,0.12920238077640533,True
501,100,4,0.1277318224310875,True
501,100,5,0.12661144137382507,True
501,100,6,0.12756139039993286,True
501,100,7,0.12873206287622452,True
501,100,8,0.12662075459957123,True
501,100,9,0.1254519447684288,True
501,100,10,0.1246519386768341,True
501,100,11,0.12427102774381638,True
501,100,12,0.12479256838560104,True
501,100,13,0.12472085654735565,True
501,100,14,0.1250719651579857,True
501,100,15,0.1288214698433876,True
501,100,16,0.12404099106788635,True
501,100,17,0.125751830637455,True
501,100,18,0.12383237481117249,True
501,100,19,0.12360140681266785,True
501,100,20,0.13491231948137283,True
501,100,21,0.12395158410072327,True
501,100,22,0.13078097254037857,True
501,100,23,0.12724194675683975,True
501,100,24,0.1242123544216156,True
501,100,25,0.12349151074886322,True
501,100,26,0.12406241148710251,True
501,100,27,0.1232316717505455,True
501,100,28,0.12346170842647552,True
501,100,29,0.12287218123674393,True
501,100,30,0.12469198554754257,True
501,100,31,0.12754090130329132,True
501,100,32,0.12348219752311707,True
501,100,33,0.12326240539550781,True
501,100,34,0.1231115311384201,True
501,100,35,0.12285169214010239,True
501,100,36,0.12296158820390701,True
501,100,37,0.12304168194532394,True
501,100,38,0.1270519569516182,True
501,100,39,0.1260414719581604,True
501,100,40,0.1252712681889534,True
501,100,41,0.12277159839868546,True
501,100,42,0.12330152094364166,True
501,100,43,0.1294221729040146,True
501,100,44,0.12336205691099167,True
501,100,45,0.12625101953744888,True
501,100,46,0.12435205280780792,True
501,100,47,0.12565217912197113,True
501,100,48,0.1230807974934578,True
501,100,49,0.1232018694281578,True
501,200,0,0.2234727144241333,True
501,200,1,0.14129187911748886,True
501,200,2,0.13339146971702576,True
501,200,3,0.13455096632242203,True
501,200,4,0.13593211770057678,True
501,200,5,0.13183243572711945,True
501,200,6,0.12772157788276672,True
501,200,7,0.1266617327928543,True
501,200,8,0.12561213225126266,True
501,200,9,0.1259809359908104,True
501,200,10,0.12570153921842575,True
501,200,11,0.1251325011253357,True
501,200,12,0.12659095227718353,True
501,200,13,0.1333821564912796,True
501,200,14,0.1256326213479042,True
501,200,15,0.12463144958019257,True
501,200,16,0.12472085654735565,True
501,200,17,0.12463238090276718,True
501,200,18,0.12498162686824799,True
501,200,19,0.12494157999753952,True
501,200,20,0.12722238898277283,True
501,200,21,0.12716278433799744,True
501,200,22,0.12534111738204956,True
501,200,23,0.12531224638223648,True
501,200,24,0.12443028390407562,True
501,200,25,0.12403260916471481,True
501,200,26,0.12391246855258942,True
501,200,27,0.1244712620973587,True
501,200,28,0.13086199760437012,True
501,200,29,0.1272214576601982,True
501,200,30,0.1255609095096588,True
501,200,31,0.12464169412851334,True
501,200,32,0.12520235031843185,True
501,200,33,0.12448057532310486,True
501,200,34,0.12376159429550171,True
501,200,35,0.12499187141656876,True
501,200,36,0.13166014105081558,True
501,200,37,0.1256922259926796,True
501,200,38,0.12417137622833252,True
501,200,39,0.12419093400239944,True
501,200,40,0.12503284960985184,True
501,200,41,0.12594088912010193,True
501,200,42,0.13755075633525848,True
501,200,43,0.12686196714639664,True
501,200,44,0.12719165533781052,True
501,200,45,0.12428127229213715,True
501,200,46,0.12453179806470871,True
501,200,47,0.12428220361471176,True
501,200,48,0.12391060590744019,True
501,200,49,0.1353621482849121,True
501,400,0,0.23973360657691956,True
501,400,1,0.15049241483211517,True
501,400,2,0.13422127813100815,True
501,400,3,0.1349523663520813,True
501,400,4,0.1315521076321602,True
501,400,5,0.13526156544685364,True
501,400,6,0.12871157377958298,True
501,400,7,0.1277923583984375,True
501,400,8,0.12730155140161514,True
501,400,9,0.12757070362567902,True
501,400,10,0.12723170220851898,True
501,400,11,0.12738164514303207,True
501,400,12,0.1329313963651657,True
501,400,13,0.12949202209711075,True
501,400,14,0.12653227895498276,True
501,400,15,0.12642145156860352,True
501,400,16,0.12621190398931503,True
501,400,17,0.12623239308595657,True
501,400,18,0.1260414719581604,True
501,400,19,0.13203173875808716,True
501,400,20,0.12954231351613998,True
501,400,21,0.12694206088781357,True
501,400,22,0.12692157179117203,True
501,400,23,0.1261616125702858,True
501,400,24,0.12632180005311966,True
501,400,25,0.1266906037926674,True
501,400,26,0.12561213225126266,True
501,400,27,0.12797117233276367,True
501,400,28,0.12878049165010452,True
501,400,29,0.12635253369808197,True
501,400,30,0.1298319548368454,True
501,400,31,0.12566149234771729,True
501,400,32,0.1252526417374611,True
501,400,33,0.12587197124958038,True
501,400,34,0.1258905977010727,True
501,400,35,0.1262826845049858,True
501,400,36,0.1287423074245453,True
501,400,37,0.1265415921807289,True
501,400,38,0.12562144547700882,True
501,400,39,0.12605171650648117,True
501,400,40,0.12537091970443726,True
501,400,41,0.12583192437887192,True
501,400,42,0.12473203241825104,True
501,400,43,0.1266608014702797,True
501,400,44,0.12954231351613998,True
501,400,45,0.12561120092868805,True
501,400,46,0.12551061809062958,True
501,400,47,0.12527219951152802,True
501,400,48,0.12544170022010803,True
501,400,49,0.12584123760461807,True
501,800,0,0.22071227431297302,True
501,800,1,0.1447414979338646,True
501,800,2,0.13868138194084167,True
501,800,3,0.13608206063508987,True
501,800,4,0.1332620158791542,True
501,800,5,0.1374315470457077,True
501,800,6,0.134381465613842,True
501,800,7,0.13140123337507248,True
501,800,8,0.13247225433588028,True
501,800,9,0.1312214881181717,True
501,800,10,0.13078097254037857,True
501,800,11,0.1309625804424286,True
501,800,12,0.13090204447507858,True
501,800,13,0.1315707340836525,True
501,800,14,0.13287272304296494,True
501,800,15,0.13046246021986008,True
501,800,16,0.1336522400379181,True
501,800,17,0.12970156967639923,True
501,800,18,0.1296820119023323,True
501,800,19,0.1291818916797638,True
501,800,20,0.12991204857826233,True
501,800,21,0.13430137187242508,True
501,800,22,0.13132207095623016,True
501,800,23,0.1311320811510086,True
501,800,24,0.13305246829986572,True
501,800,25,0.12923125177621841,True
501,800,26,0.1294417306780815,True
501,800,27,0.12887269258499146,True
501,800,28,0.1296810805797577,True
501,800,29,0.1316312700510025,True
501,800,30,0.1314319670200348,True
501,800,31,0.12963265180587769,True
501,800,32,0.12901145964860916,True
501,800,33,0.13003218919038773,True
501,800,34,0.1299222931265831,True
501,800,35,0.1310408115386963,True
501,800,36,0.13099238276481628,True
501,800,37,0.13235211372375488,True
501,800,38,0.13023149222135544,True
501,800,39,0.12992043048143387,True
501,800,40,0.12934207916259766,True
501,800,41,0.12904219329357147,True
501,800,42,0.12996140867471695,True
501,800,43,0.12937188148498535,True
501,800,44,0.13955216854810715,True
501,800,45,0.13121217489242554,True
501,800,46,0.13323035091161728,True
501,800,47,0.12901239097118378,True
501,800,48,0.12981146574020386,True
501,800,49,0.12950226664543152,True
501,1600,0,0.25656353682279587,True
501,1600,1,0.1532016322016716,True
501,1600,2,0.148882158100605,True
501,1600,3,0.14262180775403976,True
501,1600,4,0.14105159789323807,True
501,1600,5,0.1384718343615532,True
501,1600,6,0.13851094990968704,True
501,1600,7,0.13863202184438705,True
501,1600,8,0.14114193618297577,True
501,1600,9,0.1407712697982788,True
501,1600,10,0.14899205416440964,True
501,1600,11,0.1380322501063347,True
501,1600,12,0.13697147369384766,True
501,1600,13,0.1358315348625183,True
501,1600,14,0.13914238661527634,True
501,1600,15,0.13858173042535782,True
501,1600,16,0.1367628574371338,True
501,1600,17,0.13622082769870758,True
501,1600,18,0.13541243970394135,True
501,1600,19,0.13611186295747757,True
501,1600,20,0.13564154505729675,True
501,1600,21,0.13576168566942215,True
501,1600,22,0.13878103345632553,True
501,1600,23,0.1368122175335884,True
501,1600,24,0.1357821747660637,True
501,1600,25,0.13497192412614822,True
501,1600,26,0.13526249676942825,True
501,1600,27,0.1353006809949875,True
501,1600,28,0.13479217886924744,True
501,1600,29,0.13661198318004608,True
501,1600,30,0.1378823071718216,True
501,1600,31,0.1354515552520752,True
501,1600,32,0.13540033251047134,True
501,1600,33,0.13532210141420364,True
501,1600,34,0.13543199747800827,True
501,1600,35,0.13552140444517136,True
501,1600,36,0.1415228471159935,True
501,1600,37,0.13730116188526154,True
501,1600,38,0.13518240302801132,True
501,1600,39,0.13508182018995285,True
501,1600,40,0.13535190373659134,True
501,1600,41,0.13510137796401978,True
501,1600,42,0.13541057705879211,True
501,1600,43,0.13538263738155365,True
501,1600,44,0.1403922215104103,True
501,1600,45,0.13689231127500534,True
501,1600,46,0.13525225222110748,True
501,1600,47,0.135030597448349,True
501,1600,48,0.13534259051084518,True
501,1600,49,0.13526156544685364,True
501,3200,0,0.24351291358470917,True
501,3200,1,0.16870349645614624,True
501,3200,2,0.15448220074176788,True
501,3200,3,0.15648268163204193,True
501,3200,4,0.15154201537370682,True
501,3200,5,0.15043281018733978,True
501,3200,6,0.14982186257839203,True
501,3200,7,0.1508016139268875,True
501,3200,8,0.15174224972724915,True
501,3200,9,0.14934223145246506,True
501,3200,10,0.14756154268980026,True
501,3200,11,0.14729145914316177,True
501,3200,12,0.14775153249502182,True
501,3200,13,0.14763232320547104,True
501,3200,14,0.14936178922653198,True
501,3200,15,0.148652121424675,True
501,3200,16,0.14702137559652328,True
501,3200,17,0.14769192785024643,True
501,3200,18,0.14659203588962555,True
501,3200,19,0.1466916874051094,True
501,3200,20,0.1483522355556488,True
501,3200,21,0.1549823209643364,True
501,3200,22,0.14733243733644485,True
501,3200,23,0.14663208276033401,True
501,3200,24,0.14570262283086777,True
501,3200,25,0.14653149992227554,True
501,3200,26,0.1463722437620163,True
501,3200,27,0.14806166291236877,True
501,3200,28,0.1494418829679489,True
501,3200,29,0.1515718176960945,True
501,3200,30,0.1506023108959198,True
501,3200,31,0.14793220907449722,True
501,3200,32,0.14637131243944168,True
501,3200,33,0.149652361869812,True
501,3200,34,0.1476425677537918,True
501,3200,35,0.14869216829538345,True
501,3200,36,0.14677178114652634,True
501,3200,37,0.1585623249411583,True
501,3200,38,0.14895200729370117,True
501,3200,39,0.1475820317864418,True
501,3200,40,0.14877133071422577,True
501,3200,41,0.1542121171951294,True
501,3200,42,0.14704186469316483,True
501,3200,43,0.14603137969970703,True
501,3200,44,0.14894269406795502,True
501,3200,45,0.14694221317768097,True
501,3200,46,0.14650169759988785,True
501,3200,47,0.1469915732741356,True
501,3200,48,0.14919135719537735,True
501,3200,49,0.1461915671825409,True
501,6400,0,0.276404432952404,True
501,6400,1,0.18689129501581192,True
501,6400,2,0.18049217760562897,True
501,6400,3,0.17976202070713043,True
501,6400,4,0.1790020614862442,True
501,6400,5,0.1754527911543846,True
501,6400,6,0.17410237342119217,True
501,6400,7,0.17765164375305176,True
501,6400,8,0.17381273210048676,True
501,6400,9,0.17526280134916306,True
501,6400,10,0.17563160508871078,True
501,6400,11,0.17283204942941666,True
501,6400,12,0.1721130684018135,True
501,6400,13,0.17173215746879578,True
501,6400,14,0.1722816377878189,True
501,6400,15,0.1788632944226265,True
501,6400,16,0.1720823347568512,True
501,6400,17,0.17188116908073425,True
501,6400,18,0.1837126910686493,True
501,6400,19,0.17300155013799667,True
501,6400,20,0.17217174172401428,True
501,6400,21,0.1725219190120697,True
501,6400,22,0.17147324979305267,True
501,6400,23,0.1710420474410057,True
501,6400,24,0.1710420474410057,True
501,6400,25,0.1711323857307434,True
501,6400,26,0.171673484146595,True
501,6400,27,0.17236266285181046,True
501,6400,28,0.1704525202512741,True
501,6400,29,0.17020199447870255,True
501,6400,30,0.17014332115650177,True
501,6400,31,0.17112214118242264,True
501,6400,32,0.1732325181365013,True
501,6400,33,0.17348211258649826,True
501,6400,34,0.17325300723314285,True
501,6400,35,0.17073191702365875,True
501,6400,36,0.17055217176675797,True
501,6400,37,0.17104297876358032,True
501,6400,38,0.17874222248792648,True
501,6400,39,0.17369166016578674,True
501,6400,40,0.17043203115463257,True
501,6400,41,0.17029326409101486,True
501,6400,42,0.1704823225736618,True
501,6400,43,0.1703612506389618,True
501,6400,44,0.17818156629800797,True
501,6400,45,0.17592310905456543,True
501,6400,46,0.18286239355802536,True
501,6400,47,0.16982201486825943,True
501,6400,48,0.17047300934791565,True
501,6400,49,0.17070118337869644,True
501,10000,0,0.28719380497932434,True
501,10000,1,0.2150135114789009,True
501,10000,2,0.21319184452295303,True
501,10000,3,0.2019330859184265,True
501,10000,4,0.20028278231620789,True
501,10000,5,0.1989714801311493,True
501,10000,6,0.2045435830950737,True
501,10000,7,0.1992722973227501,True
501,10000,8,0.19706226885318756,True
501,10000,9,0.19701290875673294,True
501,10000,10,0.19699148833751678,True
501,10000,11,0.20446348935365677,True
501,10000,12,0.1985626295208931,True
501,10000,13,0.1969616860151291,True
501,10000,14,0.1963423565030098,True
501,10000,15,0.19620172679424286,True
501,10000,16,0.19654259085655212,True
501,10000,17,0.19817333668470383,True
501,10000,18,0.20003225654363632,True
501,10000,19,0.19608251750469208,True
501,10000,20,0.1963237300515175,True
501,10000,21,0.20010210573673248,True
501,10000,22,0.1980029046535492,True
501,10000,23,0.19973237067461014,True
501,10000,24,0.19653327763080597,True
501,10000,25,0.19685272127389908,True
501,10000,26,0.19848160445690155,True
501,10000,27,0.19840337336063385,True
501,10000,28,0.19583199173212051,True
501,10000,29,0.1963432878255844,True
501,10000,30,0.19605271518230438,True
501,10000,31,0.19685272127389908,True
501,10000,32,0.19763316959142685,True
501,10000,33,0.19597262144088745,True
501,10000,34,0.1960424706339836,True
501,10000,35,0.19540172070264816,True
501,10000,36,0.1971432939171791,True
501,10000,37,0.1978529617190361,True
501,10000,38,0.19589252769947052,True
501,10000,39,0.1961132511496544,True
501,10000,40,0.1979013904929161,True
501,10000,41,0.19645318388938904,True
501,10000,42,0.20074378699064255,True
501,10000,43,0.19547156989574432,True
501,10000,44,0.19630324095487595,True
501,10000,45,0.19635166972875595,True
501,10000,46,0.19792281091213226,True
501,10000,47,0.19956286996603012,True
501,10000,48,0.19694212824106216,True
501,10000,49,0.19617285579442978,True
399,1,0,0.1819133758544922,True
399,1,1,0.1122504472732544,True
399,1,2,0.10616239160299301,True
399,1,3,0.10354071855545044,True
399,1,4,0.10154023766517639,True
399,1,5,0.10037142783403397,True
399,1,6,0.10886043310165405,True
399,1,7,0.10208133608102798,True
399,1,8,0.09835232049226761,True
399,1,9,0.09775161743164062,True
399,1,10,0.09791087359189987,True
399,1,11,0.09754206985235214,True
399,1,12,0.09948108345270157,True
399,1,13,0.09808037430047989,True
399,1,14,0.09744055569171906,True
399,1,15,0.09765196591615677,True
399,1,16,0.09901169687509537,True
399,1,17,0.10067131370306015,True
399,1,18,0.09764265269041061,True
399,1,19,0.09773112833499908,True
399,1,20,0.09704101830720901,True
399,1,21,0.09627174586057663,True
399,1,22,0.09812228381633759,True
399,1,23,0.09708106517791748,True
399,1,24,0.0967513769865036,True
399,1,25,0.09637046605348587,True
399,1,26,0.09829085320234299,True
399,1,27,0.09880121797323227,True
399,1,28,0.09726081043481827,True
399,1,29,0.09665172547101974,True
399,1,30,0.09682122617959976,True
399,1,31,0.09644124656915665,True
399,1,32,0.09590201079845428,True
399,1,33,0.0959513708949089,True
399,1,34,0.09670108556747437,True
399,1,35,0.09685102850198746,True
399,1,36,0.10555237531661987,True
399,1,37,0.0989716500043869,True
399,1,38,0.09659025818109512,True
399,1,39,0.09723193943500519,True
399,1,40,0.10001100599765778,True
399,1,41,0.09667035192251205,True
399,1,42,0.09650178253650665,True
399,1,43,0.10081101208925247,True
399,1,44,0.09628105908632278,True
399,1,45,0.09592156857252121,True
399,1,46,0.10345224291086197,True
399,1,47,0.10041054338216782,True
399,1,48,0.09671039879322052,True
399,1,49,0.09639188647270203,True
399,2,0,0.1697232946753502,True
399,2,1,0.11253077536821365,True
399,2,2,0.10543223470449448,True
399,2,3,0.10251160711050034,True
399,2,4,0.10119099169969559,True
399,2,5,0.10567158460617065,True
399,2,6,0.10269135236740112,True
399,2,7,0.10003149509429932,True
399,2,8,0.09818188846111298,True
399,2,9,0.1002708449959755,True
399,2,10,0.10510161519050598,True
399,2,11,0.09799282997846603,True
399,2,12,0.09872112423181534,True
399,2,13,0.09797140955924988,True
399,2,14,0.09759049862623215,True
399,2,15,0.10255258530378342,True
399,2,16,0.10041147470474243,True
399,2,17,0.09859073907136917,True
399,2,18,0.09818188846111298,True
399,2,19,0.09718071669340134,True
399,2,20,0.10038074105978012,True
399,2,21,0.09700190275907516,True
399,2,22,0.09704101830720901,True
399,2,23,0.09707082062959671,True
399,2,24,0.0971723347902298,True
399,2,25,0.0987006351351738,True
399,2,26,0.10540056973695755,True
399,2,27,0.09929202497005463,True
399,2,28,0.09796116501092911,True
399,2,29,0.09683147072792053,True
399,2,30,0.09760074317455292,True
399,2,31,0.09723193943500519,True
399,2,32,0.09693112224340439,True
399,2,33,0.09775068610906601,True
399,2,34,0.09689200669527054,True
399,2,35,0.09741168469190598,True
399,2,36,0.10380055755376816,True
399,2,37,0.09934045374393463,True
399,2,38,0.09754206985235214,True
399,2,39,0.09658094495534897,True
399,2,40,0.09714066982269287,True
399,2,41,0.09684264659881592,True
399,2,42,0.10295119136571884,True
399,2,43,0.09756069630384445,True
399,2,44,0.10167248547077179,True
399,2,45,0.09710155427455902,True
399,2,46,0.09845104068517685,True
399,2,47,0.09963102638721466,True
399,2,48,0.09748246520757675,True
399,2,49,0.09776093065738678,True
399,4,0,0.16156211495399475,True
399,4,1,0.11330191045999527,True
399,4,2,0.10549090802669525,True
399,4,3,0.10360125452280045,True
399,4,4,0.10237190872430801,True
399,4,5,0.10095164179801941,True
399,4,6,0.10088086128234863,True
399,4,7,0.10041147470474243,True
399,4,8,0.0998200848698616,True
399,4,9,0.10028108954429626,True
399,4,10,0.10781176388263702,True
399,4,11,0.10074116289615631,True
399,4,12,0.10039098560810089,True
399,4,13,0.09978190064430237,True
399,4,14,0.09918026626110077,True
399,4,15,0.1001209020614624,True
399,4,16,0.10313186794519424,True
399,4,17,0.10709092020988464,True
399,4,18,0.1003919169306755,True
399,4,19,0.10176096111536026,True
399,4,20,0.10212045162916183,True
399,4,21,0.09975209832191467,True
399,4,22,0.10376144200563431,True
399,4,23,0.0987006351351738,True
399,4,24,0.09919144213199615,True
399,4,25,0.10023079812526703,True
399,4,26,0.09916163980960846,True
399,4,27,0.0990619882941246,True
399,4,28,0.09857118129730225,True
399,4,29,0.09996071457862854,True
399,4,30,0.10200124233961105,True
399,4,31,0.09852182120084763,True
399,4,32,0.09895116090774536,True
399,4,33,0.09893160313367844,True
399,4,34,0.10132230818271637,True
399,4,35,0.09901169687509537,True
399,4,36,0.09834114462137222,True
399,4,37,0.09849201887845993,True
399,4,38,0.09866058826446533,True
399,4,39,0.10020099580287933,True
399,4,40,0.10158121585845947,True
399,4,41,0.09945034980773926,True
399,4,42,0.09840074926614761,True
399,4,43,0.09841099381446838,True
399,4,44,0.10225176811218262,True
399,4,45,0.0980813056230545,True
399,4,46,0.09909085929393768,True
399,4,47,0.09932182729244232,True
399,4,48,0.09849108755588531,True
399,4,49,0.10418146848678589,True
399,8,0,0.20648259669542313,True
399,8,1,0.11492054909467697,True
399,8,2,0.1082010567188263,True
399,8,3,0.10527204722166061,True
399,8,4,0.1041702926158905,True
399,8,5,0.1047719269990921,True
399,8,6,0.11224113404750824,True
399,8,7,0.11180154979228973,True
399,8,8,0.10284129530191422,True
399,8,9,0.1022806391119957,True
399,8,10,0.10204222053289413,True
399,8,11,0.10205060243606567,True
399,8,12,0.10141171514987946,True
399,8,13,0.10169204324483871,True
399,8,14,0.1016007736325264,True
399,8,15,0.1070220023393631,True
399,8,16,0.1036403700709343,True
399,8,17,0.10175071656703949,True
399,8,18,0.10146200656890869,True
399,8,19,0.10071136057376862,True
399,8,20,0.10039098560810089,True
399,8,21,0.10015163570642471,True
399,8,22,0.10111089795827866,True
399,8,23,0.10055117309093475,True
399,8,24,0.09984150528907776,True
399,8,25,0.11013168841600418,True
399,8,26,0.10210182517766953,True
399,8,27,0.10096188634634018,True
399,8,28,0.1009507104754448,True
399,8,29,0.10109040886163712,True
399,8,30,0.10047201067209244,True
399,8,31,0.10047107934951782,True
399,8,32,0.10086130350828171,True
399,8,33,0.10140147060155869,True
399,8,34,0.10348111391067505,True
399,8,35,0.10264106094837189,True
399,8,36,0.10028202086687088,True
399,8,37,0.10001100599765778,True
399,8,38,0.10062102228403091,True
399,8,39,0.10117236524820328,True
399,8,40,0.10061077773571014,True
399,8,41,0.10045059025287628,True
399,8,42,0.09996071457862854,True
399,8,43,0.10041240602731705,True
399,8,44,0.10126084089279175,True
399,8,45,0.10336097329854965,True
399,8,46,0.1006321981549263,True
399,8,47,0.09999144822359085,True
399,8,48,0.10025221854448318,True
399,8,49,0.10059121996164322,True
399,16,0,0.1870822161436081,True
399,16,1,0.11709146201610565,True
399,16,2,0.11034030467271805,True
399,16,3,0.10842178016901016,True
399,16,4,0.10792072862386703,True
399,16,5,0.10517053306102753,True
399,16,6,0.10396260768175125,True
399,16,7,0.1038210466504097,True
399,16,8,0.10725203901529312,True
399,16,9,0.10383129119873047,True
399,16,10,0.10368041694164276,True
399,16,11,0.10314211249351501,True
399,16,12,0.1024613156914711,True
399,16,13,0.10331254452466965,True
399,16,14,0.10474026203155518,True
399,16,15,0.10300148278474808,True
399,16,16,0.10176189243793488,True
399,16,17,0.10516121983528137,True
399,16,18,0.10200031101703644,True
399,16,19,0.10245200246572495,True
399,16,20,0.10344106703996658,True
399,16,21,0.1072203740477562,True
399,16,22,0.10727252811193466,True
399,16,23,0.1050904393196106,True
399,16,24,0.10242126882076263,True
399,16,25,0.10178051888942719,True
399,16,26,0.10212138295173645,True
399,16,27,0.10198168456554413,True
399,16,28,0.1022210344672203,True
399,16,29,0.10217074304819107,True
399,16,30,0.1018717885017395,True
399,16,31,0.10175071656703949,True
399,16,32,0.10311044752597809,True
399,16,33,0.10436214506626129,True
399,16,34,0.10220054537057877,True
399,16,35,0.10133162140846252,True
399,16,36,0.10233186185359955,True
399,16,37,0.10143127292394638,True
399,16,38,0.10196119546890259,True
399,16,39,0.10156165808439255,True
399,16,40,0.10180100798606873,True
399,16,41,0.10131113231182098,True
399,16,42,0.1029008999466896,True
399,16,43,0.10442081838846207,True
399,16,44,0.1018717885017395,True
399,16,45,0.10187085717916489,True
399,16,46,0.10217074304819107,True
399,16,47,0.10517239570617676,True
399,16,48,0.10189041495323181,True
399,16,49,0.10208133608102798,True
399,32,0,0.16932189464569092,True
399,32,1,0.11858157813549042,True
399,32,2,0.11346116662025452,True
399,32,3,0.11171214282512665,True
399,32,4,0.10816100984811783,True
399,32,5,0.10819174349308014,True
399,32,6,0.10880082845687866,True
399,32,7,0.10632071644067764,True
399,32,8,0.10586157441139221,True
399,32,9,0.10636169463396072,True
399,32,10,0.10556168854236603,True
399,32,11,0.10522175580263138,True
399,32,12,0.10576099157333374,True
399,32,13,0.1054517924785614,True
399,32,14,0.10839104652404785,True
399,32,15,0.1104520633816719,True
399,32,16,0.10507088154554367,True
399,32,17,0.104561448097229,True
399,32,18,0.10496191680431366,True
399,32,19,0.10493025183677673,True
399,32,20,0.10577123612165451,True
399,32,21,0.11053122580051422,True
399,32,22,0.1051807776093483,True
399,32,23,0.10499171912670135,True
399,32,24,0.11281110346317291,True
399,32,25,0.10684225708246231,True
399,32,26,0.10477099567651749,True
399,32,27,0.1044105738401413,True
399,32,28,0.10334141552448273,True
399,32,29,0.10461080819368362,True
399,32,30,0.1046815887093544,True
399,32,31,0.10320078581571579,True
399,32,32,0.10416097939014435,True
399,32,33,0.10491162538528442,True
399,32,34,0.10579172521829605,True
399,32,35,0.10411161929368973,True
399,32,36,0.10368227958679199,True
399,32,37,0.10383129119873047,True
399,32,38,0.10352209210395813,True
399,32,39,0.10388065129518509,True
399,32,40,0.10337121784687042,True
399,32,41,0.11712219566106796,True
399,32,42,0.10456051677465439,True
399,32,43,0.11186208575963974,True
399,32,44,0.10401103645563126,True
399,32,45,0.10452046990394592,True
399,32,46,0.11157151311635971,True
399,32,47,0.10831188410520554,True
399,32,48,0.11136196553707123,True
399,32,49,0.10528136044740677,True
399,64,0,0.17836224287748337,True
399,64,1,0.12148171663284302,True
399,64,2,0.11316034942865372,True
399,64,3,0.11103227734565735,True
399,64,4,0.11822115629911423,True
399,64,5,0.10992120951414108,True
399,64,6,0.10862015187740326,True
399,64,7,0.11245254427194595,True
399,64,8,0.10814052075147629,True
399,64,9,0.10826252400875092,True
399,64,10,0.10771118104457855,True
399,64,11,0.10767020285129547,True
399,64,12,0.10701175779104233,True
399,64,13,0.11422112584114075,True
399,64,14,0.10865181684494019,True
399,64,15,0.10690093040466309,True
399,64,16,0.1067817211151123,True
399,64,17,0.11066161096096039,True
399,64,18,0.10680034756660461,True
399,64,19,0.10700244456529617,True
399,64,20,0.10666064918041229,True
399,64,21,0.10606180876493454,True
399,64,22,0.10825134813785553,True
399,64,23,0.11003110557794571,True
399,64,24,0.1073712483048439,True
399,64,25,0.10755099356174469,True
399,64,26,0.10974239557981491,True
399,64,27,0.10702107101678848,True
399,64,28,0.10627228766679764,True
399,64,29,0.1064809039235115,True
399,64,30,0.10602083057165146,True
399,64,31,0.10801199823617935,True
399,64,32,0.10901130735874176,True
399,64,33,0.10686181485652924,True
399,64,34,0.10680127888917923,True
399,64,35,0.10656099766492844,True
399,64,36,0.106041319668293,True
399,64,37,0.10637100785970688,True
399,64,38,0.10671187192201614,True
399,64,39,0.10641105473041534,True
399,64,40,0.11088140308856964,True
399,64,41,0.10866113007068634,True
399,64,42,0.10705087333917618,True
399,64,43,0.10640081018209457,True
399,64,44,0.1058606430888176,True
399,64,45,0.1061921939253807,True
399,64,46,0.10599102824926376,True
399,64,47,0.10615121573209763,True
399,64,48,0.1063719391822815,True
399,64,49,0.10652095079421997,True
399,100,0,0.17248280346393585,True
399,100,1,0.1209210604429245,True
399,100,2,0.1148320734500885,True
399,100,3,0.11317059397697449,True
399,100,4,0.11071190237998962,True
399,100,5,0.10962039232254028,True
399,100,6,0.10970234870910645,True
399,100,7,0.11692102998495102,True
399,100,8,0.10920222848653793,True
399,100,9,0.10774098336696625,True
399,100,10,0.10772049427032471,True
399,100,11,0.10834168642759323,True
399,100,12,0.10762084275484085,True
399,100,13,0.10812189429998398,True
399,100,14,0.10756123811006546,True
399,100,15,0.10842084884643555,True
399,100,16,0.12011174112558365,True
399,100,17,0.10991189628839493,True
399,100,18,0.10818056762218475,True
399,100,19,0.10832119733095169,True
399,100,20,0.11198222637176514,True
399,100,21,0.1072511076927185,True
399,100,22,0.1067817211151123,True
399,100,23,0.1078704372048378,True
399,100,24,0.10773073881864548,True
399,100,25,0.10953191667795181,True
399,100,26,0.10936055332422256,True
399,100,27,0.10731164366006851,True
399,100,28,0.10687112808227539,True
399,100,29,0.10703224688768387,True
399,100,30,0.10666064918041229,True
399,100,31,0.10738149285316467,True
399,100,32,0.10728184133768082,True
399,100,33,0.10684039443731308,True
399,100,34,0.10742153972387314,True
399,100,35,0.11140108108520508,True
399,100,36,0.10686181485652924,True
399,100,37,0.10621082037687302,True
399,100,38,0.10726135224103928,True
399,100,39,0.10668206959962845,True
399,100,40,0.10731164366006851,True
399,100,41,0.1063719391822815,True
399,100,42,0.10681059211492538,True
399,100,43,0.10788068175315857,True
399,100,44,0.10871235281229019,True
399,100,45,0.10659079998731613,True
399,100,46,0.10683201253414154,True
399,100,47,0.10658148676156998,True
399,100,48,0.10657217353582382,True
399,100,49,0.10975077748298645,True
399,200,0,0.18394365906715393,True
399,200,1,0.12496206909418106,True
399,200,2,0.1187305897474289,True
399,200,3,0.11197198182344437,True
399,200,4,0.11079106479883194,True
399,200,5,0.10976195335388184,True
399,200,6,0.11164136230945587,True
399,200,7,0.1085922122001648,True
399,200,8,0.10968092828989029,True
399,200,9,0.11161155998706818,True
399,200,10,0.11015031486749649,True
399,200,11,0.11175032705068588,True
399,200,12,0.10910257697105408,True
399,200,13,0.10830070823431015,True
399,200,14,0.10875239968299866,True
399,200,15,0.10827090591192245,True
399,200,16,0.10797195136547089,True
399,200,17,0.1078406348824501,True
399,200,18,0.11207163333892822,True
399,200,19,0.11717155575752258,True
399,200,20,0.11081155389547348,True
399,200,21,0.10808184742927551,True
399,200,22,0.1072203740477562,True
399,200,23,0.10819174349308014,True
399,200,24,0.10832119733095169,True
399,200,25,0.10837242007255554,True
399,200,26,0.1072809100151062,True
399,200,27,0.10699033737182617,True
399,200,28,0.10872259736061096,True
399,200,29,0.1096213236451149,True
399,200,30,0.10805204510688782,True
399,200,31,0.10835099965333939,True
399,200,32,0.1079309731721878,True
399,200,33,0.10763201862573624,True
399,200,34,0.10710116475820541,True
399,200,35,0.10780245065689087,True
399,200,36,0.10689161717891693,True
399,200,37,0.10848138481378555,True
399,200,38,0.11449214071035385,True
399,200,39,0.10809116065502167,True
399,200,40,0.10815262794494629,True
399,200,41,0.10771118104457855,True
399,200,42,0.11180248111486435,True
399,200,43,0.1078406348824501,True
399,200,44,0.10763201862573624,True
399,200,45,0.11170096695423126,True
399,200,46,0.10757148265838623,True
399,200,47,0.11557061225175858,True
399,200,48,0.10867137461900711,True
399,200,49,0.10764040052890778,True
399,400,0,0.18286239355802536,True
399,400,1,0.1231413334608078,True
399,400,2,0.12061186134815216,True
399,400,3,0.11425279080867767,True
399,400,4,0.11264067143201828,True
399,400,5,0.11185184121131897,True
399,400,6,0.11732149869203568,True
399,400,7,0.11382251977920532,True
399,400,8,0.11106021702289581,True
399,400,9,0.1107528805732727,True
399,400,10,0.11061038821935654,True
399,400,11,0.11077150702476501,True
399,400,12,0.11394079774618149,True
399,400,13,0.1103915274143219,True
399,400,14,0.11016055941581726,True
399,400,15,0.11111143976449966,True
399,400,16,0.11272076517343521,True
399,400,17,0.1095915213227272,True
399,400,18,0.10987091809511185,True
399,400,19,0.10976195335388184,True
399,400,20,0.10915100574493408,True
399,400,21,0.10909140110015869,True
399,400,22,0.10870210826396942,True
399,400,23,0.11016149073839188,True
399,400,24,0.11775176972150803,True
399,400,25,0.11159107089042664,True
399,400,26,0.10938197374343872,True
399,400,27,0.10903086513280869,True
399,400,28,0.10896194726228714,True
399,400,29,0.11140108108520508,True
399,400,30,0.1108609139919281,True
399,400,31,0.10892190039157867,True
399,400,32,0.1087309792637825,True
399,400,33,0.1145014539361,True
399,400,34,0.11442042887210846,True
399,400,35,0.10882224887609482,True
399,400,36,0.10844040662050247,True
399,400,37,0.1085326075553894,True
399,400,38,0.1087607815861702,True
399,400,39,0.10890047997236252,True
399,400,40,0.10882224887609482,True
399,400,41,0.10893121361732483,True
399,400,42,0.11348258703947067,True
399,400,43,0.11176150292158127,True
399,400,44,0.1092720776796341,True
399,400,45,0.10964088141918182,True
399,400,46,0.10875239968299866,True
399,400,47,0.10957103222608566,True
399,400,48,0.10890234261751175,True
399,400,49,0.10922085493803024,True
399,800,0,0.19580312073230743,True
399,800,1,0.1261914148926735,True
399,800,2,0.12484192848205566,True
399,800,3,0.11821184307336807,True
399,800,4,0.12414064258337021,True
399,800,5,0.12028217315673828,True
399,800,6,0.11828076094388962,True
399,800,7,0.11591147631406784,True
399,800,8,0.11520087718963623,True
399,800,9,0.1156320795416832,True
399,800,10,0.11394079774618149,True
399,800,11,0.11466257274150848,True
399,800,12,0.11408142745494843,True
399,800,13,0.11370144784450531,True
399,800,14,0.11467095464468002,True
399,800,15,0.11640135198831558,True
399,800,16,0.11390075087547302,True
399,800,17,0.11351238936185837,True
399,800,18,0.11461134999990463,True
399,800,19,0.11447165161371231,True
399,800,20,0.11451076716184616,True
399,800,21,0.11292193084955215,True
399,800,22,0.1129908487200737,True
399,800,23,0.121372751891613,True
399,800,24,0.11428073048591614,True
399,800,25,0.11358223855495453,True
399,800,26,0.11344067752361298,True
399,800,27,0.11325161904096603,True
399,800,28,0.11365115642547607,True
399,800,29,0.1127021387219429,True
399,800,30,0.11365115642547607,True
399,800,31,0.11503137648105621,True
399,800,32,0.11585094034671783,True
399,800,33,0.11412147432565689,True
399,800,34,0.11884141713380814,True
399,800,35,0.11368189007043839,True
399,800,36,0.11311192065477371,True
399,800,37,0.11377129703760147,True
399,800,38,0.11375080794095993,True
399,800,39,0.11345092207193375,True
399,800,40,0.11399202048778534,True
399,800,41,0.11902116239070892,True
399,800,42,0.1138811931014061,True
399,800,43,0.11431053280830383,True
399,800,44,0.11479202657938004,True
399,800,45,0.11366046965122223,True
399,800,46,0.11311192065477371,True
399,800,47,0.11346116662025452,True
399,800,48,0.11351145803928375,True
399,800,49,0.11922139674425125,True
399,1600,0,0.18892250955104828,True
399,1600,1,0.1317216083407402,True
399,1600,2,0.1302119344472885,True
399,1600,3,0.12907106429338455,True
399,1600,4,0.12585148215293884,True
399,1600,5,0.12272223830223083,True
399,1600,6,0.12326054275035858,True
399,1600,7,0.12029241770505905,True
399,1600,8,0.11960044503211975,True
399,1600,9,0.11911150068044662,True
399,1600,10,0.12043118476867676,True
399,1600,11,0.12020207941532135,True
399,1600,12,0.1198621466755867,True
399,1600,13,0.12543052434921265,True
399,1600,14,0.12206193059682846,True
399,1600,15,0.12098066508769989,True
399,1600,16,0.12013223022222519,True
399,1600,17,0.11987052857875824,True
399,1600,18,0.12392271310091019,True
399,1600,19,0.11882279068231583,True
399,1600,20,0.11913105845451355,True
399,1600,21,0.11896248906850815,True
399,1600,22,0.12856163084506989,True
399,1600,23,0.12075155973434448,True
399,1600,24,0.11839158833026886,True
399,1600,25,0.1191217452287674,True
399,1600,26,0.11878181248903275,True
399,1600,27,0.11836085468530655,True
399,1600,28,0.1184120774269104,True
399,1600,29,0.11808052659034729,True
399,1600,30,0.1203017309308052,True
399,1600,31,0.12137088924646378,True
399,1600,32,0.11875201016664505,True
399,1600,33,0.11825282126665115,True
399,1600,34,0.11787097901105881,True
399,1600,35,0.1185024157166481,True
399,1600,36,0.11859089136123657,True
399,1600,37,0.11772196739912033,True
399,1600,38,0.12856163084506989,True
399,1600,39,0.12439209967851639,True
399,1600,40,0.11932197958230972,True
399,1600,41,0.11850148439407349,True
399,1600,42,0.1188516616821289,True
399,1600,43,0.11849123984575272,True
399,1600,44,0.1183217391371727,True
399,1600,45,0.1245308667421341,True
399,1600,46,0.11891219764947891,True
399,1600,47,0.1262817531824112,True
399,1600,48,0.11895224452018738,True
399,1600,49,0.1186709851026535,True
399,3200,0,0.22375304251909256,True
399,3200,1,0.14356151223182678,True
399,3200,2,0.1371419057250023,True
399,3200,3,0.13875029981136322,True
399,3200,4,0.13432186096906662,True
399,3200,5,0.13369135558605194,True
399,3200,6,0.13617239892482758,True
399,3200,7,0.1340806484222412,True
399,3200,8,0.13194233179092407,True
399,3200,9,0.1322515308856964,True
399,3200,10,0.1311320811510086,True
399,3200,11,0.13114139437675476,True
399,3200,12,0.13112183660268784,True
399,3200,13,0.13086199760437012,True
399,3200,14,0.13174116611480713,True
399,3200,15,0.1319916918873787,True
399,3200,16,0.13085175305604935,True
399,3200,17,0.13096164911985397,True
399,3200,18,0.13102218508720398,True
399,3200,19,0.12973137199878693,True
399,3200,20,0.13013090938329697,True
399,3200,21,0.13290159404277802,True
399,3200,22,0.140482559800148,True
399,3200,23,0.13153161853551865,True
399,3200,24,0.13016071170568466,True
399,3200,25,0.13038143515586853,True
399,3200,26,0.13024266809225082,True
399,3200,27,0.1299520954489708,True
399,3200,28,0.132841058075428,True
399,3200,29,0.13111159205436707,True
399,3200,30,0.13303197920322418,True
399,3200,31,0.1306021586060524,True
399,3200,32,0.13001076877117157,True
399,3200,33,0.12994185090065002,True
399,3200,34,0.1308014616370201,True
399,3200,35,0.13048015534877777,True
399,3200,36,0.12960191816091537,True
399,3200,37,0.131191685795784,True
399,3200,38,0.1318417489528656,True
399,3200,39,0.1306626945734024,True
399,3200,40,0.130421482026577,True
399,3200,41,0.1331418752670288,True
399,3200,42,0.13362150639295578,True
399,3200,43,0.13030227273702621,True
399,3200,44,0.13351254165172577,True
399,3200,45,0.1321602612733841,True
399,3200,46,0.1301020383834839,True
399,3200,47,0.12973230332136154,True
399,3200,48,0.12975092977285385,True
399,3200,49,0.12961216270923615,True
399,6400,0,0.22432301193475723,True
399,6400,1,0.16727205365896225,True
399,6400,2,0.16011204570531845,True
399,6400,3,0.15862192958593369,True
399,6400,4,0.1574913039803505,True
399,6400,5,0.1651626080274582,True
399,6400,6,0.15645194798707962,True
399,6400,7,0.1562824472784996,True
399,6400,8,0.1554815098643303,True
399,6400,9,0.16005244106054306,True
399,6400,10,0.1552719622850418,True
399,6400,11,0.15688221901655197,True
399,6400,12,0.15762262046337128,True
399,6400,13,0.15596207231283188,True
399,6400,14,0.15454180538654327,True
399,6400,15,0.154091976583004,True
399,6400,16,0.15454180538654327,True
399,6400,17,0.16955193132162094,True
399,6400,18,0.1576123759150505,True
399,6400,19,0.1548025757074356,True
399,6400,20,0.15449151396751404,True
399,6400,21,0.1542419195175171,True
399,6400,22,0.15375204384326935,True
399,6400,23,0.1545920968055725,True
399,6400,24,0.16277190297842026,True
399,6400,25,0.15731249004602432,True
399,6400,26,0.1537920907139778,True
399,6400,27,0.15404261648654938,True
399,6400,28,0.15378184616565704,True
399,6400,29,0.15396252274513245,True
399,6400,30,0.15434157103300095,True
399,6400,31,0.15683285892009735,True
399,6400,32,0.15387218445539474,True
399,6400,33,0.15361234545707703,True
399,6400,34,0.15376228839159012,True
399,6400,35,0.1544719561934471,True
399,6400,36,0.15396252274513245,True
399,6400,37,0.16265176236629486,True
399,6400,38,0.15479139983654022,True
399,6400,39,0.15390198677778244,True
399,6400,40,0.15437230467796326,True
399,6400,41,0.1541217789053917,True
399,6400,42,0.1532919704914093,True
399,6400,43,0.15469267964363098,True
399,6400,44,0.15635136514902115,True
399,6400,45,0.15504192560911179,True
399,6400,46,0.15444215387105942,True
399,6400,47,0.1537613570690155,True
399,6400,48,0.15411153435707092,True
399,6400,49,0.15392247587442398,True
399,10000,0,0.2672439441084862,True
399,10000,1,0.20234286785125732,True
399,10000,2,0.1867823302745819,True
399,10000,3,0.184742733836174,True
399,10000,4,0.18269289284944534,True
399,10000,5,0.18269196152687073,True
399,10000,6,0.18354132771492004,True
399,10000,7,0.1834426075220108,True
399,10000,8,0.18144212663173676,True
399,10000,9,0.18670223653316498,True
399,10000,10,0.18068216741085052,True
399,10000,11,0.18013175576925278,True
399,10000,12,0.18757302314043045,True
399,10000,13,0.1814812421798706,True
399,10000,14,0.18053315579891205,True
399,10000,15,0.17978157848119736,True
399,10000,16,0.17987191677093506,True
399,10000,17,0.1804828643798828,True
399,10000,18,0.18165167421102524,True
399,10000,19,0.1797713339328766,True
399,10000,20,0.17837341874837875,True
399,10000,21,0.18274225294589996,True
399,10000,22,0.17881207168102264,True
399,10000,23,0.186283141374588,True
399,10000,24,0.17884280532598495,True
399,10000,25,0.17902255058288574,True
399,10000,26,0.17864257097244263,True
399,10000,27,0.1793624833226204,True
399,10000,28,0.1819012686610222,True
399,10000,29,0.1848628744482994,True
399,10000,30,0.1783827319741249,True
399,10000,31,0.17952267080545425,True
399,10000,32,0.18083304166793823,True
399,10000,33,0.18132198601961136,True
399,10000,34,0.1943334937095642,True
399,10000,35,0.1786220818758011,True
399,10000,36,0.17840228974819183,True
399,10000,37,0.1785624772310257,True
399,10000,38,0.17905235290527344,True
399,10000,39,0.179952010512352,True
399,10000,40,0.18066354095935822,True
399,10000,41,0.1785513013601303,True
399,10000,42,0.1781722530722618,True
399,10000,43,0.17888285219669342,True
399,10000,44,0.17858203500509262,True
399,10000,45,0.18677115440368652,True
399,10000,46,0.18037296831607819,True
399,10000,47,0.17929170280694962,True
399,10000,48,0.1786826178431511,True
399,10000,49,0.18147286027669907,True
300,1,0,0.14876201748847961,True
300,1,1,0.10203104466199875,True
300,1,2,0.09132083505392075,True
300,1,3,0.08893199265003204,True
300,1,4,0.09180139750242233,True
300,1,5,0.08964166045188904,True
300,1,6,0.08620135486125946,True
300,1,7,0.0851806253194809,True
300,1,8,0.08501112461090088,True
300,1,9,0.08445139974355698,True
300,1,10,0.08402019739151001,True
300,1,11,0.08744187653064728,True
300,1,12,0.08416082710027695,True
300,1,13,0.08437130600214005,True
300,1,14,0.08490122854709625,True
300,1,15,0.08698087185621262,True
300,1,16,0.08576083928346634,True
300,1,17,0.09060092270374298,True
300,1,18,0.08395034819841385,True
300,1,19,0.08368119597434998,True
300,1,20,0.08343253284692764,True
300,1,21,0.08265115320682526,True
300,1,22,0.08369144052267075,True
300,1,23,0.08562114089727402,True
300,1,24,0.08286070078611374,True
300,1,25,0.08468050509691238,True
300,1,26,0.0843508169054985,True
300,1,27,0.08642114698886871,True
300,1,28,0.09393226355314255,True
300,1,29,0.08932128548622131,True
300,1,30,0.08409097790718079,True
300,1,31,0.08466094732284546,True
300,1,32,0.08331146091222763,True
300,1,33,0.08845143020153046,True
300,1,34,0.08398108184337616,True
300,1,35,0.08390098810195923,True
300,1,36,0.08686166256666183,True
300,1,37,0.08367188274860382,True
300,1,38,0.08316151797771454,True
300,1,39,0.09850040078163147,True
300,1,40,0.08679088205099106,True
300,1,41,0.08478108793497086,True
300,1,42,0.0833217054605484,True
300,1,43,0.0836709514260292,True
300,1,44,0.0830506905913353,True
300,1,45,0.08312147110700607,True
300,1,46,0.08337199687957764,True
300,1,47,0.08291099220514297,True
300,1,48,0.08277129381895065,True
300,1,49,0.08322112262248993,True
300,2,0,0.14414172619581223,True
300,2,1,0.0988515093922615,True
300,2,2,0.09184051305055618,True
300,2,3,0.08729100227355957,True
300,2,4,0.08564069867134094,True
300,2,5,0.08599180728197098,True
300,2,6,0.08529052138328552,True
300,2,7,0.08484162390232086,True
300,2,8,0.0881711021065712,True
300,2,9,0.08437037467956543,True
300,2,10,0.08470099419355392,True
300,2,11,0.0858306884765625,True
300,2,12,0.09130127727985382,True
300,2,13,0.08556153625249863,True
300,2,14,0.08466094732284546,True
300,2,15,0.08440110832452774,True
300,2,16,0.08413102477788925,True
300,2,17,0.084620900452137,True
300,2,18,0.08485186845064163,True
300,2,19,0.0858912244439125,True
300,2,20,0.08391030132770538,True
300,2,21,0.08467212319374084,True
300,2,22,0.08706096559762955,True
300,2,23,0.08933059871196747,True
300,2,24,0.08699111640453339,True
300,2,25,0.0843508169054985,True
300,2,26,0.08389074355363846,True
300,2,27,0.08383113890886307,True
300,2,28,0.08324161171913147,True
300,2,29,0.08551031351089478,True
300,2,30,0.08391123265028,True
300,2,31,0.08387118577957153,True
300,2,32,0.08333195000886917,True
300,2,33,0.08375104516744614,True
300,2,34,0.08385162800550461,True
300,2,35,0.08493103086948395,True
300,2,36,0.08710101246833801,True
300,2,37,0.08428096771240234,True
300,2,38,0.083141028881073,True
300,2,39,0.08342135697603226,True
300,2,40,0.0831708312034607,True
300,2,41,0.08273124694824219,True
300,2,42,0.08302181959152222,True
300,2,43,0.08292123675346375,True
300,2,44,0.08892174810171127,True
300,2,45,0.0829910859465599,True
300,2,46,0.08385069668292999,True
300,2,47,0.0895308330655098,True
300,2,48,0.08583161979913712,True
300,2,49,0.08375104516744614,True
300,4,0,0.16040261834859848,True
300,4,1,0.09778141975402832,True
300,4,2,0.09085051715373993,True
300,4,3,0.08827075362205505,True
300,4,4,0.08722208440303802,True
300,4,5,0.08670054376125336,True
300,4,6,0.08619111031293869,True
300,4,7,0.08632149547338486,True
300,4,8,0.08623115718364716,True
300,4,9,0.0911913812160492,True
300,4,10,0.0894526019692421,True
300,4,11,0.08581113070249557,True
300,4,12,0.0852709636092186,True
300,4,13,0.08550100028514862,True
300,4,14,0.08528120815753937,True
300,4,15,0.08432101458311081,True
300,4,16,0.08429121226072311,True
300,4,17,0.08537061512470245,True
300,4,18,0.08637085556983948,True
300,4,19,0.08485186845064163,True
300,4,20,0.08439086377620697,True
300,4,21,0.08585117757320404,True
300,4,22,0.08718110620975494,True
300,4,23,0.08543115109205246,True
300,4,24,0.08453149348497391,True
300,4,25,0.08520111441612244,True
300,4,26,0.08464138954877853,True
300,4,27,0.08484069257974625,True
300,4,28,0.08475128561258316,True
300,4,29,0.084620900452137,True
300,4,30,0.08434057235717773,True
300,4,31,0.08474104106426239,True
300,4,32,0.08440110832452774,True
300,4,33,0.08599087595939636,True
300,4,34,0.08780043572187424,True
300,4,35,0.08534081280231476,True
300,4,36,0.08520111441612244,True
300,4,37,0.0843806192278862,True
300,4,38,0.08462183177471161,True
300,4,39,0.08505024015903473,True
300,4,40,0.08378084748983383,True
300,4,41,0.0839410349726677,True
300,4,42,0.0844709575176239,True
300,4,43,0.09027030318975449,True
300,4,44,0.08920114487409592,True
300,4,45,0.08785165846347809,True
300,4,46,0.0843321904540062,True
300,4,47,0.0851806253194809,True
300,4,48,0.0850306823849678,True
300,4,49,0.08486118167638779,True
300,8,0,0.14139246195554733,True
300,8,1,0.1008007675409317,True
300,8,2,0.09293202310800552,True
300,8,3,0.09162165224552155,True
300,8,4,0.08954107761383057,True
300,8,5,0.08850079029798508,True
300,8,6,0.08789077401161194,True
300,8,7,0.08825119584798813,True
300,8,8,0.08926261216402054,True
300,8,9,0.08766073733568192,True
300,8,10,0.08729100227355957,True
300,8,11,0.0867210328578949,True
300,8,12,0.08643046021461487,True
300,8,13,0.08623115718364716,True
300,8,14,0.08580181747674942,True
300,8,15,0.08564256131649017,True
300,8,16,0.08599087595939636,True
300,8,17,0.08581113070249557,True
300,8,18,0.09071081876754761,True
300,8,19,0.088520348072052,True
300,8,20,0.08677039295434952,True
300,8,21,0.08563138544559479,True
300,8,22,0.08536037057638168,True
300,8,23,0.08540228009223938,True
300,8,24,0.08937064558267593,True
300,8,25,0.08588097989559174,True
300,8,26,0.08479133248329163,True
300,8,27,0.0902106985449791,True
300,8,28,0.08656084537506104,True
300,8,29,0.08542090654373169,True
300,8,30,0.08710101246833801,True
300,8,31,0.08895155042409897,True
300,8,32,0.08665118366479874,True
300,8,33,0.08622091263532639,True
300,8,34,0.08561089634895325,True
300,8,35,0.08523091673851013,True
300,8,36,0.085451640188694,True
300,8,37,0.08498039096593857,True
300,8,38,0.08584093302488327,True
300,8,39,0.08515175431966782,True
300,8,40,0.08482113480567932,True
300,8,41,0.08618086576461792,True
300,8,42,0.09221117943525314,True
300,8,43,0.08696131408214569,True
300,8,44,0.08504185825586319,True
300,8,45,0.08440110832452774,True
300,8,46,0.08453149348497391,True
300,8,47,0.08528027683496475,True
300,8,48,0.08552242070436478,True
300,8,49,0.08486118167638779,True
300,16,0,0.16220193356275558,True
300,16,1,0.10171066969633102,True
300,16,2,0.0955723226070404,True
300,16,3,0.09244028478860855,True
300,16,4,0.09093061089515686,True
300,16,5,0.09019114077091217,True
300,16,6,0.08949078619480133,True
300,16,7,0.08917227387428284,True
300,16,8,0.08986145257949829,True
300,16,9,0.09195134043693542,True
300,16,10,0.08964072912931442,True
300,16,11,0.08859112858772278,True
300,16,12,0.08902139961719513,True
300,16,13,0.08851196616888046,True
300,16,14,0.0887308269739151,True
300,16,15,0.08756108582019806,True
300,16,16,0.08773151785135269,True
300,16,17,0.0882912427186966,True
300,16,18,0.08787121623754501,True
300,16,19,0.09005144238471985,True
300,16,20,0.0898316502571106,True
300,16,21,0.08777063339948654,True
300,16,22,0.08750054985284805,True
300,16,23,0.08688028901815414,True
300,16,24,0.0874912366271019,True
300,16,25,0.08706096559762955,True
300,16,26,0.0872807577252388,True
300,16,27,0.08703209459781647,True
300,16,28,0.08779112249612808,True
300,16,29,0.08665118366479874,True
300,16,30,0.08716154843568802,True
300,16,31,0.09416136890649796,True
300,16,32,0.08933059871196747,True
300,16,33,0.08727144449949265,True
300,16,34,0.08694175630807877,True
300,16,35,0.0871904194355011,True
300,16,36,0.08809100836515427,True
300,16,37,0.0890316441655159,True
300,16,38,0.092371366918087,True
300,16,39,0.08824095129966736,True
300,16,40,0.08751172572374344,True
300,16,41,0.08744187653064728,True
300,16,42,0.08843094110488892,True
300,16,43,0.0902106985449791,True
300,16,44,0.08768029510974884,True
300,16,45,0.08755084127187729,True
300,16,46,0.08785072714090347,True
300,16,47,0.08754152804613113,True
300,16,48,0.08740182965993881,True
300,16,49,0.0874614343047142,True
300,32,0,0.15068147331476212,True
300,32,1,0.10488182306289673,True
300,32,2,0.09730085730552673,True
300,32,3,0.09643100202083588,True
300,32,4,0.09309127926826477,True
300,32,5,0.09214133024215698,True
300,32,6,0.09141117334365845,True
300,32,7,0.09167101234197617,True
300,32,8,0.09055063128471375,True
300,32,9,0.08998066186904907,True
300,32,10,0.0902712345123291,True
300,32,11,0.09029079228639603,True
300,32,12,0.09016226977109909,True
300,32,13,0.09227078408002853,True
300,32,14,0.09281095117330551,True
300,32,15,0.09052082896232605,True
300,32,16,0.09106099605560303,True
300,32,17,0.09034201502799988,True
300,32,18,0.09079091250896454,True
300,32,19,0.090830959379673,True
300,32,20,0.09076111018657684,True
300,32,21,0.09067077189683914,True
300,32,22,0.09082257747650146,True
300,32,23,0.09002070873975754,True
300,32,24,0.09096041321754456,True
300,32,25,0.09295064955949783,True
300,32,26,0.09044166654348373,True
300,32,27,0.09002070873975754,True
300,32,28,0.08982233703136444,True
300,32,29,0.09300094097852707,True
300,32,30,0.09103026241064072,True
300,32,31,0.08996110409498215,True
300,32,32,0.09400118142366409,True
300,32,33,0.08956063538789749,True
300,32,34,0.0898623839020729,True
300,32,35,0.09160116314888,True
300,32,36,0.0920705497264862,True
300,32,37,0.09034108370542526,True
300,32,38,0.0894712284207344,True
300,32,39,0.08975248783826828,True
300,32,40,0.08884072303771973,True
300,32,41,0.08958112448453903,True
300,32,42,0.08926074951887131,True
300,32,43,0.08971057832241058,True
300,32,44,0.09386055171489716,True
300,32,45,0.09057112038135529,True
300,32,46,0.09079091250896454,True
300,32,47,0.09212084114551544,True
300,32,48,0.08976180106401443,True
300,32,49,0.08996110409498215,True
300,64,0,0.17585232853889465,True
300,64,1,0.10547228157520294,True
300,64,2,0.09862147271633148,True
300,64,3,0.09577162563800812,True
300,64,4,0.10118260979652405,True
300,64,5,0.09813066571950912,True
300,64,6,0.09493157267570496,True
300,64,7,0.0932915136218071,True
300,64,8,0.09326077997684479,True
300,64,9,0.09283237159252167,True
300,64,10,0.09316019713878632,True
300,64,11,0.09262096136808395,True
300,64,12,0.09435135871171951,True
300,64,13,0.09239092469215393,True
300,64,14,0.09228195995092392,True
300,64,15,0.09336136281490326,True
300,64,16,0.09543076157569885,True
300,64,17,0.09304191917181015,True
300,64,18,0.09257160127162933,True
300,64,19,0.0918116420507431,True
300,64,20,0.09148102253675461,True
300,64,21,0.09197089821100235,True
300,64,22,0.09181071072816849,True
300,64,23,0.09354203939437866,True
300,64,24,0.09134039282798767,True
300,64,25,0.09203050285577774,True
300,64,26,0.09916070848703384,True
300,64,27,0.09489059448242188,True
300,64,28,0.0929422676563263,True
300,64,29,0.09212177246809006,True
300,64,30,0.09138137102127075,True
300,64,31,0.09168032556772232,True
300,64,32,0.09122118353843689,True
300,64,33,0.09142141789197922,True
300,64,34,0.09198114275932312,True
300,64,35,0.09141117334365845,True
300,64,36,0.09131059050559998,True
300,64,37,0.09958166629076004,True
300,64,38,0.09342189878225327,True
300,64,39,0.09268056601285934,True
300,64,40,0.09256042540073395,True
300,64,41,0.09204074740409851,True
300,64,42,0.09118113666772842,True
300,64,43,0.09158160537481308,True
300,64,44,0.09198114275932312,True
300,64,45,0.09135156869888306,True
300,64,46,0.09153131395578384,True
300,64,47,0.09605102241039276,True
300,64,48,0.09417254477739334,True
300,64,49,0.09198114275932312,True
300,100,0,0.15520118176937103,True
300,100,1,0.10668206959962845,True
300,100,2,0.10119099169969559,True
300,100,3,0.09711086750030518,True
300,100,4,0.09547173976898193,True
300,100,5,0.09548105299472809,True
300,100,6,0.09404122829437256,True
300,100,7,0.09748060256242752,True
300,100,8,0.09321141988039017,True
300,100,9,0.09421166032552719,True
300,100,10,0.09370129555463791,True
300,100,11,0.09348150342702866,True
300,100,12,0.10072160512208939,True
300,100,13,0.09476207196712494,True
300,100,14,0.09307172149419785,True
300,100,15,0.09259115904569626,True
300,100,16,0.09238068014383316,True
300,100,17,0.09248126298189163,True
300,100,18,0.09168218821287155,True
300,100,19,0.09259115904569626,True
300,100,20,0.0925213098526001,True
300,100,21,0.09221117943525314,True
300,100,22,0.09685195982456207,True
300,100,23,0.09489059448242188,True
300,100,24,0.0919615849852562,True
300,100,25,0.09123049676418304,True
300,100,26,0.09111128747463226,True
300,100,27,0.09170267730951309,True
300,100,28,0.0921301543712616,True
300,100,29,0.09145122021436691,True
300,100,30,0.09202118963003159,True
300,100,31,0.09140092879533768,True
300,100,32,0.09224191308021545,True
300,100,33,0.09342096745967865,True
300,100,34,0.09445101022720337,True
300,100,35,0.09225122630596161,True
300,100,36,0.09183119982481003,True
300,100,37,0.09192246943712234,True
300,100,38,0.09234156459569931,True
300,100,39,0.09199045598506927,True
300,100,40,0.09170081466436386,True
300,100,41,0.09115133434534073,True
300,100,42,0.09140092879533768,True
300,100,43,0.09124167263507843,True
300,100,44,0.09265169501304626,True
300,100,45,0.09405054152011871,True
300,100,46,0.0919615849852562,True
300,100,47,0.09219255298376083,True
300,100,48,0.0916607677936554,True
300,100,49,0.09162165224552155,True
300,200,0,0.1522023230791092,True
300,200,1,0.11521205306053162,True
300,200,2,0.10069087147712708,True
300,200,3,0.09760074317455292,True
300,200,4,0.09559094905853271,True
300,200,5,0.09489152580499649,True
300,200,6,0.09442120790481567,True
300,200,7,0.09457021951675415,True
300,200,8,0.09489059448242188,True
300,200,9,0.09876210242509842,True
300,200,10,0.0972207635641098,True
300,200,11,0.1008007675409317,True
300,200,12,0.0965408980846405,True
300,200,13,0.09441189467906952,True
300,200,14,0.0942004844546318,True
300,200,15,0.09428150951862335,True
300,200,16,0.09346101433038712,True
300,200,17,0.0935019925236702,True
300,200,18,0.09387079626321793,True
300,200,19,0.09430106729269028,True
300,200,20,0.09333062916994095,True
300,200,21,0.0950004905462265,True
300,200,22,0.09590201079845428,True
300,200,23,0.09405147284269333,True
300,200,24,0.09315181523561478,True
300,200,25,0.09377114474773407,True
300,200,26,0.09449198842048645,True
300,200,27,0.09339116513729095,True
300,200,28,0.09271129965782166,True
300,200,29,0.09290128946304321,True
300,200,30,0.0929003581404686,True
300,200,31,0.09314063936471939,True
300,200,32,0.0948319211602211,True
300,200,33,0.09992066770792007,True
300,200,34,0.0931108370423317,True
300,200,35,0.09315088391304016,True
300,200,36,0.09224284440279007,True
300,200,37,0.09227171540260315,True
300,200,38,0.09297113865613937,True
300,200,39,0.09315088391304016,True
300,200,40,0.09376183152198792,True
300,200,41,0.09677093476057053,True
300,200,42,0.09248126298189163,True
300,200,43,0.10284129530191422,True
300,200,44,0.09498186409473419,True
300,200,45,0.09254086762666702,True
300,200,46,0.0929906964302063,True
300,200,47,0.09705126285552979,True
300,200,48,0.09197182953357697,True
300,200,49,0.09287148714065552,True
300,400,0,0.15528220683336258,True
300,400,1,0.10951142758131027,True
300,400,2,0.10204128921031952,True
300,400,3,0.09872205555438995,True
300,400,4,0.0977618619799614,True
300,400,5,0.09777117520570755,True
300,400,6,0.09741168469190598,True
300,400,7,0.09712204337120056,True
300,400,8,0.0953013077378273,True
300,400,9,0.09564030915498734,True
300,400,10,0.09548105299472809,True
300,400,11,0.09735208004713058,True
300,400,12,0.09555183351039886,True
300,400,13,0.0945311039686203,True
300,400,14,0.09711179882287979,True
300,400,15,0.09884219616651535,True
300,400,16,0.09479094296693802,True
300,400,17,0.1031709834933281,True
300,400,18,0.09692180901765823,True
300,400,19,0.09529106318950653,True
300,400,20,0.09490083903074265,True
300,400,21,0.0940617173910141,True
300,400,22,0.0945916399359703,True
300,400,23,0.09443238377571106,True
300,400,24,0.09463075548410416,True
300,400,25,0.09440071880817413,True
300,400,26,0.0943206250667572,True
300,400,27,0.0957408919930458,True
300,400,28,0.09691249579191208,True
300,400,29,0.09389128535985947,True
300,400,30,0.09365100413560867,True
300,400,31,0.09334087371826172,True
300,400,32,0.09376183152198792,True
300,400,33,0.09542051702737808,True
300,400,34,0.09461119771003723,True
300,400,35,0.09457115083932877,True
300,400,36,0.09460188448429108,True
300,400,37,0.09418092668056488,True
300,400,38,0.10229088366031647,True
300,400,39,0.09516067802906036,True
300,400,40,0.09431131184101105,True
300,400,41,0.09446125477552414,True
300,400,42,0.09411107748746872,True
300,400,43,0.09429175406694412,True
300,400,44,0.09774230420589447,True
300,400,45,0.09427033364772797,True
300,400,46,0.0944109633564949,True
300,400,47,0.09431038051843643,True
300,400,48,0.09866245090961456,True
300,400,49,0.09603053331375122,True
300,800,0,0.1695426180958748,True
300,800,1,0.11423230171203613,True
300,800,2,0.10560080409049988,True
300,800,3,0.10381173342466354,True
300,800,4,0.10956265032291412,True
300,800,5,0.10143034160137177,True
300,800,6,0.10039098560810089,True
300,800,7,0.10062195360660553,True
300,800,8,0.10062102228403091,True
300,800,9,0.10015163570642471,True
300,800,10,0.0990014523267746,True
300,800,11,0.09965058416128159,True
300,800,12,0.10098051279783249,True
300,800,13,0.09812228381633759,True
300,800,14,0.10788068175315857,True
300,800,15,0.10026153177022934,True
300,800,16,0.09861215949058533,True
300,800,17,0.09851064532995224,True
300,800,18,0.09871087968349457,True
300,800,19,0.09723100811243057,True
300,800,20,0.09849201887845993,True
300,800,21,0.09809061884880066,True
300,800,22,0.09762123227119446,True
300,800,23,0.09741261601448059,True
300,800,24,0.11081062257289886,True
300,800,25,0.09903125464916229,True
300,800,26,0.09857118129730225,True
300,800,27,0.09823217988014221,True
300,800,28,0.0981409102678299,True
300,800,29,0.09723100811243057,True
300,800,30,0.09746197611093521,True
300,800,31,0.10319054126739502,True
300,800,32,0.09745080024003983,True
300,800,33,0.09792111814022064,True
300,800,34,0.11203251779079437,True
300,800,35,0.09873136878013611,True
300,800,36,0.09787175804376602,True
300,800,37,0.09781215339899063,True
300,800,38,0.09797140955924988,True
300,800,39,0.09747035801410675,True
300,800,40,0.09730178862810135,True
300,800,41,0.09905081242322922,True
300,800,42,0.09760074317455292,True
300,800,43,0.09727105498313904,True
300,800,44,0.10591186583042145,True
300,800,45,0.09833090007305145,True
300,800,46,0.09921099990606308,True
300,800,47,0.0981716439127922,True
300,800,48,0.09834114462137222,True
300,800,49,0.09761098772287369,True
300,1600,0,0.17614196985960007,True
300,1600,1,0.11624116450548172,True
300,1600,2,0.10998174548149109,True
300,1600,3,0.10788068175315857,True
300,1600,4,0.10617263615131378,True
300,1600,5,0.10516121983528137,True
300,1600,6,0.10955147445201874,True
300,1600,7,0.10581035166978836,True
300,1600,8,0.10668020695447922,True
300,1600,9,0.1042420044541359,True
300,1600,10,0.10364130139350891,True
300,1600,11,0.10566040873527527,True
300,1600,12,0.1041823998093605,True
300,1600,13,0.10356027632951736,True
300,1600,14,0.10354164987802505,True
300,1600,15,0.10397098958492279,True
300,1600,16,0.10403059422969818,True
300,1600,17,0.10708160698413849,True
300,1600,18,0.10566040873527527,True
300,1600,19,0.10754074901342392,True
300,1600,20,0.10325200855731964,True
300,1600,21,0.10282080620527267,True
300,1600,22,0.10295119136571884,True
300,1600,23,0.10322220623493195,True
300,1600,24,0.10352116078138351,True
300,1600,25,0.10330136865377426,True
300,1600,26,0.10449253022670746,True
300,1600,27,0.10537076741456985,True
300,1600,28,0.10340102016925812,True
300,1600,29,0.10271184146404266,True
300,1600,30,0.10297074913978577,True
300,1600,31,0.10427087545394897,True
300,1600,32,0.1028822734951973,True
300,1600,33,0.10309088975191116,True
300,1600,34,0.10281242430210114,True
300,1600,35,0.10325107723474503,True
300,1600,36,0.10396074503660202,True
300,1600,37,0.10538194328546524,True
300,1600,38,0.1025814563035965,True
300,1600,39,0.10277144610881805,True
300,1600,40,0.10413210839033127,True
300,1600,41,0.10410137474536896,True
300,1600,42,0.10381080210208893,True
300,1600,43,0.1032920554280281,True
300,1600,44,0.1028403639793396,True
300,1600,45,0.10307040065526962,True
300,1600,46,0.1104520633816719,True
300,1600,47,0.10510068386793137,True
300,1600,48,0.10327063500881195,True
300,1600,49,0.10312255471944809,True
300,3200,0,0.18899329006671906,True
300,3200,1,0.12836139649152756,True
300,3200,2,0.12111198157072067,True
300,3200,3,0.11947192251682281,True
300,3200,4,0.11825095862150192,True
300,3200,5,0.11729169636964798,True
300,3200,6,0.11606141924858093,True
300,3200,7,0.12072175741195679,True
300,3200,8,0.12275110930204391,True
300,3200,9,0.11742208153009415,True
300,3200,10,0.11697132140398026,True
300,3200,11,0.11597201228141785,True
300,3200,12,0.1156507059931755,True
300,3200,13,0.11528190225362778,True
300,3200,14,0.11563021689653397,True
300,3200,15,0.11516176164150238,True
300,3200,16,0.12050103396177292,True
300,3200,17,0.11711195111274719,True
300,3200,18,0.11479109525680542,True
300,3200,19,0.11553242802619934,True
300,3200,20,0.11471100151538849,True
300,3200,21,0.11499226093292236,True
300,3200,22,0.11762138456106186,True
300,3200,23,0.11489167809486389,True
300,3200,24,0.11499039828777313,True
300,3200,25,0.11585187166929245,True
300,3200,26,0.11709239333868027,True
300,3200,27,0.11535082012414932,True
300,3200,28,0.11520180851221085,True
300,3200,29,0.11504068970680237,True
300,3200,30,0.11505186557769775,True
300,3200,31,0.115150585770607,True
300,3200,32,0.11440180242061615,True
300,3200,33,0.1224009320139885,True
300,3200,34,0.1227017492055893,True
300,3200,35,0.11478085070848465,True
300,3200,36,0.11447165161371231,True
300,3200,37,0.11442136019468307,True
300,3200,38,0.11507142335176468,True
300,3200,39,0.11506117880344391,True
300,3200,40,0.11433195322751999,True
300,3200,41,0.11482089757919312,True
300,3200,42,0.12023281306028366,True
300,3200,43,0.128881074488163,True
300,3200,44,0.11623185127973557,True
300,3200,45,0.11483114212751389,True
300,3200,46,0.11920183897018433,True
300,3200,47,0.1155603677034378,True
300,3200,48,0.12429244816303253,True
300,3200,49,0.11473242193460464,True
300,6400,0,0.2107536420226097,True
300,6400,1,0.15201233327388763,True
300,6400,2,0.14617200940847397,True
300,6400,3,0.14855246990919113,True
300,6400,4,0.148652121424675,True
300,6400,5,0.14122109860181808,True
300,6400,6,0.15546195209026337,True
300,6400,7,0.14281179755926132,True
300,6400,8,0.1403316855430603,True
300,6400,9,0.14006160199642181,True
300,6400,10,0.14006253331899643,True
300,6400,11,0.1398315653204918,True
300,6400,12,0.1400010660290718,True
300,6400,13,0.14494173228740692,True
300,6400,14,0.14713220298290253,True
300,6400,15,0.14050211757421494,True
300,6400,16,0.13877172023057938,True
300,6400,17,0.13901200145483017,True
300,6400,18,0.1394227147102356,True
300,6400,19,0.13927090913057327,True
300,6400,20,0.1390613615512848,True
300,6400,21,0.1460723578929901,True
300,6400,22,0.13979151844978333,True
300,6400,23,0.13931188732385635,True
300,6400,24,0.13818126171827316,True
300,6400,25,0.13887137174606323,True
300,6400,26,0.13887137174606323,True
300,6400,27,0.13842247426509857,True
300,6400,28,0.1468714326620102,True
300,6400,29,0.14003273099660873,True
300,6400,30,0.13878103345632553,True
300,6400,31,0.13848207890987396,True
300,6400,32,0.13913214206695557,True
300,6400,33,0.1388220116496086,True
300,6400,34,0.13802200555801392,True
300,6400,35,0.14053098857402802,True
300,6400,36,0.13955216854810715,True
300,6400,37,0.13886205852031708,True
300,6400,38,0.14244206249713898,True
300,6400,39,0.13896264135837555,True
300,6400,40,0.1378711313009262,True
300,6400,41,0.13878196477890015,True
300,6400,42,0.14053191989660263,True
300,6400,43,0.1406325027346611,True
300,6400,44,0.1378413289785385,True
300,6400,45,0.13919174671173096,True
300,6400,46,0.13868045061826706,True
300,6400,47,0.1392122358083725,True
300,6400,48,0.13792235404253006,True
300,6400,49,0.13878196477890015,True
300,10000,0,0.24311337620019913,True
300,10000,1,0.1751817762851715,True
300,10000,2,0.17037149518728256,True
300,10000,3,0.17768237739801407,True
300,10000,4,0.1693516969680786,True
300,10000,5,0.16588158905506134,True
300,10000,6,0.16907230019569397,True
300,10000,7,0.16561243683099747,True
300,10000,8,0.16492139548063278,True
300,10000,9,0.1810230314731598,True
300,10000,10,0.1687128096818924,True
300,10000,11,0.16538146883249283,True
300,10000,12,0.16847159713506699,True
300,10000,13,0.16482174396514893,True
300,10000,14,0.1644529402256012,True
300,10000,15,0.16957148909568787,True
300,10000,16,0.1658918336033821,True
300,10000,17,0.16366224735975266,True
300,10000,18,0.1640617847442627,True
300,10000,19,0.16347132623195648,True
300,10000,20,0.1637618988752365,True
300,10000,21,0.16911141574382782,True
300,10000,22,0.18357299268245697,True
300,10000,23,0.16457214951515198,True
300,10000,24,0.16461126506328583,True
300,10000,25,0.16366224735975266,True
300,10000,26,0.16847345978021622,True
300,10000,27,0.17141178250312805,True
300,10000,28,0.1695612445473671,True
300,10000,29,0.16377121210098267,True
300,10000,30,0.16377121210098267,True
300,10000,31,0.16259215772151947,True
300,10000,32,0.1643029972910881,True
300,10000,33,0.16612187027931213,True
300,10000,34,0.16568228602409363,True
300,10000,35,0.16424153000116348,True
300,10000,36,0.16401242464780807,True
300,10000,37,0.17701275646686554,True
300,10000,38,0.16395188868045807,True
300,10000,39,0.17119292169809341,True
300,10000,40,0.16496144235134125,True
300,10000,41,0.1635514199733734,True
300,10000,42,0.1697121188044548,True
300,10000,43,0.16351137310266495,True
300,10000,44,0.164031982421875,True
300,10000,45,0.16487296670675278,True
300,10000,46,0.1653321087360382,True
300,10000,47,0.16325246542692184,True
300,10000,48,0.16887113451957703,True
300,10000,49,0.16437191516160965,True
201,1,0,0.13149064034223557,True
201,1,1,0.08359178900718689,True
201,1,2,0.07620081305503845,True
201,1,3,0.07348041981458664,True
201,1,4,0.07164105772972107,True
201,1,5,0.07127132266759872,True
201,1,6,0.07504131644964218,True
201,1,7,0.07405038923025131,True
201,1,8,0.07085129618644714,True
201,1,9,0.07022079080343246,True
201,1,10,0.07019098848104477,True
201,1,11,0.06994139403104782,True
201,1,12,0.06977096199989319,True
201,1,13,0.06899144500494003,True
201,1,14,0.06922055035829544,True
201,1,15,0.06925128400325775,True
201,1,16,0.06840098649263382,True
201,1,17,0.06961077451705933,True
201,1,18,0.06980076432228088,True
201,1,19,0.07383152842521667,True
201,1,20,0.07066130638122559,True
201,1,21,0.07560104131698608,True
201,1,22,0.0695008784532547,True
201,1,23,0.06903056055307388,True
201,1,24,0.0687306746840477,True
201,1,25,0.06867013871669769,True
201,1,26,0.07456168532371521,True
201,1,27,0.0687604770064354,True
201,1,28,0.06892066448926926,True
201,1,29,0.06830133497714996,True
201,1,30,0.06856117397546768,True
201,1,31,0.0681709498167038,True
201,1,32,0.06880145519971848,True
201,1,33,0.0683814287185669,True
201,1,34,0.07730070501565933,True
201,1,35,0.07203035056591034,True
201,1,36,0.06887037307024002,True
201,1,37,0.06868969649076462,True
201,1,38,0.06880052387714386,True
201,1,39,0.0687604770064354,True
201,1,40,0.07183104753494263,True
201,1,41,0.06832089275121689,True
201,1,42,0.06833113729953766,True
201,1,43,0.0684717670083046,True
201,1,44,0.06870087236166,True
201,1,45,0.06807129830121994,True
201,1,46,0.06783008575439453,True
201,1,47,0.07204152643680573,True
201,1,48,0.0678105279803276,True
201,1,49,0.07655099034309387,True
201,2,0,0.16056187450885773,True
201,2,1,0.0913720577955246,True
201,2,2,0.07763039320707321,True
201,2,3,0.0735018402338028,True
201,2,4,0.07290113717317581,True
201,2,5,0.07137097418308258,True
201,2,6,0.07162988185882568,True
201,2,7,0.07025059312582016,True
201,2,8,0.06907153874635696,True
201,2,9,0.06929133087396622,True
201,2,10,0.06969086825847626,True
201,2,11,0.06893090903759003,True
201,2,12,0.0687604770064354,True
201,2,13,0.06881076842546463,True
201,2,14,0.07553119212388992,True
201,2,15,0.07377099245786667,True
201,2,16,0.07041078060865402,True
201,2,17,0.06935093551874161,True
201,2,18,0.06930995732545853,True
201,2,19,0.06932113319635391,True
201,2,20,0.06871111690998077,True
201,2,21,0.06865151226520538,True
201,2,22,0.0688210129737854,True
201,2,23,0.06819143891334534,True
201,2,24,0.0688815489411354,True
201,2,25,0.06863102316856384,True
201,2,26,0.06860122084617615,True
201,2,27,0.06901007145643234,True
201,2,28,0.07192045450210571,True
201,2,29,0.07709115743637085,True
201,2,30,0.07180124521255493,True
201,2,31,0.0695008784532547,True
201,2,32,0.06847083568572998,True
201,2,33,0.06892066448926926,True
201,2,34,0.06818119436502457,True
201,2,35,0.06870180368423462,True
201,2,36,0.06996095180511475,True
201,2,37,0.0681411474943161,True
201,2,38,0.06849132478237152,True
201,2,39,0.06869994103908539,True
201,2,40,0.06775185465812683,True
201,2,41,0.06866082549095154,True
201,2,42,0.0682910904288292,True
201,2,43,0.07013138383626938,True
201,2,44,0.07139146327972412,True
201,2,45,0.06878096610307693,True
201,2,46,0.06872043013572693,True
201,2,47,0.06821099668741226,True
201,2,48,0.06878096610307693,True
201,2,49,0.06887968629598618,True
201,4,0,0.1528523862361908,True
201,4,1,0.08404068648815155,True
201,4,2,0.07664132863283157,True
201,4,3,0.0737309455871582,True
201,4,4,0.07280148565769196,True
201,4,5,0.07188040763139725,True
201,4,6,0.07146038115024567,True
201,4,7,0.07108040153980255,True
201,4,8,0.07134117186069489,True
201,4,9,0.07325038313865662,True
201,4,10,0.07374025881290436,True
201,4,11,0.07056072354316711,True
201,4,12,0.07076095789670944,True
201,4,13,0.06991159170866013,True
201,4,14,0.07040146738290787,True
201,4,15,0.0700904056429863,True
201,4,16,0.06999075412750244,True
201,4,17,0.07059145718812943,True
201,4,18,0.07019098848104477,True
201,4,19,0.07037073373794556,True
201,4,20,0.07034093141555786,True
201,4,21,0.06981100887060165,True
201,4,22,0.07352139800786972,True
201,4,23,0.07069110870361328,True
201,4,24,0.07241126149892807,True
201,4,25,0.07030181586742401,True
201,4,26,0.07021147757768631,True
201,4,27,0.06956048309803009,True
201,4,28,0.06983987987041473,True
201,4,29,0.06948132067918777,True
201,4,30,0.06939098238945007,True
201,4,31,0.06892066448926926,True
201,4,32,0.06909109652042389,True
201,4,33,0.0682910904288292,True
201,4,34,0.06925128400325775,True
201,4,35,0.06953161209821701,True
201,4,36,0.06977096199989319,True
201,4,37,0.0743204727768898,True
201,4,38,0.07230974733829498,True
201,4,39,0.07012113928794861,True
201,4,40,0.07144175469875336,True
201,4,41,0.0699404627084732,True
201,4,42,0.06965175271034241,True
201,4,43,0.07013138383626938,True
201,4,44,0.07021147757768631,True
201,4,45,0.06927084177732468,True
201,4,46,0.06942171603441238,True
201,4,47,0.06996188312768936,True
201,4,48,0.06979051977396011,True
201,4,49,0.06984174251556396,True
201,8,0,0.1305416226387024,True
201,8,1,0.08441135287284851,True
201,8,2,0.08011050522327423,True
201,8,3,0.07847044616937637,True
201,8,4,0.07442105561494827,True
201,8,5,0.07253047078847885,True
201,8,6,0.07196050137281418,True
201,8,7,0.07204059511423111,True
201,8,8,0.07161125540733337,True
201,8,9,0.07182080298662186,True
201,8,10,0.07185060530900955,True
201,8,11,0.07230136543512344,True
201,8,12,0.07215142250061035,True
201,8,13,0.07073022425174713,True
201,8,14,0.07049087435007095,True
201,8,15,0.07247086614370346,True
201,8,16,0.07280148565769196,True
201,8,17,0.07429160177707672,True
201,8,18,0.07105059921741486,True
201,8,19,0.07118098437786102,True
201,8,20,0.07093138992786407,True
201,8,21,0.07126107811927795,True
201,8,22,0.07105059921741486,True
201,8,23,0.070950947701931,True
201,8,24,0.07111020386219025,True
201,8,25,0.07131975144147873,True
201,8,26,0.07145106792449951,True
201,8,27,0.07155071943998337,True
201,8,28,0.07133092731237411,True
201,8,29,0.07478147745132446,True
201,8,30,0.07279030978679657,True
201,8,31,0.07368065416812897,True
201,8,32,0.0715404748916626,True
201,8,33,0.07097143679857254,True
201,8,34,0.07171090692281723,True
201,8,35,0.07100123912096024,True
201,8,36,0.07078051567077637,True
201,8,37,0.07206108421087265,True
201,8,38,0.07155071943998337,True
201,8,39,0.0714203342795372,True
201,8,40,0.07109064608812332,True
201,8,41,0.07198099046945572,True
201,8,42,0.07117167115211487,True
201,8,43,0.07066130638122559,True
201,8,44,0.0775512307882309,True
201,8,45,0.07342081516981125,True
201,8,46,0.07082149386405945,True
201,8,47,0.07080100476741791,True
201,8,48,0.07063057273626328,True
201,8,49,0.07081031799316406,True
201,16,0,0.12706220149993896,True
201,16,1,0.08650030940771103,True
201,16,2,0.08474104106426239,True
201,16,3,0.07934123277664185,True
201,16,4,0.07540080696344376,True
201,16,5,0.07858127355575562,True
201,16,6,0.07389113306999207,True
201,16,7,0.0737607479095459,True
201,16,8,0.07347110658884048,True
201,16,9,0.07316097617149353,True
201,16,10,0.07278937846422195,True
201,16,11,0.07276143878698349,True
201,16,12,0.07375050336122513,True
201,16,13,0.07319077849388123,True
201,16,14,0.07268134504556656,True
201,16,15,0.07783062756061554,True
201,16,16,0.07648114114999771,True
201,16,17,0.0745309516787529,True
201,16,18,0.07313117384910583,True
201,16,19,0.07360149174928665,True
201,16,20,0.07314048707485199,True
201,16,21,0.07316097617149353,True
201,16,22,0.07288064807653427,True
201,16,23,0.07267110049724579,True
201,16,24,0.07327087223529816,True
201,16,25,0.07233023643493652,True
201,16,26,0.07218122482299805,True
201,16,27,0.07406063377857208,True
201,16,28,0.07242150604724884,True
201,16,29,0.07770117372274399,True
201,16,30,0.07546134293079376,True
201,16,31,0.07283128798007965,True
201,16,32,0.07279124110937119,True
201,16,33,0.07273070514202118,True
201,16,34,0.07256027311086655,True
201,16,35,0.0723106786608696,True
201,16,36,0.0724494457244873,True
201,16,37,0.07238145917654037,True
201,16,38,0.07197167724370956,True
201,16,39,0.07231160998344421,True
201,16,40,0.07203035056591034,True
201,16,41,0.07266178727149963,True
201,16,42,0.07215142250061035,True
201,16,43,0.0815410166978836,True
201,16,44,0.07392186671495438,True
201,16,45,0.07235165685415268,True
201,16,46,0.0753309577703476,True
201,16,47,0.07278099656105042,True
201,16,48,0.07249042391777039,True
201,16,49,0.07226131856441498,True
201,32,0,0.12898072600364685,True
201,32,1,0.09322073310613632,True
201,32,2,0.08394196629524231,True
201,32,3,0.0803917646408081,True
201,32,4,0.07813144475221634,True
201,32,5,0.07720105350017548,True
201,32,6,0.07656123489141464,True
201,32,7,0.0768415629863739,True
201,32,8,0.07679127156734467,True
201,32,9,0.07593072950839996,True
201,32,10,0.07581152021884918,True
201,32,11,0.07567089051008224,True
201,32,12,0.07579103112220764,True
201,32,13,0.07472094148397446,True
201,32,14,0.08244160562753677,True
201,32,15,0.07816031575202942,True
201,32,16,0.07571093738079071,True
201,32,17,0.07547158747911453,True
201,32,18,0.08385069668292999,True
201,32,19,0.07557123899459839,True
201,32,20,0.08554104715585709,True
201,32,21,0.07485132664442062,True
201,32,22,0.07471069693565369,True
201,32,23,0.07444154471158981,True
201,32,24,0.07466133683919907,True
201,32,25,0.07482152432203293,True
201,32,26,0.07454119622707367,True
201,32,27,0.07670093327760696,True
201,32,28,0.07760059088468552,True
201,32,29,0.0779610127210617,True
201,32,30,0.0745011493563652,True
201,32,31,0.07501151412725449,True
201,32,32,0.07525179535150528,True
201,32,33,0.0745011493563652,True
201,32,34,0.07583107799291611,True
201,32,35,0.07499102503061295,True
201,32,36,0.0752406194806099,True
201,32,37,0.07558055222034454,True
201,32,38,0.07504131644964218,True
201,32,39,0.07767137140035629,True
201,32,40,0.07573049515485764,True
201,32,41,0.07818080484867096,True
201,32,42,0.0752713531255722,True
201,32,43,0.07472094148397446,True
201,32,44,0.07505994290113449,True
201,32,45,0.07487088441848755,True
201,32,46,0.07424037903547287,True
201,32,47,0.07483083754777908,True
201,32,48,0.0744406133890152,True
201,32,49,0.07417146116495132,True
201,64,0,0.13600196689367294,True
201,64,1,0.09199045598506927,True
201,64,2,0.08637085556983948,True
201,64,3,0.08125044405460358,True
201,64,4,0.07954053580760956,True
201,64,5,0.07898174226284027,True
201,64,6,0.07835123687982559,True
201,64,7,0.07721036672592163,True
201,64,8,0.07694121450185776,True
201,64,9,0.07689092308282852,True
201,64,10,0.07748045027256012,True
201,64,11,0.07709115743637085,True
201,64,12,0.0764206051826477,True
201,64,13,0.07918104529380798,True
201,64,14,0.08658133447170258,True
201,64,15,0.08218176662921906,True
201,64,16,0.07686018943786621,True
201,64,17,0.07709022611379623,True
201,64,18,0.07689092308282852,True
201,64,19,0.07635075598955154,True
201,64,20,0.07672049105167389,True
201,64,21,0.0767810270190239,True
201,64,22,0.07664132863283157,True
201,64,23,0.07669162005186081,True
201,64,24,0.076991505920887,True
201,64,25,0.07728114724159241,True
201,64,26,0.08650124073028564,True
201,64,27,0.07918104529380798,True
201,64,28,0.08022133260965347,True
201,64,29,0.07679127156734467,True
201,64,30,0.0766608864068985,True
201,64,31,0.07614120841026306,True
201,64,32,0.07627066224813461,True
201,64,33,0.07641129195690155,True
201,64,34,0.07554050534963608,True
201,64,35,0.07662083953619003,True
201,64,36,0.07640104740858078,True
201,64,37,0.07667113095521927,True
201,64,38,0.07640104740858078,True
201,64,39,0.0802408903837204,True
201,64,40,0.08408073335886002,True
201,64,41,0.07727090269327164,True
201,64,42,0.07589161396026611,True
201,64,43,0.0759512186050415,True
201,64,44,0.07592141628265381,True
201,64,45,0.07624085992574692,True
201,64,46,0.07629115134477615,True
201,64,47,0.07603038102388382,True
201,64,48,0.07553119212388992,True
201,64,49,0.07580127567052841,True
201,100,0,0.11976156383752823,True
201,100,1,0.08989032357931137,True
201,100,2,0.08366163820028305,True
201,100,3,0.08275080472230911,True
201,100,4,0.0795610249042511,True
201,100,5,0.07917173206806183,True
201,100,6,0.0784415751695633,True
201,100,7,0.09006168693304062,True
201,100,8,0.07945112884044647,True
201,100,9,0.07756147533655167,True
201,100,10,0.0782310962677002,True
201,100,11,0.07748045027256012,True
201,100,12,0.0772206112742424,True
201,100,13,0.07705111056566238,True
201,100,14,0.07712189108133316,True
201,100,15,0.07696077227592468,True
201,100,16,0.07658079266548157,True
201,100,17,0.07675029337406158,True
201,100,18,0.0766608864068985,True
201,100,19,0.07742084562778473,True
201,100,20,0.08760113269090652,True
201,100,21,0.0773705542087555,True
201,100,22,0.0764206051826477,True
201,100,23,0.07711071521043777,True
201,100,24,0.07635075598955154,True
201,100,25,0.07682107388973236,True
201,100,26,0.07638055831193924,True
201,100,27,0.07749069482088089,True
201,100,28,0.0766906887292862,True
201,100,29,0.07600057870149612,True
201,100,30,0.07638148963451385,True
201,100,31,0.07637031376361847,True
201,100,32,0.08651148527860641,True
201,100,33,0.08060131222009659,True
201,100,34,0.07717125117778778,True
201,100,35,0.08106138557195663,True
201,100,36,0.07687043398618698,True
201,100,37,0.0766608864068985,True
201,100,38,0.07617101073265076,True
201,100,39,0.07643084973096848,True
201,100,40,0.07682107388973236,True
201,100,41,0.07634051144123077,True
201,100,42,0.07677171379327774,True
201,100,43,0.08029118180274963,True
201,100,44,0.07622037082910538,True
201,100,45,0.07705111056566238,True
201,100,46,0.07899105548858643,True
201,100,47,0.076991505920887,True
201,100,48,0.07547065615653992,True
201,100,49,0.07623154670000076,True
201,200,0,0.12550223618745804,True
201,200,1,0.096871517598629,True
201,200,2,0.08813105523586273,True
201,200,3,0.08366163820028305,True
201,200,4,0.08125137537717819,True
201,200,5,0.0802408903837204,True
201,200,6,0.08044019341468811,True
201,200,7,0.07970072329044342,True
201,200,8,0.079411081969738,True
201,200,9,0.079411081969738,True
201,200,10,0.07861107587814331,True
201,200,11,0.07871072739362717,True
201,200,12,0.0780811533331871,True
201,200,13,0.083092600107193,True
201,200,14,0.0816909596323967,True
201,200,15,0.07851142436265945,True
201,200,16,0.07818080484867096,True
201,200,17,0.07862132042646408,True
201,200,18,0.07756054401397705,True
201,200,19,0.07806066423654556,True
201,200,20,0.07753074169158936,True
201,200,21,0.07769186049699783,True
201,200,22,0.07689092308282852,True
201,200,23,0.08224137127399445,True
201,200,24,0.0777803361415863,True
201,200,25,0.0771908089518547,True
201,200,26,0.07837079465389252,True
201,200,27,0.08685048669576645,True
201,200,28,0.07723085582256317,True
201,200,29,0.07767044007778168,True
201,200,30,0.07705111056566238,True
201,200,31,0.07734168320894241,True
201,200,32,0.0772206112742424,True
201,200,33,0.07700175046920776,True
201,200,34,0.0772504135966301,True
201,200,35,0.07709115743637085,True
201,200,36,0.07701106369495392,True
201,200,37,0.07713120430707932,True
201,200,38,0.07733050733804703,True
201,200,39,0.07775053381919861,True
201,200,40,0.07908139377832413,True
201,200,41,0.07762107998132706,True
201,200,42,0.07745064795017242,True
201,200,43,0.07735099643468857,True
201,200,44,0.07743015885353088,True
201,200,45,0.07703155279159546,True
201,200,46,0.07766112685203552,True
201,200,47,0.07736124098300934,True
201,200,48,0.07797032594680786,True
201,200,49,0.0771302729845047,True
201,400,0,0.1362524926662445,True
201,400,1,0.09395182132720947,True
201,400,2,0.0909510999917984,True
201,400,3,0.08297059684991837,True
201,400,4,0.08198246359825134,True
201,400,5,0.08153077214956284,True
201,400,6,0.08211098611354828,True
201,400,7,0.08729100227355957,True
201,400,8,0.08061062544584274,True
201,400,9,0.08075125515460968,True
201,400,10,0.08048117160797119,True
201,400,11,0.08019059896469116,True
201,400,12,0.08025113493204117,True
201,400,13,0.08310098201036453,True
201,400,14,0.0801505520939827,True
201,400,15,0.07925182580947876,True
201,400,16,0.0800006091594696,True
201,400,17,0.08546095341444016,True
201,400,18,0.08984096348285675,True
201,400,19,0.08182134479284286,True
201,400,20,0.0798320397734642,True
201,400,21,0.07925089448690414,True
201,400,22,0.07992051541805267,True
201,400,23,0.07957033812999725,True
201,400,24,0.07968023419380188,True
201,400,25,0.07978081703186035,True
201,400,26,0.08208118379116058,True
201,400,27,0.07918104529380798,True
201,400,28,0.0788811594247818,True
201,400,29,0.07916148751974106,True
201,400,30,0.07894076406955719,True
201,400,31,0.08077174425125122,True
201,400,32,0.08575152605772018,True
201,400,33,0.07889047265052795,True
201,400,34,0.07865112274885178,True
201,400,35,0.07884111255407333,True
201,400,36,0.07948093116283417,True
201,400,37,0.07922109216451645,True
201,400,38,0.0787610188126564,True
201,400,39,0.07875170558691025,True
201,400,40,0.07880106568336487,True
201,400,41,0.07774028927087784,True
201,400,42,0.07809046655893326,True
201,400,43,0.08496176451444626,True
201,400,44,0.08178036659955978,True
201,400,45,0.07957033812999725,True
201,400,46,0.0790013000369072,True
201,400,47,0.0779610127210617,True
201,400,48,0.0782012939453125,True
201,400,49,0.07765181362628937,True
201,800,0,0.135921873152256,True
201,800,1,0.09457115083932877,True
201,800,2,0.08865073323249817,True
201,800,3,0.08711125701665878,True
201,800,4,0.08627120405435562,True
201,800,5,0.08681043982505798,True
201,800,6,0.08976086974143982,True
201,800,7,0.08823256939649582,True
201,800,8,0.0854814425110817,True
201,800,9,0.0887308269739151,True
201,800,10,0.08396152406930923,True
201,800,11,0.08353032171726227,True
201,800,12,0.08280109614133835,True
201,800,13,0.08431170135736465,True
201,800,14,0.08396152406930923,True
201,800,15,0.08398108184337616,True
201,800,16,0.08346233516931534,True
201,800,17,0.08449144661426544,True
201,800,18,0.08841138333082199,True
201,800,19,0.08311029523611069,True
201,800,20,0.08313078433275223,True
201,800,21,0.08325185626745224,True
201,800,22,0.08626095950603485,True
201,800,23,0.08306093513965607,True
201,800,24,0.08291099220514297,True
201,800,25,0.08247047662734985,True
201,800,26,0.08649099618196487,True
201,800,27,0.0824909657239914,True
201,800,28,0.0826716423034668,True
201,800,29,0.0919019803404808,True
201,800,30,0.08569099009037018,True
201,800,31,0.08265115320682526,True
201,800,32,0.08244067430496216,True
201,800,33,0.08263159543275833,True
201,800,34,0.08260086178779602,True
201,800,35,0.08307117968797684,True
201,800,36,0.08225161582231522,True
201,800,37,0.082370825111866,True
201,800,38,0.08288118988275528,True
201,800,39,0.08215196430683136,True
201,800,40,0.08268095552921295,True
201,800,41,0.085391104221344,True
201,800,42,0.08443091064691544,True
201,800,43,0.08318107575178146,True
201,800,44,0.08274056017398834,True
201,800,45,0.08227117359638214,True
201,800,46,0.08288118988275528,True
201,800,47,0.08249189704656601,True
201,800,48,0.08282158523797989,True
201,800,49,0.08191075176000595,True
201,1600,0,0.13509206473827362,True
201,1600,1,0.10098051279783249,True
201,1600,2,0.09581167250871658,True
201,1600,3,0.09485054761171341,True
201,1600,4,0.09166169911623001,True
201,1600,5,0.09095016866922379,True
201,1600,6,0.09008031338453293,True
201,1600,7,0.08884258568286896,True
201,1600,8,0.08914060890674591,True
201,1600,9,0.08952058851718903,True
201,1600,10,0.08898042142391205,True
201,1600,11,0.08932128548622131,True
201,1600,12,0.088520348072052,True
201,1600,13,0.09043142199516296,True
201,1600,14,0.09136181324720383,True
201,1600,15,0.08890125900506973,True
201,1600,16,0.08840113878250122,True
201,1600,17,0.0888211652636528,True
201,1600,18,0.08803140372037888,True
201,1600,19,0.08841138333082199,True
201,1600,20,0.0883517786860466,True
201,1600,21,0.0882912427186966,True
201,1600,22,0.08819065988063812,True
201,1600,23,0.0887308269739151,True
201,1600,24,0.08831173181533813,True
201,1600,25,0.09635090827941895,True
201,1600,26,0.08955225348472595,True
201,1600,27,0.08813105523586273,True
201,1600,28,0.0876113772392273,True
201,1600,29,0.08820090442895889,True
201,1600,30,0.08809100836515427,True
201,1600,31,0.0878404825925827,True
201,1600,32,0.08754059672355652,True
201,1600,33,0.08842162787914276,True
201,1600,34,0.0886404886841774,True
201,1600,35,0.08869078010320663,True
201,1600,36,0.08933153003454208,True
201,1600,37,0.08914060890674591,True
201,1600,38,0.08786097168922424,True
201,1600,39,0.0880928710103035,True
201,1600,40,0.08742138743400574,True
201,1600,41,0.08824095129966736,True
201,1600,42,0.0882316380739212,True
201,1600,43,0.088520348072052,True
201,1600,44,0.08732080459594727,True
201,1600,45,0.08823256939649582,True
201,1600,46,0.0915108248591423,True
201,1600,47,0.08978042751550674,True
201,1600,48,0.09022094309329987,True
201,1600,49,0.08816085755825043,True
201,3200,0,0.18611177802085876,True
201,3200,1,0.11342205107212067,True
201,3200,2,0.10747089982032776,True
201,3200,3,0.10498054325580597,True
201,3200,4,0.10319054126739502,True
201,3200,5,0.10223127901554108,True
201,3200,6,0.10187085717916489,True
201,3200,7,0.10836217552423477,True
201,3200,8,0.10176096111536026,True
201,3200,9,0.10214187204837799,True
201,3200,10,0.10115094482898712,True
201,3200,11,0.10075140744447708,True
201,3200,12,0.1005716621875763,True
201,3200,13,0.10063126683235168,True
201,3200,14,0.10105129331350327,True
201,3200,15,0.10031089186668396,True
201,3200,16,0.10551232844591141,True
201,3200,17,0.10365061461925507,True
201,3200,18,0.10083243250846863,True
201,3200,19,0.10138098150491714,True
201,3200,20,0.10023079812526703,True
201,3200,21,0.10072067379951477,True
201,3200,22,0.10013114660978317,True
201,3200,23,0.10038074105978012,True
201,3200,24,0.10039098560810089,True
201,3200,25,0.10102242231369019,True
201,3200,26,0.10276120156049728,True
201,3200,27,0.10427087545394897,True
201,3200,28,0.10058190673589706,True
201,3200,29,0.10060146450996399,True
201,3200,30,0.10093115270137787,True
201,3200,31,0.10069180279970169,True
201,3200,32,0.10087154805660248,True
201,3200,33,0.10080169886350632,True
201,3200,34,0.10014139115810394,True
201,3200,35,0.10037049651145935,True
201,3200,36,0.10142102837562561,True
201,3200,37,0.10416097939014435,True
201,3200,38,0.10018143802881241,True
201,3200,39,0.10002031922340393,True
201,3200,40,0.1004217192530632,True
201,3200,41,0.10064244270324707,True
201,3200,42,0.10031089186668396,True
201,3200,43,0.10038167238235474,True
201,3200,44,0.10001193732023239,True
201,3200,45,0.09990110993385315,True
201,3200,46,0.1010112464427948,True
201,3200,47,0.1021120697259903,True
201,3200,48,0.10020099580287933,True
201,3200,49,0.1003015786409378,True
201,6400,0,0.20866189152002335,True
201,6400,1,0.1346822828054428,True
201,6400,2,0.12914184480905533,True
201,6400,3,0.12640096247196198,True
201,6400,4,0.1261914148926735,True
201,6400,5,0.1261616125702858,True
201,6400,6,0.1302110031247139,True
201,6400,7,0.12759212404489517,True
201,6400,8,0.12843217700719833,True
201,6400,9,0.12460164725780487,True
201,6400,10,0.1245616003870964,True
201,6400,11,0.12941192835569382,True
201,6400,12,0.12436136603355408,True
201,6400,13,0.125981867313385,True
201,6400,14,0.125751830637455,True
201,6400,15,0.12594088912010193,True
201,6400,16,0.12426171451807022,True
201,6400,17,0.12355111539363861,True
201,6400,18,0.12343283742666245,True
201,6400,19,0.12355204671621323,True
201,6400,20,0.1230211928486824,True
201,6400,21,0.12310221791267395,True
201,6400,22,0.12498069554567337,True
201,6400,23,0.12602191418409348,True
201,6400,24,0.12405123561620712,True
201,6400,25,0.12298114597797394,True
201,6400,26,0.12496113777160645,True
201,6400,27,0.12306217104196548,True
201,6400,28,0.1234905794262886,True
201,6400,29,0.12667197734117508,True
201,6400,30,0.12898072600364685,True
201,6400,31,0.12534111738204956,True
201,6400,32,0.12285169214010239,True
201,6400,33,0.12338068336248398,True
201,6400,34,0.12297183275222778,True
201,6400,35,0.12308172881603241,True
201,6400,36,0.12346077710390091,True
201,6400,37,0.12337230145931244,True
201,6400,38,0.1281118020415306,True
201,6400,39,0.1285811886191368,True
201,6400,40,0.12313202023506165,True
201,6400,41,0.12307055294513702,True
201,6400,42,0.12311246246099472,True
201,6400,43,0.12342073023319244,True
201,6400,44,0.12310221791267395,True
201,6400,45,0.12290198355913162,True
201,6400,46,0.12810062617063522,True
201,6400,47,0.1262519508600235,True
201,6400,48,0.12362189590930939,True
201,6400,49,0.12520048767328262,True
201,10000,0,0.2107527107000351,True
201,10000,1,0.16036257147789001,True
201,10000,2,0.15535205602645874,True
201,10000,3,0.15265122056007385,True
201,10000,4,0.15182141214609146,True
201,10000,5,0.1504821702837944,True
201,10000,6,0.1502418890595436,True
201,10000,7,0.15028193593025208,True
201,10000,8,0.16077235341072083,True
201,10000,9,0.1506321132183075,True
201,10000,10,0.14993175864219666,True
201,10000,11,0.14892220497131348,True
201,10000,12,0.1498619094491005,True
201,10000,13,0.14925189316272736,True
201,10000,14,0.154031440615654,True
201,10000,15,0.15102140605449677,True
201,10000,16,0.14843139797449112,True
201,10000,17,0.14891289174556732,True
201,10000,18,0.14793220907449722,True
201,10000,19,0.14806166291236877,True
201,10000,20,0.14840252697467804,True
201,10000,21,0.15550199896097183,True
201,10000,22,0.1508425921201706,True
201,10000,23,0.14858227223157883,True
201,10000,24,0.14778133481740952,True
201,10000,25,0.14917179942131042,True
201,10000,26,0.1480216160416603,True
201,10000,27,0.1477021723985672,True
201,10000,28,0.1558121293783188,True
201,10000,29,0.14902185648679733,True
201,10000,30,0.14778226613998413,True
201,10000,31,0.14812219887971878,True
201,10000,32,0.1493021845817566,True
201,10000,33,0.14807190746068954,True
201,10000,34,0.1505715772509575,True
201,10000,35,0.15017203986644745,True
201,10000,36,0.14814268797636032,True
201,10000,37,0.14916248619556427,True
201,10000,38,0.14821160584688187,True
201,10000,39,0.14804210513830185,True
201,10000,40,0.15920214354991913,True
201,10000,41,0.15005189925432205,True
201,10000,42,0.14919228851795197,True
201,10000,43,0.14783162623643875,True
201,10000,44,0.14852173626422882,True
201,10000,45,0.14781206846237183,True
201,10000,46,0.1475522294640541,True
201,10000,47,0.15452224761247635,True
201,10000,48,0.15576276928186417,True
201,10000,49,0.14831218868494034,True
99,1,0,0.10112021118402481,True
99,1,1,0.06615091115236282,True
99,1,2,0.05993153899908066,True
99,1,3,0.057291239500045776,True
99,1,4,0.05612056702375412,True
99,1,5,0.055909156799316406,True
99,1,6,0.055140815675258636,True
99,1,7,0.05484092980623245,True
99,1,8,0.06046053022146225,True
99,1,9,0.057159923017024994,True
99,1,10,0.055140815675258636,True
99,1,11,0.05434080958366394,True
99,1,12,0.05349982529878616,True
99,1,13,0.05377084016799927,True
99,1,14,0.053960829973220825,True
99,1,15,0.054380856454372406,True
99,1,16,0.053690746426582336,True
99,1,17,0.05358085036277771,True
99,1,18,0.05343183875083923,True
99,1,19,0.05345046520233154,True
99,1,20,0.053180381655693054,True
99,1,21,0.053610652685165405,True
99,1,22,0.053180381655693054,True
99,1,23,0.05315057933330536,True
99,1,24,0.05353149026632309,True
99,1,25,0.05382951349020004,True
99,1,26,0.0529903918504715,True
99,1,27,0.06134063005447388,True
99,1,28,0.054741278290748596,True
99,1,29,0.05988962948322296,True
99,1,30,0.057901255786418915,True
99,1,31,0.05400087684392929,True
99,1,32,0.053470954298973083,True
99,1,33,0.05356036126613617,True
99,1,34,0.05345046520233154,True
99,1,35,0.05354173481464386,True
99,1,36,0.05371030420064926,True
99,1,37,0.05359109491109848,True
99,1,38,0.054040923714637756,True
99,1,39,0.0528702512383461,True
99,1,40,0.0553913414478302,True
99,1,41,0.06184075027704239,True
99,1,42,0.05344115197658539,True
99,1,43,0.05687028169631958,True
99,1,44,0.052930787205696106,True
99,1,45,0.06130151450634003,True
99,1,46,0.05562137812376022,True
99,1,47,0.06056949496269226,True
99,1,48,0.05945097655057907,True
99,1,49,0.05312170833349228,True
99,2,0,0.10428112000226974,True
99,2,1,0.06767082959413528,True
99,2,2,0.05957111716270447,True
99,2,3,0.05745142698287964,True
99,2,4,0.05526933819055557,True
99,2,5,0.05599111318588257,True
99,2,6,0.054640695452690125,True
99,2,7,0.05482137203216553,True
99,2,8,0.05885027348995209,True
99,2,9,0.06325170397758484,True
99,2,10,0.05443114787340164,True
99,2,11,0.05331169813871384,True
99,2,12,0.05314033478498459,True
99,2,13,0.05296152085065842,True
99,2,14,0.053081661462783813,True
99,2,15,0.05658995360136032,True
99,2,16,0.05580112338066101,True
99,2,17,0.05310121923685074,True
99,2,18,0.05311053246259689,True
99,2,19,0.05269981920719147,True
99,2,20,0.05334150046110153,True
99,2,21,0.05314033478498459,True
99,2,22,0.05264021456241608,True
99,2,23,0.05260109901428223,True
99,2,24,0.053190626204013824,True
99,2,25,0.052819959819316864,True
99,2,26,0.05263090133666992,True
99,2,27,0.05206093192100525,True
99,2,28,0.05291961133480072,True
99,2,29,0.05306024104356766,True
99,2,30,0.05227047950029373,True
99,2,31,0.05215965211391449,True
99,2,32,0.051841139793395996,True
99,2,33,0.052111223340034485,True
99,2,34,0.059040263295173645,True
99,2,35,0.05456060171127319,True
99,2,36,0.05298107862472534,True
99,2,37,0.05280040204524994,True
99,2,38,0.051859766244888306,True
99,2,39,0.05306117236614227,True
99,2,40,0.05243159830570221,True
99,2,41,0.052140094339847565,True
99,2,42,0.052741728723049164,True
99,2,43,0.0528702512383461,True
99,2,44,0.05238037556409836,True
99,2,45,0.05179084837436676,True
99,2,46,0.05201064050197601,True
99,2,47,0.05223974585533142,True
99,2,48,0.05265139043331146,True
99,2,49,0.05195103585720062,True
99,4,0,0.10742153972387314,True
99,4,1,0.06626080721616745,True
99,4,2,0.059359706938266754,True
99,4,3,0.05766097456216812,True
99,4,4,0.056590884923934937,True
99,4,5,0.0609811395406723,True
99,4,6,0.06385147571563721,True
99,4,7,0.05684979259967804,True
99,4,8,0.05578063428401947,True
99,4,9,0.05572102963924408,True
99,4,10,0.05322042852640152,True
99,4,11,0.056461431086063385,True
99,4,12,0.0529903918504715,True
99,4,13,0.053690746426582336,True
99,4,14,0.05877949297428131,True
99,4,15,0.05427096039056778,True
99,4,16,0.05332101136445999,True
99,4,17,0.054290518164634705,True
99,4,18,0.053520314395427704,True
99,4,19,0.05352124571800232,True
99,4,20,0.053940340876579285,True
99,4,21,0.053831376135349274,True
99,4,22,0.053960829973220825,True
99,4,23,0.054181553423404694,True
99,4,24,0.06246007978916168,True
99,4,25,0.05464162677526474,True
99,4,26,0.053981319069862366,True
99,4,27,0.05310028791427612,True
99,4,28,0.052840448915958405,True
99,4,29,0.05379039794206619,True
99,4,30,0.05300063639879227,True
99,4,31,0.053229741752147675,True
99,4,32,0.053131021559238434,True
99,4,33,0.05377084016799927,True
99,4,34,0.052900053560733795,True
99,4,35,0.053540803492069244,True
99,4,36,0.05416106432676315,True
99,4,37,0.053729861974716187,True
99,4,38,0.05337968468666077,True
99,4,39,0.05416106432676315,True
99,4,40,0.05351100116968155,True
99,4,41,0.05356036126613617,True
99,4,42,0.05474034696817398,True
99,4,43,0.05656108260154724,True
99,4,44,0.05399063229560852,True
99,4,45,0.053911469876766205,True
99,4,46,0.0536404550075531,True
99,4,47,0.053190626204013824,True
99,4,48,0.05307979881763458,True
99,4,49,0.0530509278178215,True
99,8,0,0.1254817470908165,True
99,8,1,0.06760098040103912,True
99,8,2,0.06116088479757309,True
99,8,3,0.06362982094287872,True
99,8,4,0.057200901210308075,True
99,8,5,0.05681067705154419,True
99,8,6,0.05632080137729645,True
99,8,7,0.05610007792711258,True
99,8,8,0.055310316383838654,True
99,8,9,0.056041404604911804,True
99,8,10,0.05527026951313019,True
99,8,11,0.05555059760808945,True
99,8,12,0.054980628192424774,True
99,8,13,0.06144028156995773,True
99,8,14,0.05818996578454971,True
99,8,15,0.05490146577358246,True
99,8,16,0.05552079528570175,True
99,8,17,0.0545307993888855,True
99,8,18,0.05448982119560242,True
99,8,19,0.05508027970790863,True
99,8,20,0.05448050796985626,True
99,8,21,0.05476921796798706,True
99,8,22,0.05445070564746857,True
99,8,23,0.054280273616313934,True
99,8,24,0.054391101002693176,True
99,8,25,0.054300762712955475,True
99,8,26,0.05439016968011856,True
99,8,27,0.05461089313030243,True
99,8,28,0.05425047129392624,True
99,8,29,0.05379039794206619,True
99,8,30,0.05409028381109238,True
99,8,31,0.05558133125305176,True
99,8,32,0.06140023469924927,True
99,8,33,0.0557703897356987,True
99,8,34,0.05405116826295853,True
99,8,35,0.05786120891571045,True
99,8,36,0.05387980490922928,True
99,8,37,0.05413126200437546,True
99,8,38,0.05366094410419464,True
99,8,39,0.0543203204870224,True
99,8,40,0.053981319069862366,True
99,8,41,0.05337130278348923,True
99,8,42,0.053091906011104584,True
99,8,43,0.05314964801073074,True
99,8,44,0.05336105823516846,True
99,8,45,0.0544404610991478,True
99,8,46,0.05380995571613312,True
99,8,47,0.05420111119747162,True
99,8,48,0.054030679166316986,True
99,8,49,0.054430216550827026,True
99,16,0,0.09946059435606003,True
99,16,1,0.06877072155475616,True
99,16,2,0.06363075226545334,True
99,16,3,0.060490332543849945,True
99,16,4,0.058921054005622864,True
99,16,5,0.05852989852428436,True
99,16,6,0.058521516621112823,True
99,16,7,0.05701091140508652,True
99,16,8,0.05724094808101654,True
99,16,9,0.062230974435806274,True
99,16,10,0.06019044667482376,True
99,16,11,0.0573405995965004,True
99,16,12,0.05661044269800186,True
99,16,13,0.05633104592561722,True
99,16,14,0.05561020225286484,True
99,16,15,0.05635153502225876,True
99,16,16,0.05726143717765808,True
99,16,17,0.056191347539424896,True
99,16,18,0.05564000457525253,True
99,16,19,0.05547143518924713,True
99,16,20,0.05562137812376022,True
99,16,21,0.05525071173906326,True
99,16,22,0.05593150854110718,True
99,16,23,0.0552712008357048,True
99,16,24,0.055451877415180206,True
99,16,25,0.05599018186330795,True
99,16,26,0.0553913414478302,True
99,16,27,0.056780874729156494,True
99,16,28,0.05890056490898132,True
99,16,29,0.06945990025997162,True
99,16,30,0.05555152893066406,True
99,16,31,0.05565118044614792,True
99,16,32,0.055400654673576355,True
99,16,33,0.05604047328233719,True
99,16,34,0.05569029599428177,True
99,16,35,0.055361539125442505,True
99,16,36,0.05557108670473099,True
99,16,37,0.05539972335100174,True
99,16,38,0.055421143770217896,True
99,16,39,0.055400654673576355,True
99,16,40,0.0550905242562294,True
99,16,41,0.05477108061313629,True
99,16,42,0.05494058132171631,True
99,16,43,0.055159442126750946,True
99,16,44,0.0553010031580925,True
99,16,45,0.0631408765912056,True
99,16,46,0.05701091140508652,True
99,16,47,0.05554966628551483,True
99,16,48,0.05562044680118561,True
99,16,49,0.055680982768535614,True
99,32,0,0.1407219097018242,True
99,32,1,0.07189065217971802,True
99,32,2,0.0650305300951004,True
99,32,3,0.06306078284978867,True
99,32,4,0.061190687119960785,True
99,32,5,0.061149708926677704,True
99,32,6,0.06022118031978607,True
99,32,7,0.059740617871284485,True
99,32,8,0.058980658650398254,True
99,32,9,0.05924049764871597,True
99,32,10,0.05826074630022049,True
99,32,11,0.05815085023641586,True
99,32,12,0.07017143070697784,True
99,32,13,0.06205122917890549,True
99,32,14,0.05917996168136597,True
99,32,15,0.058731064200401306,True
99,32,16,0.062300823628902435,True
99,32,17,0.05866028368473053,True
99,32,18,0.05842093378305435,True
99,32,19,0.05881022661924362,True
99,32,20,0.058941543102264404,True
99,32,21,0.05903095006942749,True
99,32,22,0.05805119872093201,True
99,32,23,0.05774013698101044,True
99,32,24,0.05751103162765503,True
99,32,25,0.05860067903995514,True
99,32,26,0.05817040801048279,True
99,32,27,0.057919882237911224,True
99,32,28,0.058220699429512024,True
99,32,29,0.059330835938453674,True
99,32,30,0.06252061575651169,True
99,32,31,0.058230943977832794,True
99,32,32,0.05818996578454971,True
99,32,33,0.058630481362342834,True
99,32,34,0.05801115185022354,True
99,32,35,0.057891011238098145,True
99,32,36,0.057889148592948914,True
99,32,37,0.058370642364025116,True
99,32,38,0.057971104979515076,True
99,32,39,0.05851127207279205,True
99,32,40,0.05823001265525818,True
99,32,41,0.05854107439517975,True
99,32,42,0.06659142673015594,True
99,32,43,0.057870522141456604,True
99,32,44,0.058329664170742035,True
99,32,45,0.05730148404836655,True
99,32,46,0.05875062197446823,True
99,32,47,0.06027147173881531,True
99,32,48,0.058259814977645874,True
99,32,49,0.05805119872093201,True
99,64,0,0.1288214698433876,True
99,64,1,0.07262080907821655,True
99,64,2,0.0664805993437767,True
99,64,3,0.06340071558952332,True
99,64,4,0.06257090717554092,True
99,64,5,0.061960890889167786,True
99,64,6,0.06152968853712082,True
99,64,7,0.06108079105615616,True
99,64,8,0.06062071770429611,True
99,64,9,0.06076134741306305,True
99,64,10,0.06081070750951767,True
99,64,11,0.07038004696369171,True
99,64,12,0.06176158785820007,True
99,64,13,0.05955062806606293,True
99,64,14,0.06114039570093155,True
99,64,15,0.06205122917890549,True
99,64,16,0.05938950926065445,True
99,64,17,0.06515160202980042,True
99,64,18,0.05937088280916214,True
99,64,19,0.05930103361606598,True
99,64,20,0.05921162664890289,True
99,64,21,0.059519894421100616,True
99,64,22,0.06478186696767807,True
99,64,23,0.06956048309803009,True
99,64,24,0.061270780861377716,True
99,64,25,0.0597415491938591,True
99,64,26,0.059091486036777496,True
99,64,27,0.08118059486150742,True
99,64,28,0.06311014294624329,True
99,64,29,0.060381367802619934,True
99,64,30,0.05926098674535751,True
99,64,31,0.05989056080579758,True
99,64,32,0.06023142486810684,True
99,64,33,0.06103049963712692,True
99,64,34,0.05963072180747986,True
99,64,35,0.059130601584911346,True
99,64,36,0.05904119461774826,True
99,64,37,0.058749690651893616,True
99,64,38,0.05918089300394058,True
99,64,39,0.059621408581733704,True
99,64,40,0.059271231293678284,True
99,64,41,0.06198044866323471,True
99,64,42,0.0590495765209198,True
99,64,43,0.05990080535411835,True
99,64,44,0.06227102130651474,True
99,64,45,0.05955155938863754,True
99,64,46,0.059050507843494415,True
99,64,47,0.058679841458797455,True
99,64,48,0.059421174228191376,True
99,64,49,0.059271231293678284,True
99,100,0,0.13145152479410172,True
99,100,1,0.07749069482088089,True
99,100,2,0.06710086017847061,True
99,100,3,0.06530992686748505,True
99,100,4,0.06330106407403946,True
99,100,5,0.06701052188873291,True
99,100,6,0.06479118019342422,True
99,100,7,0.06105098873376846,True
99,100,8,0.06070081144571304,True
99,100,9,0.06060022860765457,True
99,100,10,0.06068125367164612,True
99,100,11,0.060371123254299164,True
99,100,12,0.06384123116731644,True
99,100,13,0.06020069122314453,True
99,100,14,0.06041955202817917,True
99,100,15,0.05999114364385605,True
99,100,16,0.05979090929031372,True
99,100,17,0.06401073187589645,True
99,100,18,0.05964003503322601,True
99,100,19,0.05993153899908066,True
99,100,20,0.05958136171102524,True
99,100,21,0.06542075425386429,True
99,100,22,0.06430130451917648,True
99,100,23,0.06033945828676224,True
99,100,24,0.05949102342128754,True
99,100,25,0.05981139838695526,True
99,100,26,0.05918089300394058,True
99,100,27,0.05961116403341293,True
99,100,28,0.06554927676916122,True
99,100,29,0.059380196034908295,True
99,100,30,0.059001147747039795,True
99,100,31,0.05923118442296982,True
99,100,32,0.05928054451942444,True
99,100,33,0.058960169553756714,True
99,100,34,0.059531070291996,True
99,100,35,0.05902070552110672,True
99,100,36,0.059330835938453674,True
99,100,37,0.05999952554702759,True
99,100,38,0.06101094186306,True
99,100,39,0.06204098463058472,True
99,100,40,0.06048101931810379,True
99,100,41,0.059750862419605255,True
99,100,42,0.06328057497739792,True
99,100,43,0.059701502323150635,True
99,100,44,0.06530061364173889,True
99,100,45,0.05997065454721451,True
99,100,46,0.05943048745393753,True
99,100,47,0.06362982094287872,True
99,100,48,0.059281475841999054,True
99,100,49,0.0594407320022583,True
99,200,0,0.10332092642784119,True
99,200,1,0.07362011820077896,True
99,200,2,0.06767082959413528,True
99,200,3,0.06556138396263123,True
99,200,4,0.06420165300369263,True
99,200,5,0.06305146962404251,True
99,200,6,0.06462167948484421,True
99,200,7,0.06153993308544159,True
99,200,8,0.06258022040128708,True
99,200,9,0.06330106407403946,True
99,200,10,0.06193108856678009,True
99,200,11,0.06122048944234848,True
99,200,12,0.06534997373819351,True
99,200,13,0.06143096834421158,True
99,200,14,0.06149057298898697,True
99,200,15,0.06143096834421158,True
99,200,16,0.060920603573322296,True
99,200,17,0.0639893114566803,True
99,200,18,0.06171036511659622,True
99,200,19,0.06463099271059036,True
99,200,20,0.060910359025001526,True
99,200,21,0.0607101246714592,True
99,200,22,0.06189011037349701,True
99,200,23,0.0602109357714653,True
99,200,24,0.06250105798244476,True
99,200,25,0.06368104368448257,True
99,200,26,0.061460770666599274,True
99,200,27,0.06036926060914993,True
99,200,28,0.060531310737133026,True
99,200,29,0.06060115993022919,True
99,200,30,0.06103143095970154,True
99,200,31,0.06115064024925232,True
99,200,32,0.06063003093004227,True
99,200,33,0.06065052002668381,True
99,200,34,0.06048101931810379,True
99,200,35,0.06295088678598404,True
99,200,36,0.06048101931810379,True
99,200,37,0.06025005131959915,True
99,200,38,0.06090104579925537,True
99,200,39,0.06131082773208618,True
99,200,40,0.0616610050201416,True
99,200,41,0.06795022636651993,True
99,200,42,0.061600469052791595,True
99,200,43,0.0616908073425293,True
99,200,44,0.06063096225261688,True
99,200,45,0.060871243476867676,True
99,200,46,0.060410238802433014,True
99,200,47,0.05989056080579758,True
99,200,48,0.06054062396287918,True
99,200,49,0.05989056080579758,True
99,400,0,0.10216236114501953,True
99,400,1,0.0745914876461029,True
99,400,2,0.06841029971837997,True
99,400,3,0.06617046892642975,True
99,400,4,0.07484108209609985,True
99,400,5,0.06609037518501282,True
99,400,6,0.06391014903783798,True
99,400,7,0.0638812780380249,True
99,400,8,0.06263144314289093,True
99,400,9,0.06275996565818787,True
99,400,10,0.06240140646696091,True
99,400,11,0.06261095404624939,True
99,400,12,0.06229151040315628,True
99,400,13,0.06200093775987625,True
99,400,14,0.06210152059793472,True
99,400,15,0.06212014704942703,True
99,400,16,0.0624312087893486,True
99,400,17,0.06253179162740707,True
99,400,18,0.06279069930315018,True
99,400,19,0.06781145930290222,True
99,400,20,0.06616022437810898,True
99,400,21,0.06286986172199249,True
99,400,22,0.0623408704996109,True
99,400,23,0.06191059947013855,True
99,400,24,0.06485078483819962,True
99,400,25,0.062010250985622406,True
99,400,26,0.06210058927536011,True
99,400,27,0.0613899901509285,True
99,400,28,0.06176065653562546,True
99,400,29,0.06131082773208618,True
99,400,30,0.06174109876155853,True
99,400,31,0.062551349401474,True
99,400,32,0.06564054638147354,True
99,400,33,0.06822124123573303,True
99,400,34,0.06325077265501022,True
99,400,35,0.0637006014585495,True
99,400,36,0.06423145532608032,True
99,400,37,0.06170105189085007,True
99,400,38,0.061969272792339325,True
99,400,39,0.06117112934589386,True
99,400,40,0.06175041198730469,True
99,400,41,0.06136111915111542,True
99,400,42,0.061530619859695435,True
99,400,43,0.061829574406147,True
99,400,44,0.06177090108394623,True
99,400,45,0.06180070340633392,True
99,400,46,0.06122048944234848,True
99,400,47,0.06141141057014465,True
99,400,48,0.06178021430969238,True
99,400,49,0.06183050572872162,True
99,800,0,0.10877195745706558,True
99,800,1,0.07906090468168259,True
99,800,2,0.09124074131250381,True
99,800,3,0.0710412859916687,True
99,800,4,0.06822124123573303,True
99,800,5,0.06843078881502151,True
99,800,6,0.06791017949581146,True
99,800,7,0.06740167737007141,True
99,800,8,0.06716139614582062,True
99,800,9,0.06677117198705673,True
99,800,10,0.0674612820148468,True
99,800,11,0.0668410211801529,True
99,800,12,0.0661611557006836,True
99,800,13,0.06529130041599274,True
99,800,14,0.06581004709005356,True
99,800,15,0.06556045264005661,True
99,800,16,0.07016118615865707,True
99,800,17,0.0695306807756424,True
99,800,18,0.06627105176448822,True
99,800,19,0.06620120257139206,True
99,800,20,0.0660410150885582,True
99,800,21,0.06538070738315582,True
99,800,22,0.06652064621448517,True
99,800,23,0.06596092134714127,True
99,800,24,0.06772112101316452,True
99,800,25,0.06519071757793427,True
99,800,26,0.06602052599191666,True
99,800,27,0.06610061973333359,True
99,800,28,0.06528012454509735,True
99,800,29,0.06626080721616745,True
99,800,30,0.0658007338643074,True
99,800,31,0.07017049938440323,True
99,800,32,0.06724148988723755,True
99,800,33,0.06530061364173889,True
99,800,34,0.06504077464342117,True
99,800,35,0.06464030593633652,True
99,800,36,0.06473995745182037,True
99,800,37,0.065571628510952,True
99,800,38,0.06498116999864578,True
99,800,39,0.064910389482975,True
99,800,40,0.06499048322439194,True
99,800,41,0.06498023867607117,True
99,800,42,0.06499048322439194,True
99,800,43,0.06542075425386429,True
99,800,44,0.06605125963687897,True
99,800,45,0.06566103547811508,True
99,800,46,0.07022079080343246,True
99,800,47,0.06845127791166306,True
99,800,48,0.06596092134714127,True
99,800,49,0.06491132080554962,True
99,1600,0,0.1094406470656395,True
99,1600,1,0.08488073945045471,True
99,1600,2,0.07747020572423935,True
99,1600,3,0.07522106170654297,True
99,1600,4,0.07402151823043823,True
99,1600,5,0.07369089871644974,True
99,1600,6,0.07380079478025436,True
99,1600,7,0.07316097617149353,True
99,1600,8,0.073261559009552,True
99,1600,9,0.07791072130203247,True
99,1600,10,0.07555074989795685,True
99,1600,11,0.07271021604537964,True
99,1600,12,0.07262080907821655,True
99,1600,13,0.07189065217971802,True
99,1600,14,0.07359124720096588,True
99,1600,15,0.07238052785396576,True
99,1600,16,0.07261056452989578,True
99,1600,17,0.071660615503788,True
99,1600,18,0.0730808824300766,True
99,1600,19,0.07248111069202423,True
99,1600,20,0.07115118205547333,True
99,1600,21,0.07149018347263336,True
99,1600,22,0.07190089672803879,True
99,1600,23,0.07266178727149963,True
99,1600,24,0.07419101893901825,True
99,1600,25,0.07800105959177017,True
99,1600,26,0.07159076631069183,True
99,1600,27,0.07114093750715256,True
99,1600,28,0.07154140621423721,True
99,1600,29,0.07179100066423416,True
99,1600,30,0.07277168333530426,True
99,1600,31,0.07198099046945572,True
99,1600,32,0.07143989205360413,True
99,1600,33,0.07173046469688416,True
99,1600,34,0.07174070924520493,True
99,1600,35,0.07132161408662796,True
99,1600,36,0.07171090692281723,True
99,1600,37,0.07868092507123947,True
99,1600,38,0.07329043000936508,True
99,1600,39,0.07176119834184647,True
99,1600,40,0.0716010108590126,True
99,1600,41,0.07211044430732727,True
99,1600,42,0.07161125540733337,True
99,1600,43,0.07135141640901566,True
99,1600,44,0.07132068276405334,True
99,1600,45,0.07138028740882874,True
99,1600,46,0.070890411734581,True
99,1600,47,0.07049087435007095,True
99,1600,48,0.07148087024688721,True
99,1600,49,0.07162988185882568,True
99,3200,0,0.12487266212701797,True
99,3200,1,0.09448081254959106,True
99,3200,2,0.08857063949108124,True
99,3200,3,0.08664093911647797,True
99,3200,4,0.08618086576461792,True
99,3200,5,0.09330175817012787,True
99,3200,6,0.08475128561258316,True
99,3200,7,0.08434057235717773,True
99,3200,8,0.08437130600214005,True
99,3200,9,0.08732173591852188,True
99,3200,10,0.08473079651594162,True
99,3200,11,0.08394196629524231,True
99,3200,12,0.08434057235717773,True
99,3200,13,0.08433032780885696,True
99,3200,14,0.08376035839319229,True
99,3200,15,0.0832611694931984,True
99,3200,16,0.084620900452137,True
99,3200,17,0.08535105735063553,True
99,3200,18,0.08359178900718689,True
99,3200,19,0.08528027683496475,True
99,3200,20,0.08661113679409027,True
99,3200,21,0.08316244930028915,True
99,3200,22,0.08339062333106995,True
99,3200,23,0.08360110223293304,True
99,3200,24,0.08288118988275528,True
99,3200,25,0.08377153426408768,True
99,3200,26,0.08216127753257751,True
99,3200,27,0.08347071707248688,True
99,3200,28,0.0839410349726677,True
99,3200,29,0.08526071906089783,True
99,3200,30,0.08286070078611374,True
99,3200,31,0.08297059684991837,True
99,3200,32,0.08331052958965302,True
99,3200,33,0.0840919092297554,True
99,3200,34,0.08289050310850143,True
99,3200,35,0.08329097181558609,True
99,3200,36,0.08359085768461227,True
99,3200,37,0.08329097181558609,True
99,3200,38,0.08331146091222763,True
99,3200,39,0.08355081081390381,True
99,3200,40,0.08372124284505844,True
99,3200,41,0.09022187441587448,True
99,3200,42,0.09271036833524704,True
99,3200,43,0.08538179099559784,True
99,3200,44,0.08795037865638733,True
99,3200,45,0.08342135697603226,True
99,3200,46,0.08739065378904343,True
99,3200,47,0.0832611694931984,True
99,3200,48,0.08315127342939377,True
99,3200,49,0.08235126733779907,True
99,6400,0,0.15479233115911484,True
99,6400,1,0.11801067739725113,True
99,6400,2,0.11325255036354065,True
99,6400,3,0.10934099555015564,True
99,6400,4,0.10856054723262787,True
99,6400,5,0.10825227946043015,True
99,6400,6,0.10769069194793701,True
99,6400,7,0.10840129107236862,True
99,6400,8,0.10767113417387009,True
99,6400,9,0.1072511076927185,True
99,6400,10,0.11724140495061874,True
99,6400,11,0.10944157838821411,True
99,6400,12,0.1070518046617508,True
99,6400,13,0.1065107062458992,True
99,6400,14,0.10970141738653183,True
99,6400,15,0.1058308407664299,True
99,6400,16,0.1058606430888176,True
99,6400,17,0.10606180876493454,True
99,6400,18,0.10647065937519073,True
99,6400,19,0.10614097118377686,True
99,6400,20,0.11316221207380295,True
99,6400,21,0.10646134614944458,True
99,6400,22,0.10642223060131073,True
99,6400,23,0.10567158460617065,True
99,6400,24,0.10691117495298386,True
99,6400,25,0.10541174560785294,True
99,6400,26,0.10625086724758148,True
99,6400,27,0.10584201663732529,True
99,6400,28,0.10821130126714706,True
99,6400,29,0.1086108386516571,True
99,6400,30,0.1084720715880394,True
99,6400,31,0.10606087744235992,True
99,6400,32,0.10605249553918839,True
99,6400,33,0.10601058602333069,True
99,6400,34,0.10597053915262222,True
99,6400,35,0.10516121983528137,True
99,6400,36,0.10998174548149109,True
99,6400,37,0.10570138692855835,True
99,6400,38,0.10663177818059921,True
99,6400,39,0.10742153972387314,True
99,6400,40,0.10584201663732529,True
99,6400,41,0.10541081428527832,True
99,6400,42,0.10597147047519684,True
99,6400,43,0.10506249964237213,True
99,6400,44,0.10553188621997833,True
99,6400,45,0.10721199214458466,True
99,6400,46,0.10655168443918228,True
99,6400,47,0.10559149086475372,True
99,6400,48,0.11327117681503296,True
99,6400,49,0.10615121573209763,True
99,10000,0,0.20396150648593903,True
99,10000,1,0.1432020217180252,True
99,10000,2,0.13710185885429382,True
99,10000,3,0.13783201575279236,True
99,10000,4,0.1336708664894104,True
99,10000,5,0.132671557366848,True
99,10000,6,0.13365130871534348,True
99,10000,7,0.13210158795118332,True
99,10000,8,0.13366062194108963,True
99,10000,9,0.13160239905118942,True
99,10000,10,0.1311618834733963,True
99,10000,11,0.13093184679746628,True
99,10000,12,0.13180170208215714,True
99,10000,13,0.13136211782693863,True
99,10000,14,0.13106223195791245,True
99,10000,15,0.13682153075933456,True
99,10000,16,0.1314319670200348,True
99,10000,17,0.1301215961575508,True
99,10000,18,0.13429205864667892,True
99,10000,19,0.130360946059227,True
99,10000,20,0.13052206486463547,True
99,10000,21,0.1306617632508278,True
99,10000,22,0.13514235615730286,True
99,10000,23,0.13301055878400803,True
99,10000,24,0.13097189366817474,True
99,10000,25,0.13171136379241943,True
99,10000,26,0.13069063425064087,True
99,10000,27,0.1310715451836586,True
99,10000,28,0.130421482026577,True
99,10000,29,0.13023056089878082,True
99,10000,30,0.13204198330640793,True
99,10000,31,0.1331120729446411,True
99,10000,32,0.1311618834733963,True
99,10000,33,0.13091135770082474,True
99,10000,34,0.13085175305604935,True
99,10000,35,0.13086199760437012,True
99,10000,36,0.13055186718702316,True
99,10000,37,0.1312224194407463,True
99,10000,38,0.13947207480669022,True
99,10000,39,0.13114139437675476,True
99,10000,40,0.13085175305604935,True
99,10000,41,0.13133138418197632,True
99,10000,42,0.13070274144411087,True
99,10000,43,0.1309514045715332,True
99,10000,44,0.13062171638011932,True
99,10000,45,0.1372024416923523,True
99,10000,46,0.1326119527220726,True
99,10000,47,0.13395119458436966,True
99,10000,48,0.13141147792339325,True
99,10000,49,0.13097189366817474,True
