ensemble_size, batch_size, trial_num, h2d (ms), kernel (ms), d2h (ms)
999, 1, 0, 0.00608, 0.011264, 0.009184
999, 1, 1, 0.005952, 0.009216, 0.007264
999, 1, 2, 0.005696, 0.008192, 0.006976
999, 1, 3, 0.005536, 0.008192, 0.00736
999, 1, 4, 0.005824, 0.008192, 0.006784
999, 1, 5, 0.005824, 0.008352, 0.007488
999, 1, 6, 0.005344, 0.008, 0.008288
999, 1, 7, 0.005664, 0.010944, 0.012672
999, 1, 8, 0.005792, 0.010144, 0.008064
999, 1, 9, 0.005536, 0.009184, 0.006752
999, 1, 10, 0.005632, 0.008192, 0.006944
999, 1, 11, 0.005632, 0.008128, 0.007328
999, 1, 12, 0.00544, 0.008928, 0.006368
999, 1, 13, 0.00544, 0.008992, 0.006432
999, 1, 14, 0.005376, 0.00832, 0.006816
999, 1, 15, 0.005536, 0.008256, 0.00704
999, 1, 16, 0.005664, 0.00832, 0.007168
999, 1, 17, 0.00592, 0.008192, 0.006688
999, 1, 18, 0.005472, 0.008192, 0.006912
999, 1, 19, 0.005504, 0.008288, 0.007232
999, 1, 20, 0.005568, 0.009216, 0.006496
999, 1, 21, 0.005504, 0.009216, 0.006272
999, 1, 22, 0.005568, 0.00816, 0.007648
999, 1, 23, 0.00736, 0.012288, 0.00768
999, 1, 24, 0.005632, 0.009088, 0.007232
999, 1, 25, 0.005952, 0.009216, 0.007296
999, 1, 26, 0.005888, 0.008192, 0.007008
999, 1, 27, 0.005696, 0.008192, 0.007104
999, 1, 28, 0.00544, 0.008192, 0.007552
999, 1, 29, 0.005472, 0.00784, 0.007808
999, 1, 30, 0.005376, 0.009088, 0.006592
999, 1, 31, 0.005888, 0.008192, 0.006528
999, 1, 32, 0.005984, 0.008192, 0.00704
999, 1, 33, 0.006016, 0.008192, 0.007232
999, 1, 34, 0.005344, 0.008192, 0.006848
999, 1, 35, 0.005824, 0.008192, 0.006688
999, 1, 36, 0.005664, 0.008192, 0.00704
999, 1, 37, 0.005696, 0.008288, 0.006784
999, 1, 38, 0.005824, 0.008192, 0.008352
999, 1, 39, 0.0056, 0.00912, 0.007776
999, 1, 40, 0.005312, 0.009056, 0.006432
999, 1, 41, 0.00624, 0.008192, 0.006656
999, 1, 42, 0.005728, 0.008192, 0.006944
999, 1, 43, 0.005664, 0.008192, 0.006784
999, 1, 44, 0.005984, 0.008256, 0.006912
999, 1, 45, 0.005728, 0.007968, 0.007456
999, 1, 46, 0.005312, 0.008928, 0.006944
999, 1, 47, 0.005792, 0.008192, 0.006752
999, 1, 48, 0.006048, 0.008192, 0.006848
999, 1, 49, 0.005888, 0.008192, 0.006592
999, 2, 0, 0.0064, 0.009216, 0.008512
999, 2, 1, 0.006048, 0.008192, 0.00864
999, 2, 2, 0.005952, 0.008352, 0.009152
999, 2, 3, 0.005472, 0.008928, 0.007776
999, 2, 4, 0.005408, 0.008192, 0.008224
999, 2, 5, 0.005536, 0.008192, 0.008896
999, 2, 6, 0.005632, 0.008192, 0.008864
999, 2, 7, 0.005792, 0.00832, 0.008352
999, 2, 8, 0.005472, 0.008288, 0.008288
999, 2, 9, 0.005504, 0.009056, 0.007904
999, 2, 10, 0.00528, 0.008064, 0.00896
999, 2, 11, 0.005344, 0.008, 0.00864
999, 2, 12, 0.005312, 0.009088, 0.00816
999, 2, 13, 0.006016, 0.008192, 0.00816
999, 2, 14, 0.005376, 0.008288, 0.008512
999, 2, 15, 0.005536, 0.008192, 0.009472
999, 2, 16, 0.005792, 0.008192, 0.014304
999, 2, 17, 0.005696, 0.009184, 0.00992
999, 2, 18, 0.005312, 0.008128, 0.008448
999, 2, 19, 0.005344, 0.00784, 0.008544
999, 2, 20, 0.005952, 0.008192, 0.007744
999, 2, 21, 0.005728, 0.008192, 0.008448
999, 2, 22, 0.00544, 0.009024, 0.00784
999, 2, 23, 0.005568, 0.008192, 0.00848
999, 2, 24, 0.005248, 0.00896, 0.00768
999, 2, 25, 0.005728, 0.008192, 0.00848
999, 2, 26, 0.005312, 0.008896, 0.007904
999, 2, 27, 0.005696, 0.008192, 0.008832
999, 2, 28, 0.00544, 0.00816, 0.017568
999, 2, 29, 0.005664, 0.009216, 0.008576
999, 2, 30, 0.00576, 0.008192, 0.008032
999, 2, 31, 0.005376, 0.011072, 0.011776
999, 2, 32, 0.005952, 0.009216, 0.008288
999, 2, 33, 0.005472, 0.00832, 0.00816
999, 2, 34, 0.005952, 0.008192, 0.007968
999, 2, 35, 0.005664, 0.008864, 0.007808
999, 2, 36, 0.005536, 0.008192, 0.008832
999, 2, 37, 0.005632, 0.008192, 0.008288
999, 2, 38, 0.00544, 0.009056, 0.008096
999, 2, 39, 0.006176, 0.008192, 0.007808
999, 2, 40, 0.005728, 0.008192, 0.008448
999, 2, 41, 0.006144, 0.008192, 0.007648
999, 2, 42, 0.005888, 0.008192, 0.00832
999, 2, 43, 0.005952, 0.008192, 0.008224
999, 2, 44, 0.005408, 0.00896, 0.007488
999, 2, 45, 0.005984, 0.008192, 0.008448
999, 2, 46, 0.005824, 0.008192, 0.008576
999, 2, 47, 0.005664, 0.008192, 0.008192
999, 2, 48, 0.005888, 0.008192, 0.00816
999, 2, 49, 0.005344, 0.008192, 0.008736
999, 4, 0, 0.005792, 0.00912, 0.011488
999, 4, 1, 0.005888, 0.008192, 0.010784
999, 4, 2, 0.005824, 0.008192, 0.011296
999, 4, 3, 0.00608, 0.008288, 0.017216
999, 4, 4, 0.00608, 0.009216, 0.010848
999, 4, 5, 0.005792, 0.008224, 0.011616
999, 4, 6, 0.005472, 0.008896, 0.01104
999, 4, 7, 0.005536, 0.008352, 0.011616
999, 4, 8, 0.005536, 0.009088, 0.012032
999, 4, 9, 0.005472, 0.008448, 0.011136
999, 4, 10, 0.005408, 0.00896, 0.010656
999, 4, 11, 0.005792, 0.008192, 0.010656
999, 4, 12, 0.005888, 0.008192, 0.011552
999, 4, 13, 0.006016, 0.008192, 0.010976
999, 4, 14, 0.0056, 0.008192, 0.01136
999, 4, 15, 0.00544, 0.008992, 0.010336
999, 4, 16, 0.00592, 0.008192, 0.01072
999, 4, 17, 0.0056, 0.009056, 0.013376
999, 4, 18, 0.005472, 0.008192, 0.010688
999, 4, 19, 0.005984, 0.008192, 0.01088
999, 4, 20, 0.006016, 0.008192, 0.010816
999, 4, 21, 0.00576, 0.008256, 0.01104
999, 4, 22, 0.005664, 0.008192, 0.011392
999, 4, 23, 0.0056, 0.008192, 0.011456
999, 4, 24, 0.006304, 0.008192, 0.010688
999, 4, 25, 0.00544, 0.00832, 0.010688
999, 4, 26, 0.005952, 0.008192, 0.010464
999, 4, 27, 0.005408, 0.00912, 0.010528
999, 4, 28, 0.005504, 0.00912, 0.01168
999, 4, 29, 0.005504, 0.008096, 0.012224
999, 4, 30, 0.00576, 0.008192, 0.010784
999, 4, 31, 0.005888, 0.008192, 0.01072
999, 4, 32, 0.005472, 0.008224, 0.010976
999, 4, 33, 0.006144, 0.008192, 0.01088
999, 4, 34, 0.005984, 0.008192, 0.011424
999, 4, 35, 0.005568, 0.008192, 0.011264
999, 4, 36, 0.005536, 0.009088, 0.010816
999, 4, 37, 0.006048, 0.008192, 0.010688
999, 4, 38, 0.006208, 0.007456, 0.011264
999, 4, 39, 0.005632, 0.007904, 0.011936
999, 4, 40, 0.005984, 0.008192, 0.01072
999, 4, 41, 0.005408, 0.009024, 0.010944
999, 4, 42, 0.00544, 0.008352, 0.011296
999, 4, 43, 0.005728, 0.008896, 0.01024
999, 4, 44, 0.0056, 0.009216, 0.010816
999, 4, 45, 0.005504, 0.008832, 0.010304
999, 4, 46, 0.005632, 0.008192, 0.010912
999, 4, 47, 0.00608, 0.008192, 0.01088
999, 4, 48, 0.005312, 0.008928, 0.010848
999, 4, 49, 0.005856, 0.008192, 0.010976
999, 8, 0, 0.005728, 0.009216, 0.01712
999, 8, 1, 0.010688, 0.009184, 0.018016
999, 8, 2, 0.006144, 0.008192, 0.01744
999, 8, 3, 0.00624, 0.008192, 0.015904
999, 8, 4, 0.006048, 0.008192, 0.01616
999, 8, 5, 0.00576, 0.008192, 0.01616
999, 8, 6, 0.006784, 0.012256, 0.023296
999, 8, 7, 0.005952, 0.009216, 0.01712
999, 8, 8, 0.0056, 0.008032, 0.016544
999, 8, 9, 0.005696, 0.008256, 0.015968
999, 8, 10, 0.005408, 0.008192, 0.016832
999, 8, 11, 0.00544, 0.008896, 0.015488
999, 8, 12, 0.005408, 0.008192, 0.016224
999, 8, 13, 0.005696, 0.008192, 0.017536
999, 8, 14, 0.005568, 0.00848, 0.017312
999, 8, 15, 0.005472, 0.008224, 0.016128
999, 8, 16, 0.005824, 0.008192, 0.016896
999, 8, 17, 0.0056, 0.007968, 0.017568
999, 8, 18, 0.007072, 0.012288, 0.019456
999, 8, 19, 0.006368, 0.00848, 0.017248
999, 8, 20, 0.006208, 0.008192, 0.016576
999, 8, 21, 0.005536, 0.009184, 0.020544
999, 8, 22, 0.005728, 0.009024, 0.01744
999, 8, 23, 0.00624, 0.008192, 0.016992
999, 8, 24, 0.00592, 0.008192, 0.01552
999, 8, 25, 0.005856, 0.008192, 0.0168
999, 8, 26, 0.005376, 0.00896, 0.01568
999, 8, 27, 0.005632, 0.007968, 0.017376
999, 8, 28, 0.005824, 0.008416, 0.016672
999, 8, 29, 0.005376, 0.008992, 0.015552
999, 8, 30, 0.0056, 0.009216, 0.017152
999, 8, 31, 0.005984, 0.008192, 0.01584
999, 8, 32, 0.005792, 0.008352, 0.016992
999, 8, 33, 0.005408, 0.00816, 0.016096
999, 8, 34, 0.00576, 0.008192, 0.0176
999, 8, 35, 0.005408, 0.009152, 0.015456
999, 8, 36, 0.00544, 0.008352, 0.017984
999, 8, 37, 0.005824, 0.008352, 0.01584
999, 8, 38, 0.005888, 0.008192, 0.017472
999, 8, 39, 0.005792, 0.008192, 0.015616
999, 8, 40, 0.005472, 0.008192, 0.017024
999, 8, 41, 0.005376, 0.008288, 0.016704
999, 8, 42, 0.006048, 0.008192, 0.016864
999, 8, 43, 0.005472, 0.009088, 0.015584
999, 8, 44, 0.005344, 0.009024, 0.016352
999, 8, 45, 0.005888, 0.008192, 0.017376
999, 8, 46, 0.0056, 0.008416, 0.01616
999, 8, 47, 0.005792, 0.008192, 0.01712
999, 8, 48, 0.005856, 0.008192, 0.016192
999, 8, 49, 0.005856, 0.008192, 0.015296
999, 16, 0, 0.005824, 0.009216, 0.034656
999, 16, 1, 0.006176, 0.00928, 0.02848
999, 16, 2, 0.006016, 0.008192, 0.026848
999, 16, 3, 0.005536, 0.009184, 0.026016
999, 16, 4, 0.005792, 0.008224, 0.026848
999, 16, 5, 0.005696, 0.008192, 0.026816
999, 16, 6, 0.00592, 0.008192, 0.028512
999, 16, 7, 0.005856, 0.008192, 0.026528
999, 16, 8, 0.005824, 0.008192, 0.026528
999, 16, 9, 0.00592, 0.008192, 0.030848
999, 16, 10, 0.00544, 0.009216, 0.026752
999, 16, 11, 0.00608, 0.008192, 0.0264
999, 16, 12, 0.005632, 0.008288, 0.028288
999, 16, 13, 0.00592, 0.008192, 0.026368
999, 16, 14, 0.005888, 0.008288, 0.026848
999, 16, 15, 0.005472, 0.008896, 0.02832
999, 16, 16, 0.005504, 0.009056, 0.028064
999, 16, 17, 0.005472, 0.009152, 0.026272
999, 16, 18, 0.005376, 0.008896, 0.027296
999, 16, 19, 0.005824, 0.008192, 0.028512
999, 16, 20, 0.00576, 0.009056, 0.026432
999, 16, 21, 0.006208, 0.008192, 0.027904
999, 16, 22, 0.00544, 0.008448, 0.028512
999, 16, 23, 0.005696, 0.008192, 0.026336
999, 16, 24, 0.005408, 0.009056, 0.027648
999, 16, 25, 0.005888, 0.008192, 0.029536
999, 16, 26, 0.005952, 0.012288, 0.028672
999, 16, 27, 0.005408, 0.00896, 0.028
999, 16, 28, 0.005376, 0.00896, 0.026016
999, 16, 29, 0.005344, 0.008128, 0.02912
999, 16, 30, 0.005728, 0.008192, 0.026848
999, 16, 31, 0.00544, 0.008864, 0.028
999, 16, 32, 0.005408, 0.012288, 0.027456
999, 16, 33, 0.005472, 0.008192, 0.027008
999, 16, 34, 0.005504, 0.009184, 0.031296
999, 16, 35, 0.006048, 0.009216, 0.026624
999, 16, 36, 0.005408, 0.008512, 0.02896
999, 16, 37, 0.006112, 0.008192, 0.0264
999, 16, 38, 0.005728, 0.008192, 0.027296
999, 16, 39, 0.00592, 0.008192, 0.026592
999, 16, 40, 0.005568, 0.008576, 0.02896
999, 16, 41, 0.00608, 0.008192, 0.026304
999, 16, 42, 0.005888, 0.008192, 0.030656
999, 16, 43, 0.005952, 0.008448, 0.028608
999, 16, 44, 0.005472, 0.008096, 0.02848
999, 16, 45, 0.005952, 0.008192, 0.026528
999, 16, 46, 0.005472, 0.00848, 0.02704
999, 16, 47, 0.006176, 0.008192, 0.026336
999, 16, 48, 0.005632, 0.008288, 0.028832
999, 16, 49, 0.005568, 0.008512, 0.026176
999, 32, 0, 0.0056, 0.010464, 0.047904
999, 32, 1, 0.005728, 0.010272, 0.04704
999, 32, 2, 0.005504, 0.010112, 0.050208
999, 32, 3, 0.005952, 0.009568, 0.047456
999, 32, 4, 0.005696, 0.01024, 0.046464
999, 32, 5, 0.005696, 0.01008, 0.047328
999, 32, 6, 0.00576, 0.01024, 0.046688
999, 32, 7, 0.00592, 0.009472, 0.048704
999, 32, 8, 0.006016, 0.009216, 0.050336
999, 32, 9, 0.005856, 0.009216, 0.046784
999, 32, 10, 0.005792, 0.00992, 0.0504
999, 32, 11, 0.00544, 0.010048, 0.046816
999, 32, 12, 0.0056, 0.009856, 0.051104
999, 32, 13, 0.00576, 0.010016, 0.046528
999, 32, 14, 0.005856, 0.010144, 0.047648
999, 32, 15, 0.005792, 0.01024, 0.046144
999, 32, 16, 0.005696, 0.010176, 0.046976
999, 32, 17, 0.0056, 0.01024, 0.04704
999, 32, 18, 0.006016, 0.01024, 0.046976
999, 32, 19, 0.0056, 0.010016, 0.046752
999, 32, 20, 0.00608, 0.009376, 0.050496
999, 32, 21, 0.006048, 0.009312, 0.050336
999, 32, 22, 0.00544, 0.010208, 0.047072
999, 32, 23, 0.005888, 0.009504, 0.050688
999, 32, 24, 0.005824, 0.009216, 0.047584
999, 32, 25, 0.00576, 0.01024, 0.049472
999, 32, 26, 0.00544, 0.00992, 0.046752
999, 32, 27, 0.006112, 0.009536, 0.046624
999, 32, 28, 0.005792, 0.01024, 0.05312
999, 32, 29, 0.006208, 0.01024, 0.050496
999, 32, 30, 0.005376, 0.01008, 0.049952
999, 32, 31, 0.005952, 0.009216, 0.047008
999, 32, 32, 0.006016, 0.009504, 0.049696
999, 32, 33, 0.005856, 0.01024, 0.046016
999, 32, 34, 0.005504, 0.01024, 0.049984
999, 32, 35, 0.006176, 0.011264, 0.051008
999, 32, 36, 0.005504, 0.009888, 0.050592
999, 32, 37, 0.005984, 0.009216, 0.047456
999, 32, 38, 0.00544, 0.010912, 0.047264
999, 32, 39, 0.0064, 0.009216, 0.056256
999, 32, 40, 0.00544, 0.010912, 0.050112
999, 32, 41, 0.00704, 0.01264, 0.047936
999, 32, 42, 0.006208, 0.009216, 0.050944
999, 32, 43, 0.006176, 0.009216, 0.046624
999, 32, 44, 0.0056, 0.009888, 0.047168
999, 32, 45, 0.005472, 0.010048, 0.050976
999, 32, 46, 0.005888, 0.01024, 0.046496
999, 32, 47, 0.006112, 0.009216, 0.052928
999, 32, 48, 0.005952, 0.01024, 0.04816
999, 32, 49, 0.006048, 0.009216, 0.05008
999, 64, 0, 0.00624, 0.014336, 0.09248
999, 64, 1, 0.00592, 0.014048, 0.093568
999, 64, 2, 0.00608, 0.014336, 0.086432
999, 64, 3, 0.006304, 0.013312, 0.087296
999, 64, 4, 0.00592, 0.014336, 0.110496
999, 64, 5, 0.005888, 0.01536, 0.097792
999, 64, 6, 0.005632, 0.015072, 0.086688
999, 64, 7, 0.005664, 0.014208, 0.087552
999, 64, 8, 0.005632, 0.014176, 0.098048
999, 64, 9, 0.005664, 0.01536, 0.094496
999, 64, 10, 0.005696, 0.014336, 0.086432
999, 64, 11, 0.00624, 0.013312, 0.087008
999, 64, 12, 0.005664, 0.014016, 0.086816
999, 64, 13, 0.006208, 0.014336, 0.086624
999, 64, 14, 0.006208, 0.013696, 0.092384
999, 64, 15, 0.005696, 0.013984, 0.09424
999, 64, 16, 0.005984, 0.014336, 0.096192
999, 64, 17, 0.005824, 0.014304, 0.093472
999, 64, 18, 0.005856, 0.014336, 0.09296
999, 64, 19, 0.0056, 0.014336, 0.086752
999, 64, 20, 0.006176, 0.014592, 0.093824
999, 64, 21, 0.005728, 0.014144, 0.092992
999, 64, 22, 0.005856, 0.013312, 0.087488
999, 64, 23, 0.006304, 0.013312, 0.086816
999, 64, 24, 0.00608, 0.013312, 0.088288
999, 64, 25, 0.006208, 0.013504, 0.086624
999, 64, 26, 0.006048, 0.013312, 0.092864
999, 64, 27, 0.00592, 0.014336, 0.093184
999, 64, 28, 0.0064, 0.013664, 0.092832
999, 64, 29, 0.006464, 0.013312, 0.086848
999, 64, 30, 0.005824, 0.018432, 0.097696
999, 64, 31, 0.0064, 0.01536, 0.093056
999, 64, 32, 0.005472, 0.014272, 0.093184
999, 64, 33, 0.006336, 0.0136, 0.087584
999, 64, 34, 0.005696, 0.015104, 0.093344
999, 64, 35, 0.006048, 0.014528, 0.09536
999, 64, 36, 0.00544, 0.014048, 0.087168
999, 64, 37, 0.005536, 0.014016, 0.087072
999, 64, 38, 0.005792, 0.014336, 0.09792
999, 64, 39, 0.006272, 0.014336, 0.094112
999, 64, 40, 0.006112, 0.013504, 0.093792
999, 64, 41, 0.006272, 0.014336, 0.086176
999, 64, 42, 0.005824, 0.014336, 0.093696
999, 64, 43, 0.006176, 0.013312, 0.087168
999, 64, 44, 0.005536, 0.014336, 0.094144
999, 64, 45, 0.005952, 0.014336, 0.08544
999, 64, 46, 0.0064, 0.014336, 0.09408
999, 64, 47, 0.006208, 0.013312, 0.086688
999, 64, 48, 0.005504, 0.014368, 0.093024
999, 64, 49, 0.005856, 0.014336, 0.08608
999, 100, 0, 0.006016, 0.019456, 0.130304
999, 100, 1, 0.006016, 0.018432, 0.131232
999, 100, 2, 0.0056, 0.019424, 0.151104
999, 100, 3, 0.005856, 0.019104, 0.14048
999, 100, 4, 0.006304, 0.018432, 0.140448
999, 100, 5, 0.006048, 0.018432, 0.131936
999, 100, 6, 0.006368, 0.019456, 0.141088
999, 100, 7, 0.00608, 0.019424, 0.144
999, 100, 8, 0.005824, 0.018432, 0.15744
999, 100, 9, 0.005984, 0.019136, 0.140192
999, 100, 10, 0.00608, 0.018432, 0.150752
999, 100, 11, 0.007136, 0.022528, 0.141888
999, 100, 12, 0.006144, 0.019424, 0.141632
999, 100, 13, 0.006112, 0.018432, 0.136096
999, 100, 14, 0.005888, 0.01936, 0.15408
999, 100, 15, 0.006176, 0.018432, 0.13056
999, 100, 16, 0.006112, 0.018432, 0.16016
999, 100, 17, 0.005888, 0.019296, 0.141728
999, 100, 18, 0.00544, 0.019456, 0.140736
999, 100, 19, 0.005792, 0.018368, 0.131808
999, 100, 20, 0.0056, 0.018464, 0.141696
999, 100, 21, 0.006496, 0.018432, 0.1392
999, 100, 22, 0.006464, 0.018816, 0.141376
999, 100, 23, 0.006368, 0.018432, 0.13024
999, 100, 24, 0.0056, 0.019456, 0.140992
999, 100, 25, 0.006272, 0.018432, 0.130688
999, 100, 26, 0.005824, 0.018432, 0.157216
999, 100, 27, 0.006432, 0.018656, 0.141088
999, 100, 28, 0.005856, 0.0192, 0.140384
999, 100, 29, 0.006176, 0.018432, 0.130944
999, 100, 30, 0.006368, 0.018432, 0.149152
999, 100, 31, 0.005472, 0.019456, 0.135968
999, 100, 32, 0.006048, 0.019456, 0.152128
999, 100, 33, 0.005856, 0.018432, 0.13152
999, 100, 34, 0.005344, 0.019456, 0.150464
999, 100, 35, 0.006336, 0.018528, 0.132448
999, 100, 36, 0.0056, 0.01872, 0.145376
999, 100, 37, 0.006016, 0.018432, 0.132352
999, 100, 38, 0.005824, 0.018432, 0.150816
999, 100, 39, 0.005824, 0.018624, 0.141824
999, 100, 40, 0.006176, 0.01872, 0.151584
999, 100, 41, 0.006048, 0.019072, 0.131264
999, 100, 42, 0.005888, 0.018432, 0.15056
999, 100, 43, 0.006016, 0.018272, 0.132576
999, 100, 44, 0.00576, 0.018464, 0.151616
999, 100, 45, 0.006368, 0.018432, 0.147264
999, 100, 46, 0.00624, 0.01856, 0.151392
999, 100, 47, 0.006304, 0.01952, 0.151968
999, 100, 48, 0.005984, 0.0256, 0.141344
999, 100, 49, 0.00576, 0.019168, 0.13984
999, 200, 0, 0.006272, 0.140384, 0.249952
999, 200, 1, 0.007584, 0.123904, 0.260256
999, 200, 2, 0.006592, 0.12464, 0.236576
999, 200, 3, 0.006528, 0.122592, 0.26048
999, 200, 4, 0.006816, 0.120832, 0.257536
999, 200, 5, 0.00704, 0.122816, 0.259104
999, 200, 6, 0.006816, 0.119808, 0.273408
999, 200, 7, 0.007424, 0.124, 0.239776
999, 200, 8, 0.007008, 0.119808, 0.267488
999, 200, 9, 0.006944, 0.120832, 0.261824
999, 200, 10, 0.00704, 0.122112, 0.260256
999, 200, 11, 0.0072, 0.119808, 0.242656
999, 200, 12, 0.006592, 0.119808, 0.258624
999, 200, 13, 0.007264, 0.119136, 0.262592
999, 200, 14, 0.007616, 0.123904, 0.275968
999, 200, 15, 0.00768, 0.121856, 0.267872
999, 200, 16, 0.007264, 0.123104, 0.250976
999, 200, 17, 0.007104, 0.122176, 0.268928
999, 200, 18, 0.007616, 0.121184, 0.252416
999, 200, 19, 0.007168, 0.124672, 0.247328
999, 200, 20, 0.007168, 0.120832, 0.283808
999, 200, 21, 0.007072, 0.121984, 0.269472
999, 200, 22, 0.007744, 0.123904, 0.268832
999, 200, 23, 0.007168, 0.124864, 0.265984
999, 200, 24, 0.006848, 0.121856, 0.27024
999, 200, 25, 0.007232, 0.12288, 0.273952
999, 200, 26, 0.006912, 0.122592, 0.267968
999, 200, 27, 0.007584, 0.12288, 0.249984
999, 200, 28, 0.007296, 0.139264, 0.269024
999, 200, 29, 0.007648, 0.12288, 0.280352
999, 200, 30, 0.007328, 0.124832, 0.275616
999, 200, 31, 0.007168, 0.129024, 0.268032
999, 200, 32, 0.007264, 0.120832, 0.255008
999, 200, 33, 0.007616, 0.128, 0.248288
999, 200, 34, 0.007008, 0.121536, 0.265792
999, 200, 35, 0.007136, 0.12688, 0.247776
999, 200, 36, 0.00736, 0.121856, 0.256672
999, 200, 37, 0.007584, 0.131072, 0.253184
999, 200, 38, 0.007072, 0.123776, 0.26656
999, 200, 39, 0.007648, 0.123904, 0.279616
999, 200, 40, 0.007872, 0.123904, 0.247392
999, 200, 41, 0.007488, 0.123648, 0.248736
999, 200, 42, 0.007168, 0.123552, 0.267808
999, 200, 43, 0.007392, 0.12288, 0.273344
999, 200, 44, 0.00704, 0.123904, 0.272192
999, 200, 45, 0.007584, 0.12288, 0.247328
999, 200, 46, 0.007328, 0.121856, 0.264864
999, 200, 47, 0.007744, 0.120832, 0.24896
999, 200, 48, 0.006944, 0.122208, 0.266816
999, 200, 49, 0.007392, 0.12288, 0.247456
999, 400, 0, 0.008704, 0.172032, 0.478528
999, 400, 1, 0.007712, 0.166176, 0.483232
999, 400, 2, 0.008704, 0.181248, 0.453536
999, 400, 3, 0.00816, 0.166912, 0.481088
999, 400, 4, 0.007872, 0.177152, 0.48528
999, 400, 5, 0.00816, 0.16896, 0.484928
999, 400, 6, 0.008544, 0.165888, 0.48544
999, 400, 7, 0.008448, 0.270336, 0.47456
999, 400, 8, 0.007232, 0.164864, 0.470592
999, 400, 9, 0.007328, 0.16384, 0.432032
999, 400, 10, 0.007552, 0.165056, 0.467232
999, 400, 11, 0.012384, 0.166912, 0.46768
999, 400, 12, 0.0072, 0.165888, 0.472864
999, 400, 13, 0.007584, 0.16384, 0.468608
999, 400, 14, 0.00768, 0.168128, 0.471968
999, 400, 15, 0.008096, 0.164864, 0.430368
999, 400, 16, 0.008224, 0.165888, 0.426112
999, 400, 17, 0.008064, 0.165888, 0.464032
999, 400, 18, 0.007712, 0.1632, 0.468736
999, 400, 19, 0.007616, 0.162816, 0.474528
999, 400, 20, 0.007328, 0.164192, 0.4632
999, 400, 21, 0.008224, 0.163872, 0.463712
999, 400, 22, 0.007392, 0.165888, 0.428064
999, 400, 23, 0.00816, 0.164864, 0.473248
999, 400, 24, 0.007488, 0.162816, 0.478976
999, 400, 25, 0.00912, 0.169984, 0.461632
999, 400, 26, 0.012704, 0.164096, 0.475552
999, 400, 27, 0.00784, 0.169984, 0.464992
999, 400, 28, 0.007584, 0.165888, 0.470432
999, 400, 29, 0.007296, 0.16384, 0.463808
999, 400, 30, 0.007072, 0.166912, 0.456224
999, 400, 31, 0.007392, 0.167936, 0.465792
999, 400, 32, 0.007456, 0.16384, 0.466272
999, 400, 33, 0.007392, 0.161792, 0.450368
999, 400, 34, 0.008256, 0.161792, 0.467872
999, 400, 35, 0.007488, 0.16384, 0.431264
999, 400, 36, 0.008224, 0.178176, 0.470432
999, 400, 37, 0.008256, 0.162816, 0.480192
999, 400, 38, 0.007744, 0.164864, 0.464608
999, 400, 39, 0.007872, 0.164864, 0.419872
999, 400, 40, 0.008, 0.160768, 0.412672
999, 400, 41, 0.006944, 0.161792, 0.462176
999, 400, 42, 0.007136, 0.16384, 0.45408
999, 400, 43, 0.007328, 0.164864, 0.449088
999, 400, 44, 0.007136, 0.161792, 0.452224
999, 400, 45, 0.007744, 0.165888, 0.446912
999, 400, 46, 0.007744, 0.161792, 0.460448
999, 400, 47, 0.007264, 0.16384, 0.49296
999, 400, 48, 0.00784, 0.167936, 0.464096
999, 400, 49, 0.0072, 0.164864, 0.432736
999, 800, 0, 0.010368, 0.259072, 0.841696
999, 800, 1, 0.009312, 0.243712, 0.808768
999, 800, 2, 0.008832, 0.241664, 0.81344
999, 800, 3, 0.009632, 0.24576, 0.83248
999, 800, 4, 0.0096, 0.246784, 0.823296
999, 800, 5, 0.009344, 0.242688, 0.828704
999, 800, 6, 0.00944, 0.243712, 0.76416
999, 800, 7, 0.010112, 0.243712, 0.816416
999, 800, 8, 0.009696, 0.239616, 0.811392
999, 800, 9, 0.009216, 0.243808, 0.745696
999, 800, 10, 0.009312, 0.241664, 0.802304
999, 800, 11, 0.00992, 0.239616, 0.819648
999, 800, 12, 0.009152, 0.243712, 0.843616
999, 800, 13, 0.009792, 0.262144, 0.744128
999, 800, 14, 0.009376, 0.241664, 0.79056
999, 800, 15, 0.009504, 0.242688, 0.73632
999, 800, 16, 0.010848, 0.25088, 0.834688
999, 800, 17, 0.010656, 0.242688, 0.81936
999, 800, 18, 0.009952, 0.242688, 0.890944
999, 800, 19, 0.010112, 0.24576, 0.838432
999, 800, 20, 0.009792, 0.241664, 0.839808
999, 800, 21, 0.009504, 0.24512, 0.832544
999, 800, 22, 0.009376, 0.249856, 0.849216
999, 800, 23, 0.009792, 0.246784, 0.831168
999, 800, 24, 0.009088, 0.243712, 0.837664
999, 800, 25, 0.009504, 0.243712, 0.836928
999, 800, 26, 0.00944, 0.247808, 0.749024
999, 800, 27, 0.010016, 0.243712, 0.838624
999, 800, 28, 0.009344, 0.244736, 0.839968
999, 800, 29, 0.00928, 0.24576, 0.752544
999, 800, 30, 0.00928, 0.247808, 0.86512
999, 800, 31, 0.009728, 0.243744, 0.827456
999, 800, 32, 0.009696, 0.242688, 0.764736
999, 800, 33, 0.009312, 0.243008, 0.779072
999, 800, 34, 0.009184, 0.24576, 0.783616
999, 800, 35, 0.009376, 0.248928, 0.76928
999, 800, 36, 0.0088, 0.25216, 0.832832
999, 800, 37, 0.009728, 0.243712, 0.833792
999, 800, 38, 0.009984, 0.242688, 0.842528
999, 800, 39, 0.010432, 0.24576, 0.828928
999, 800, 40, 0.00928, 0.24576, 0.830048
999, 800, 41, 0.009664, 0.243712, 0.765536
999, 800, 42, 0.010112, 0.248832, 0.855648
999, 800, 43, 0.009216, 0.243712, 0.825472
999, 800, 44, 0.008832, 0.24576, 0.7656
999, 800, 45, 0.009952, 0.243712, 0.840256
999, 800, 46, 0.00928, 0.247808, 0.865408
999, 800, 47, 0.009344, 0.24688, 0.76768
999, 800, 48, 0.00928, 0.243712, 0.945056
999, 800, 49, 0.010144, 0.24576, 0.845376
999, 1600, 0, 0.009568, 0.25312, 0.888576
999, 1600, 1, 0.010464, 0.247072, 0.848704
999, 1600, 2, 0.009856, 0.247808, 0.832352
999, 1600, 3, 0.010528, 0.246016, 0.843936
999, 1600, 4, 0.009696, 0.247808, 0.881824
999, 1600, 5, 0.010144, 0.243008, 0.775168
999, 1600, 6, 0.010112, 0.246784, 0.84048
999, 1600, 7, 0.010592, 0.242752, 0.81968
999, 1600, 8, 0.009952, 0.247808, 0.763072
999, 1600, 9, 0.01008, 0.241664, 0.832288
999, 1600, 10, 0.010496, 0.24576, 0.845792
999, 1600, 11, 0.01072, 0.251904, 0.847776
999, 1600, 12, 0.010208, 0.24576, 0.812416
999, 1600, 13, 0.013088, 0.246784, 0.804608
999, 1600, 14, 0.00992, 0.242816, 0.748384
999, 1600, 15, 0.01024, 0.246784, 0.832608
999, 1600, 16, 0.010208, 0.362496, 0.770656
999, 1600, 17, 0.009056, 0.24576, 0.834912
999, 1600, 18, 0.010048, 0.248832, 0.840128
999, 1600, 19, 0.010304, 0.258048, 0.777184
999, 1600, 20, 0.0096, 0.247872, 0.885056
999, 1600, 21, 0.009312, 0.24576, 0.832608
999, 1600, 22, 0.009184, 0.252928, 0.826944
999, 1600, 23, 0.01008, 0.24576, 0.830688
999, 1600, 24, 0.009152, 0.243872, 0.880896
999, 1600, 25, 0.013664, 0.25088, 0.827456
999, 1600, 26, 0.008896, 0.24064, 0.837184
999, 1600, 27, 0.008224, 0.242848, 0.861728
999, 1600, 28, 0.013728, 0.247808, 0.824576
999, 1600, 29, 0.009056, 0.244736, 0.833728
999, 1600, 30, 0.008192, 0.243712, 0.844416
999, 1600, 31, 0.008224, 0.251904, 0.838624
999, 1600, 32, 0.008512, 0.24576, 0.833408
999, 1600, 33, 0.008448, 0.242848, 0.760992
999, 1600, 34, 0.008384, 0.245024, 0.834048
999, 1600, 35, 0.008224, 0.24576, 0.832672
999, 1600, 36, 0.008544, 0.24576, 0.816832
999, 1600, 37, 0.008352, 0.242688, 0.847904
999, 1600, 38, 0.008896, 0.246784, 0.761632
999, 1600, 39, 0.008352, 0.244736, 0.840992
999, 1600, 40, 0.008576, 0.242688, 0.769056
999, 1600, 41, 0.008512, 0.246784, 0.831488
999, 1600, 42, 0.00912, 0.24576, 0.8312
999, 1600, 43, 0.008832, 0.242688, 0.831584
999, 1600, 44, 0.014656, 0.242688, 0.802528
999, 1600, 45, 0.013664, 0.243712, 0.845216
999, 1600, 46, 0.009216, 0.244736, 0.843328
999, 1600, 47, 0.00864, 0.253952, 0.83472
999, 1600, 48, 0.008768, 0.246784, 0.838912
999, 1600, 49, 0.008288, 0.246784, 0.830944
999, 3200, 0, 0.009792, 0.246784, 0.828576
999, 3200, 1, 0.008608, 0.246784, 0.834528
999, 3200, 2, 0.009152, 0.243712, 0.83136
999, 3200, 3, 0.008928, 0.245056, 0.8248
999, 3200, 4, 0.008224, 0.242688, 0.830464
999, 3200, 5, 0.008608, 0.241664, 0.758464
999, 3200, 6, 0.008704, 0.248832, 0.826016
999, 3200, 7, 0.009312, 0.243712, 0.840736
999, 3200, 8, 0.009088, 0.246784, 0.839968
999, 3200, 9, 0.008928, 0.251904, 0.842688
999, 3200, 10, 0.00832, 0.24576, 0.836256
999, 3200, 11, 0.008704, 0.242048, 0.832448
999, 3200, 12, 0.0088, 0.253952, 0.837888
999, 3200, 13, 0.008672, 0.244736, 0.836672
999, 3200, 14, 0.008832, 0.244736, 0.829728
999, 3200, 15, 0.00928, 0.249856, 0.844576
999, 3200, 16, 0.008416, 0.24576, 0.839456
999, 3200, 17, 0.008384, 0.244736, 0.828832
999, 3200, 18, 0.008224, 0.252928, 0.82896
999, 3200, 19, 0.008384, 0.243712, 0.834464
999, 3200, 20, 0.00816, 0.243904, 0.82384
999, 3200, 21, 0.008096, 0.248832, 0.827808
999, 3200, 22, 0.008896, 0.241664, 0.830112
999, 3200, 23, 0.0088, 0.24064, 0.808032
999, 3200, 24, 0.00848, 0.241664, 0.8088
999, 3200, 25, 0.0088, 0.241888, 0.825792
999, 3200, 26, 0.008864, 0.242912, 0.839872
999, 3200, 27, 0.008288, 0.241664, 0.818688
999, 3200, 28, 0.008736, 0.242048, 0.819584
999, 3200, 29, 0.008096, 0.243712, 0.817248
999, 3200, 30, 0.008576, 0.246784, 0.803072
999, 3200, 31, 0.00832, 0.252928, 0.814016
999, 3200, 32, 0.008032, 0.241664, 0.829824
999, 3200, 33, 0.008416, 0.24576, 0.85952
999, 3200, 34, 0.008352, 0.254976, 0.834144
999, 3200, 35, 0.00864, 0.247168, 0.841856
999, 3200, 36, 0.008448, 0.242688, 0.83872
999, 3200, 37, 0.008288, 0.244736, 0.844
999, 3200, 38, 0.0088, 0.246048, 0.836704
999, 3200, 39, 0.008416, 0.242688, 0.758816
999, 3200, 40, 0.008736, 0.2512, 0.85264
999, 3200, 41, 0.00944, 0.24576, 0.84784
999, 3200, 42, 0.008608, 0.24576, 0.846944
999, 3200, 43, 0.009504, 0.253952, 0.845216
999, 3200, 44, 0.00912, 0.24576, 0.841536
999, 3200, 45, 0.009152, 0.244064, 0.842688
999, 3200, 46, 0.008768, 0.254016, 0.768448
999, 3200, 47, 0.009408, 0.24576, 0.84112
999, 3200, 48, 0.0096, 0.243008, 0.832
999, 3200, 49, 0.009408, 0.24176, 0.833216
999, 6400, 0, 0.009088, 0.248832, 0.826784
999, 6400, 1, 0.00944, 0.244032, 0.749056
999, 6400, 2, 0.008736, 0.244736, 0.746144
999, 6400, 3, 0.009056, 0.251904, 0.819744
999, 6400, 4, 0.008768, 0.242688, 0.840544
999, 6400, 5, 0.00864, 0.243712, 0.831008
999, 6400, 6, 0.009408, 0.248832, 0.828256
999, 6400, 7, 0.008896, 0.242688, 0.74192
999, 6400, 8, 0.009152, 0.242688, 0.819136
999, 6400, 9, 0.009248, 0.241664, 0.747456
999, 6400, 10, 0.009152, 0.247808, 0.832928
999, 6400, 11, 0.010016, 0.243008, 0.9328
999, 6400, 12, 0.008896, 0.241664, 0.809024
999, 6400, 13, 0.008992, 0.244736, 0.80784
999, 6400, 14, 0.00864, 0.241664, 0.8136
999, 6400, 15, 0.008512, 0.242688, 0.811648
999, 6400, 16, 0.008288, 0.251264, 0.819328
999, 6400, 17, 0.008608, 0.239616, 0.821504
999, 6400, 18, 0.009024, 0.243968, 0.812032
999, 6400, 19, 0.00816, 0.241664, 0.816352
999, 6400, 20, 0.009024, 0.248128, 0.80944
999, 6400, 21, 0.009312, 0.251872, 0.859328
999, 6400, 22, 0.009472, 0.25088, 0.835616
999, 6400, 23, 0.00896, 0.243808, 0.742496
999, 6400, 24, 0.008896, 0.241664, 0.816224
999, 6400, 25, 0.008224, 0.242688, 0.813632
999, 6400, 26, 0.008384, 0.246976, 0.812128
999, 6400, 27, 0.008256, 0.241664, 0.808352
999, 6400, 28, 0.008832, 0.246784, 0.808512
999, 6400, 29, 0.008608, 0.242976, 0.808288
999, 6400, 30, 0.00864, 0.24064, 0.809856
999, 6400, 31, 0.008608, 0.238592, 0.813568
999, 6400, 32, 0.008448, 0.242016, 0.829856
999, 6400, 33, 0.009152, 0.241664, 0.826368
999, 6400, 34, 0.008832, 0.242688, 0.86144
999, 6400, 35, 0.008192, 0.243712, 0.84864
999, 6400, 36, 0.008672, 0.246048, 0.829664
999, 6400, 37, 0.008352, 0.25088, 0.836064
999, 6400, 38, 0.008448, 0.239616, 0.814464
999, 6400, 39, 0.008864, 0.247808, 0.811456
999, 6400, 40, 0.008544, 0.239616, 0.818016
999, 6400, 41, 0.008992, 0.24064, 0.817472
999, 6400, 42, 0.008832, 0.239616, 0.815936
999, 6400, 43, 0.008224, 0.241856, 0.822272
999, 6400, 44, 0.008544, 0.242688, 0.814752
999, 6400, 45, 0.008832, 0.240736, 0.801216
999, 6400, 46, 0.008064, 0.24064, 0.812416
999, 6400, 47, 0.0088, 0.24064, 0.743072
999, 6400, 48, 0.008448, 0.242976, 0.757664
999, 6400, 49, 0.008448, 0.242688, 0.822432
999, 10000, 0, 0.00848, 0.244736, 0.8128
999, 10000, 1, 0.008608, 0.241664, 0.819296
999, 10000, 2, 0.008992, 0.24096, 0.740576
999, 10000, 3, 0.008768, 0.247808, 0.813856
999, 10000, 4, 0.008192, 0.245024, 0.832832
999, 10000, 5, 0.008864, 0.244736, 0.814752
999, 10000, 6, 0.008704, 0.24064, 0.817568
999, 10000, 7, 0.008832, 0.241664, 0.756384
999, 10000, 8, 0.00848, 0.242688, 0.815296
999, 10000, 9, 0.008928, 0.241984, 0.817312
999, 10000, 10, 0.008896, 0.243712, 0.813536
999, 10000, 11, 0.008512, 0.243712, 0.747968
999, 10000, 12, 0.00896, 0.242688, 0.738624
999, 10000, 13, 0.008768, 0.244736, 0.8128
999, 10000, 14, 0.008448, 0.24064, 0.811648
999, 10000, 15, 0.009088, 0.239744, 0.737312
999, 10000, 16, 0.008832, 0.240928, 0.805088
999, 10000, 17, 0.009024, 0.238912, 0.810944
999, 10000, 18, 0.008864, 0.24064, 0.738368
999, 10000, 19, 0.00816, 0.242784, 0.743712
999, 10000, 20, 0.009472, 0.241664, 0.732832
999, 10000, 21, 0.009344, 0.246784, 0.83776
999, 10000, 22, 0.008832, 0.241664, 0.81728
999, 10000, 23, 0.008768, 0.243712, 0.749248
999, 10000, 24, 0.008416, 0.243712, 0.744416
999, 10000, 25, 0.008864, 0.239616, 0.810144
999, 10000, 26, 0.008928, 0.239616, 0.805024
999, 10000, 27, 0.008448, 0.247808, 0.75504
999, 10000, 28, 0.008288, 0.24576, 0.813312
999, 10000, 29, 0.008704, 0.24064, 0.82048
999, 10000, 30, 0.00928, 0.24064, 0.810848
999, 10000, 31, 0.008864, 0.24064, 0.80864
999, 10000, 32, 0.00896, 0.23888, 0.82144
999, 10000, 33, 0.008896, 0.240672, 0.748832
999, 10000, 34, 0.008992, 0.241664, 0.818432
999, 10000, 35, 0.009248, 0.243712, 0.805536
999, 10000, 36, 0.008512, 0.24064, 0.809248
999, 10000, 37, 0.00944, 0.241952, 0.824992
999, 10000, 38, 0.00912, 0.256, 0.846848
999, 10000, 39, 0.0088, 0.247808, 0.848512
999, 10000, 40, 0.00944, 0.241664, 0.752544
999, 10000, 41, 0.008608, 0.248832, 0.834912
999, 10000, 42, 0.009248, 0.25088, 0.764992
999, 10000, 43, 0.009088, 0.242688, 0.824352
999, 10000, 44, 0.010208, 0.255136, 0.741888
999, 10000, 45, 0.009152, 0.243712, 0.826336
999, 10000, 46, 0.009696, 0.242752, 0.848352
999, 10000, 47, 0.010816, 0.248992, 0.85136
999, 10000, 48, 0.00848, 0.244736, 0.823296
999, 10000, 49, 0.009248, 0.241664, 0.829792
900, 1, 0, 0.007232, 0.023552, 0.011104
900, 1, 1, 0.006208, 0.009984, 0.008992
900, 1, 2, 0.005632, 0.00912, 0.007296
900, 1, 3, 0.005984, 0.008192, 0.006976
900, 1, 4, 0.005664, 0.008928, 0.007424
900, 1, 5, 0.005888, 0.008192, 0.017312
900, 1, 6, 0.005664, 0.009216, 0.008128
900, 1, 7, 0.005824, 0.008064, 0.007328
900, 1, 8, 0.005728, 0.008192, 0.007904
900, 1, 9, 0.005728, 0.008416, 0.007456
900, 1, 10, 0.00608, 0.008192, 0.0072
900, 1, 11, 0.006304, 0.007936, 0.007488
900, 1, 12, 0.005888, 0.008192, 0.007328
900, 1, 13, 0.005888, 0.008192, 0.007136
900, 1, 14, 0.006304, 0.008192, 0.007072
900, 1, 15, 0.005984, 0.008192, 0.007104
900, 1, 16, 0.005856, 0.008192, 0.007392
900, 1, 17, 0.00656, 0.008192, 0.006752
900, 1, 18, 0.006432, 0.008192, 0.007328
900, 1, 19, 0.006144, 0.011264, 0.012064
900, 1, 20, 0.008224, 0.013408, 0.012832
900, 1, 21, 0.006208, 0.009216, 0.008128
900, 1, 22, 0.0056, 0.00912, 0.01312
900, 1, 23, 0.00608, 0.008192, 0.007296
900, 1, 24, 0.11072, 0.00512, 0.006816
900, 1, 25, 0.005952, 0.008192, 0.006464
900, 1, 26, 0.005376, 0.008192, 0.006688
900, 1, 27, 0.00608, 0.008192, 0.006336
900, 1, 28, 0.005312, 0.007872, 0.00752
900, 1, 29, 0.006432, 0.009216, 0.006816
900, 1, 30, 0.005216, 0.008288, 0.006656
900, 1, 31, 0.005888, 0.008192, 0.006336
900, 1, 32, 0.007232, 0.012288, 0.007872
900, 1, 33, 0.005664, 0.008864, 0.00688
900, 1, 34, 0.005632, 0.008224, 0.007392
900, 1, 35, 0.005344, 0.008896, 0.006496
900, 1, 36, 0.00528, 0.008192, 0.006688
900, 1, 37, 0.005824, 0.008192, 0.00624
900, 1, 38, 0.005632, 0.008192, 0.00656
900, 1, 39, 0.006208, 0.008192, 0.006272
900, 1, 40, 0.005408, 0.00816, 0.007168
900, 1, 41, 0.005504, 0.008192, 0.006688
900, 1, 42, 0.005728, 0.008192, 0.006464
900, 1, 43, 0.00544, 0.008064, 0.006976
900, 1, 44, 0.005696, 0.008192, 0.006976
900, 1, 45, 0.005632, 0.008192, 0.006624
900, 1, 46, 0.006112, 0.008192, 0.006368
900, 1, 47, 0.00544, 0.008192, 0.006528
900, 1, 48, 0.005376, 0.007904, 0.0072
900, 1, 49, 0.005536, 0.008288, 0.006816
900, 2, 0, 0.006016, 0.009216, 0.00816
900, 2, 1, 0.005344, 0.008544, 0.008064
900, 2, 2, 0.005856, 0.008192, 0.007712
900, 2, 3, 0.005792, 0.008192, 0.007648
900, 2, 4, 0.005632, 0.008128, 0.008128
900, 2, 5, 0.005504, 0.011072, 0.0104
900, 2, 6, 0.00576, 0.009216, 0.007936
900, 2, 7, 0.00544, 0.007968, 0.008256
900, 2, 8, 0.00592, 0.008192, 0.007648
900, 2, 9, 0.005408, 0.008, 0.009056
900, 2, 10, 0.005056, 0.009216, 0.00896
900, 2, 11, 0.005792, 0.009216, 0.009248
900, 2, 12, 0.005344, 0.009088, 0.007584
900, 2, 13, 0.0056, 0.008192, 0.008096
900, 2, 14, 0.006048, 0.008192, 0.007488
900, 2, 15, 0.005728, 0.008192, 0.007744
900, 2, 16, 0.005504, 0.00832, 0.008096
900, 2, 17, 0.0056, 0.008192, 0.00816
900, 2, 18, 0.005376, 0.00896, 0.007392
900, 2, 19, 0.005952, 0.008192, 0.007392
900, 2, 20, 0.005824, 0.008192, 0.007424
900, 2, 21, 0.005504, 0.00896, 0.010368
900, 2, 22, 0.00592, 0.008192, 0.00752
900, 2, 23, 0.005632, 0.008192, 0.008064
900, 2, 24, 0.005344, 0.008928, 0.007136
900, 2, 25, 0.00592, 0.008192, 0.007648
900, 2, 26, 0.005408, 0.008096, 0.008128
900, 2, 27, 0.005312, 0.008256, 0.007936
900, 2, 28, 0.005376, 0.008832, 0.00784
900, 2, 29, 0.005536, 0.008096, 0.008224
900, 2, 30, 0.005952, 0.008192, 0.007616
900, 2, 31, 0.005568, 0.00816, 0.00816
900, 2, 32, 0.005984, 0.011264, 0.0104
900, 2, 33, 0.0056, 0.00912, 0.007584
900, 2, 34, 0.005376, 0.008192, 0.007712
900, 2, 35, 0.0056, 0.008192, 0.007776
900, 2, 36, 0.005376, 0.008064, 0.009952
900, 2, 37, 0.006272, 0.008192, 0.00768
900, 2, 38, 0.005376, 0.008192, 0.008224
900, 2, 39, 0.00608, 0.008192, 0.007648
900, 2, 40, 0.005344, 0.008064, 0.008448
900, 2, 41, 0.005632, 0.008, 0.007968
900, 2, 42, 0.005376, 0.008096, 0.007872
900, 2, 43, 0.005664, 0.008, 0.008416
900, 2, 44, 0.00576, 0.008192, 0.00816
900, 2, 45, 0.005984, 0.008192, 0.007232
900, 2, 46, 0.005344, 0.008192, 0.008128
900, 2, 47, 0.00608, 0.007424, 0.00816
900, 2, 48, 0.006048, 0.008192, 0.007392
900, 2, 49, 0.00576, 0.008192, 0.007744
900, 4, 0, 0.005952, 0.009216, 0.01136
900, 4, 1, 0.006112, 0.009216, 0.010272
900, 4, 2, 0.005536, 0.009216, 0.010016
900, 4, 3, 0.006016, 0.008192, 0.010304
900, 4, 4, 0.005376, 0.008192, 0.010624
900, 4, 5, 0.005824, 0.008192, 0.010112
900, 4, 6, 0.005344, 0.008992, 0.010208
900, 4, 7, 0.005504, 0.008416, 0.010336
900, 4, 8, 0.005888, 0.009216, 0.010176
900, 4, 9, 0.005856, 0.008192, 0.010304
900, 4, 10, 0.005408, 0.008512, 0.011072
900, 4, 11, 0.00608, 0.008192, 0.010432
900, 4, 12, 0.00544, 0.008032, 0.010912
900, 4, 13, 0.005984, 0.008192, 0.010176
900, 4, 14, 0.006688, 0.012192, 0.017248
900, 4, 15, 0.00608, 0.009216, 0.011232
900, 4, 16, 0.006144, 0.008192, 0.010336
900, 4, 17, 0.005664, 0.008192, 0.010496
900, 4, 18, 0.00544, 0.007936, 0.010848
900, 4, 19, 0.005568, 0.008192, 0.010432
900, 4, 20, 0.005504, 0.008192, 0.01104
900, 4, 21, 0.006016, 0.008192, 0.010848
900, 4, 22, 0.005696, 0.00832, 0.011136
900, 4, 23, 0.005632, 0.008192, 0.010272
900, 4, 24, 0.005536, 0.008192, 0.010816
900, 4, 25, 0.006016, 0.008192, 0.009984
900, 4, 26, 0.005824, 0.008192, 0.010144
900, 4, 27, 0.00576, 0.008064, 0.010432
900, 4, 28, 0.005472, 0.011136, 0.014912
900, 4, 29, 0.005632, 0.00896, 0.010848
900, 4, 30, 0.00544, 0.008192, 0.010752
900, 4, 31, 0.005408, 0.008832, 0.010112
900, 4, 32, 0.010368, 0.008192, 0.01072
900, 4, 33, 0.006112, 0.008192, 0.010048
900, 4, 34, 0.005568, 0.008192, 0.010272
900, 4, 35, 0.005376, 0.008288, 0.010688
900, 4, 36, 0.005312, 0.007808, 0.011328
900, 4, 37, 0.006304, 0.007168, 0.010816
900, 4, 38, 0.00544, 0.007808, 0.011072
900, 4, 39, 0.005728, 0.008192, 0.01072
900, 4, 40, 0.006016, 0.008192, 0.010176
900, 4, 41, 0.005568, 0.00896, 0.01024
900, 4, 42, 0.005632, 0.008192, 0.011168
900, 4, 43, 0.005792, 0.008192, 0.012032
900, 4, 44, 0.006048, 0.008192, 0.011136
900, 4, 45, 0.005696, 0.008192, 0.010688
900, 4, 46, 0.005952, 0.008192, 0.010304
900, 4, 47, 0.005664, 0.008192, 0.01088
900, 4, 48, 0.005824, 0.008192, 0.010624
900, 4, 49, 0.005504, 0.008192, 0.010208
900, 8, 0, 0.00592, 0.009216, 0.015328
900, 8, 1, 0.006112, 0.008192, 0.015648
900, 8, 2, 0.00528, 0.008928, 0.016768
900, 8, 3, 0.007168, 0.013312, 0.024064
900, 8, 4, 0.005568, 0.01712, 0.017056
900, 8, 5, 0.00592, 0.009216, 0.0144
900, 8, 6, 0.006176, 0.008192, 0.014944
900, 8, 7, 0.006016, 0.009184, 0.014464
900, 8, 8, 0.005568, 0.007936, 0.016352
900, 8, 9, 0.006048, 0.008192, 0.015808
900, 8, 10, 0.005728, 0.008192, 0.015008
900, 8, 11, 0.005408, 0.008864, 0.014784
900, 8, 12, 0.005376, 0.008896, 0.015712
900, 8, 13, 0.005536, 0.008192, 0.015968
900, 8, 14, 0.005376, 0.00832, 0.015072
900, 8, 15, 0.005792, 0.008192, 0.020704
900, 8, 16, 0.006528, 0.01024, 0.015616
900, 8, 17, 0.00544, 0.009024, 0.014784
900, 8, 18, 0.006112, 0.008224, 0.015264
900, 8, 19, 0.005888, 0.008192, 0.0152
900, 8, 20, 0.005824, 0.008192, 0.014624
900, 8, 21, 0.005408, 0.008192, 0.015136
900, 8, 22, 0.005696, 0.008192, 0.01488
900, 8, 23, 0.00592, 0.008192, 0.014464
900, 8, 24, 0.005568, 0.008192, 0.016064
900, 8, 25, 0.005824, 0.008192, 0.020896
900, 8, 26, 0.005664, 0.009216, 0.016032
900, 8, 27, 0.006016, 0.008192, 0.015808
900, 8, 28, 0.005536, 0.009088, 0.016512
900, 8, 29, 0.005408, 0.008352, 0.015648
900, 8, 30, 0.005952, 0.008192, 0.014912
900, 8, 31, 0.005376, 0.008928, 0.014528
900, 8, 32, 0.005408, 0.00896, 0.014272
900, 8, 33, 0.005376, 0.008416, 0.014752
900, 8, 34, 0.00608, 0.007168, 0.01568
900, 8, 35, 0.0056, 0.008288, 0.016032
900, 8, 36, 0.005344, 0.008832, 0.014272
900, 8, 37, 0.00592, 0.008192, 0.015328
900, 8, 38, 0.006144, 0.008192, 0.015968
900, 8, 39, 0.00544, 0.008, 0.016192
900, 8, 40, 0.005472, 0.008256, 0.01488
900, 8, 41, 0.006016, 0.008192, 0.015456
900, 8, 42, 0.00544, 0.008352, 0.016064
900, 8, 43, 0.005632, 0.008192, 0.014944
900, 8, 44, 0.005088, 0.009216, 0.01456
900, 8, 45, 0.00544, 0.008192, 0.0152
900, 8, 46, 0.005632, 0.008256, 0.015008
900, 8, 47, 0.006016, 0.008192, 0.02096
900, 8, 48, 0.006112, 0.00832, 0.01536
900, 8, 49, 0.005536, 0.009152, 0.015136
900, 16, 0, 0.006528, 0.011264, 0.026048
900, 16, 1, 0.005696, 0.009216, 0.024896
900, 16, 2, 0.006016, 0.008192, 0.024608
900, 16, 3, 0.005792, 0.009088, 0.025376
900, 16, 4, 0.00592, 0.008192, 0.02448
900, 16, 5, 0.005984, 0.008192, 0.025408
900, 16, 6, 0.005472, 0.008192, 0.027168
900, 16, 7, 0.005696, 0.008192, 0.02608
900, 16, 8, 0.005952, 0.008192, 0.025888
900, 16, 9, 0.0056, 0.00992, 0.026304
900, 16, 10, 0.006368, 0.008192, 0.026464
900, 16, 11, 0.005568, 0.009216, 0.023968
900, 16, 12, 0.00592, 0.008192, 0.025888
900, 16, 13, 0.005792, 0.009888, 0.026496
900, 16, 14, 0.005632, 0.008192, 0.025024
900, 16, 15, 0.00592, 0.008224, 0.025024
900, 16, 16, 0.00576, 0.008192, 0.02592
900, 16, 17, 0.005472, 0.008992, 0.023808
900, 16, 18, 0.005344, 0.008992, 0.023712
900, 16, 19, 0.006144, 0.008192, 0.027936
900, 16, 20, 0.006016, 0.00832, 0.02704
900, 16, 21, 0.005824, 0.008192, 0.024864
900, 16, 22, 0.005984, 0.008192, 0.025856
900, 16, 23, 0.006048, 0.008192, 0.025504
900, 16, 24, 0.005632, 0.008192, 0.026528
900, 16, 25, 0.005568, 0.008192, 0.02448
900, 16, 26, 0.00544, 0.009216, 0.02608
900, 16, 27, 0.005888, 0.010176, 0.02624
900, 16, 28, 0.005472, 0.008992, 0.02464
900, 16, 29, 0.00624, 0.008192, 0.030688
900, 16, 30, 0.005536, 0.009216, 0.026304
900, 16, 31, 0.005536, 0.009056, 0.025568
900, 16, 32, 0.005472, 0.00816, 0.026752
900, 16, 33, 0.005664, 0.009216, 0.023552
900, 16, 34, 0.00544, 0.008544, 0.026688
900, 16, 35, 0.005824, 0.009216, 0.023776
900, 16, 36, 0.006912, 0.012288, 0.032256
900, 16, 37, 0.00592, 0.009472, 0.025888
900, 16, 38, 0.005408, 0.009216, 0.023648
900, 16, 39, 0.005728, 0.008288, 0.024224
900, 16, 40, 0.00576, 0.008192, 0.02656
900, 16, 41, 0.005632, 0.008256, 0.02624
900, 16, 42, 0.005632, 0.008192, 0.024448
900, 16, 43, 0.005536, 0.008192, 0.024576
900, 16, 44, 0.005408, 0.008576, 0.024416
900, 16, 45, 0.006208, 0.01024, 0.028384
900, 16, 46, 0.0056, 0.015328, 0.026496
900, 16, 47, 0.005952, 0.008448, 0.028448
900, 16, 48, 0.005408, 0.008864, 0.024096
900, 16, 49, 0.005376, 0.008896, 0.025536
900, 32, 0, 0.010944, 0.01024, 0.045024
900, 32, 1, 0.0056, 0.010144, 0.045952
900, 32, 2, 0.00624, 0.009216, 0.045472
900, 32, 3, 0.005984, 0.009216, 0.045568
900, 32, 4, 0.005952, 0.009248, 0.043328
900, 32, 5, 0.005984, 0.00928, 0.044608
900, 32, 6, 0.005792, 0.010176, 0.04544
900, 32, 7, 0.005376, 0.009888, 0.056864
900, 32, 8, 0.006464, 0.011488, 0.04672
900, 32, 9, 0.0056, 0.016064, 0.044992
900, 32, 10, 0.005408, 0.010112, 0.043392
900, 32, 11, 0.006176, 0.009216, 0.042784
900, 32, 12, 0.005632, 0.00944, 0.042944
900, 32, 13, 0.00544, 0.010176, 0.044736
900, 32, 14, 0.005344, 0.009952, 0.045504
900, 32, 15, 0.005888, 0.011232, 0.047392
900, 32, 16, 0.005472, 0.010144, 0.045056
900, 32, 17, 0.00576, 0.009216, 0.045504
900, 32, 18, 0.00592, 0.00944, 0.042848
900, 32, 19, 0.013024, 0.010496, 0.046464
900, 32, 20, 0.005984, 0.009216, 0.045632
900, 32, 21, 0.00592, 0.00928, 0.05616
900, 32, 22, 0.0064, 0.010528, 0.043072
900, 32, 23, 0.005792, 0.010016, 0.043872
900, 32, 24, 0.005632, 0.011104, 0.045888
900, 32, 25, 0.005504, 0.01024, 0.042464
900, 32, 26, 0.005888, 0.009216, 0.045856
900, 32, 27, 0.006112, 0.009248, 0.04592
900, 32, 28, 0.00672, 0.011264, 0.043584
900, 32, 29, 0.00544, 0.010112, 0.042784
900, 32, 30, 0.005536, 0.00992, 0.049408
900, 32, 31, 0.005824, 0.010912, 0.046432
900, 32, 32, 0.00544, 0.010144, 0.045248
900, 32, 33, 0.005664, 0.01024, 0.044768
900, 32, 34, 0.005792, 0.009504, 0.046912
900, 32, 35, 0.005792, 0.011264, 0.043232
900, 32, 36, 0.005856, 0.01024, 0.042464
900, 32, 37, 0.00592, 0.009216, 0.0432
900, 32, 38, 0.006176, 0.009216, 0.0424
900, 32, 39, 0.005504, 0.01008, 0.04368
900, 32, 40, 0.005824, 0.00928, 0.044832
900, 32, 41, 0.005824, 0.009376, 0.046144
900, 32, 42, 0.005472, 0.011168, 0.045664
900, 32, 43, 0.005728, 0.01024, 0.042592
900, 32, 44, 0.005504, 0.01024, 0.045024
900, 32, 45, 0.005824, 0.009216, 0.045568
900, 32, 46, 0.005824, 0.009216, 0.048
900, 32, 47, 0.00576, 0.00944, 0.0432
900, 32, 48, 0.005856, 0.009536, 0.04432
900, 32, 49, 0.006208, 0.009216, 0.04336
900, 64, 0, 0.005568, 0.01536, 0.08272
900, 64, 1, 0.011712, 0.019168, 0.092352
900, 64, 2, 0.006176, 0.01536, 0.08448
900, 64, 3, 0.005696, 0.014336, 0.083104
900, 64, 4, 0.005824, 0.014336, 0.084608
900, 64, 5, 0.005728, 0.01424, 0.089248
900, 64, 6, 0.006016, 0.014624, 0.08384
900, 64, 7, 0.006368, 0.014336, 0.076768
900, 64, 8, 0.005472, 0.014112, 0.085696
900, 64, 9, 0.006272, 0.014592, 0.083008
900, 64, 10, 0.00576, 0.014336, 0.08432
900, 64, 11, 0.005696, 0.014336, 0.07792
900, 64, 12, 0.005984, 0.014336, 0.082912
900, 64, 13, 0.006144, 0.0136, 0.090048
900, 64, 14, 0.006144, 0.01536, 0.084064
900, 64, 15, 0.005632, 0.014272, 0.084352
900, 64, 16, 0.005216, 0.016384, 0.077664
900, 64, 17, 0.005504, 0.015008, 0.087424
900, 64, 18, 0.006432, 0.01536, 0.085216
900, 64, 19, 0.00576, 0.014336, 0.077792
900, 64, 20, 0.005696, 0.014336, 0.07792
900, 64, 21, 0.006112, 0.014336, 0.08384
900, 64, 22, 0.008832, 0.019424, 0.085568
900, 64, 23, 0.005856, 0.015296, 0.083744
900, 64, 24, 0.006528, 0.014336, 0.082848
900, 64, 25, 0.005888, 0.014336, 0.082592
900, 64, 26, 0.005824, 0.016384, 0.086624
900, 64, 27, 0.00576, 0.01536, 0.079232
900, 64, 28, 0.005696, 0.014336, 0.084224
900, 64, 29, 0.005376, 0.014432, 0.08432
900, 64, 30, 0.006112, 0.014336, 0.100768
900, 64, 31, 0.005792, 0.016224, 0.083904
900, 64, 32, 0.0056, 0.014336, 0.077984
900, 64, 33, 0.00608, 0.014336, 0.083264
900, 64, 34, 0.005856, 0.014336, 0.086336
900, 64, 35, 0.006336, 0.01536, 0.084352
900, 64, 36, 0.006016, 0.014336, 0.083552
900, 64, 37, 0.00624, 0.014336, 0.078336
900, 64, 38, 0.00592, 0.014336, 0.089408
900, 64, 39, 0.006656, 0.018432, 0.093952
900, 64, 40, 0.006336, 0.01536, 0.083936
900, 64, 41, 0.006112, 0.014336, 0.083232
900, 64, 42, 0.005696, 0.014336, 0.078112
900, 64, 43, 0.005728, 0.014496, 0.087904
900, 64, 44, 0.0056, 0.015296, 0.083616
900, 64, 45, 0.005728, 0.014976, 0.07824
900, 64, 46, 0.005888, 0.014336, 0.08288
900, 64, 47, 0.005728, 0.014368, 0.083904
900, 64, 48, 0.006048, 0.014336, 0.083872
900, 64, 49, 0.005632, 0.014432, 0.077984
900, 100, 0, 0.006784, 0.021216, 0.126912
900, 100, 1, 0.005824, 0.019456, 0.117024
900, 100, 2, 0.006112, 0.018432, 0.128352
900, 100, 3, 0.005856, 0.019456, 0.134528
900, 100, 4, 0.006112, 0.019648, 0.129152
900, 100, 5, 0.006208, 0.02048, 0.125312
900, 100, 6, 0.005312, 0.019456, 0.1168
900, 100, 7, 0.005888, 0.019264, 0.116192
900, 100, 8, 0.005728, 0.020384, 0.125728
900, 100, 9, 0.006304, 0.018432, 0.124256
900, 100, 10, 0.005824, 0.024576, 0.125984
900, 100, 11, 0.008032, 0.022656, 0.126336
900, 100, 12, 0.006016, 0.019456, 0.116352
900, 100, 13, 0.005952, 0.019296, 0.119072
900, 100, 14, 0.007584, 0.021504, 0.117728
900, 100, 15, 0.005792, 0.019456, 0.124064
900, 100, 16, 0.005504, 0.019456, 0.124768
900, 100, 17, 0.006848, 0.02048, 0.138592
900, 100, 18, 0.00768, 0.024576, 0.139392
900, 100, 19, 0.005984, 0.019712, 0.12656
900, 100, 20, 0.005824, 0.020352, 0.126688
900, 100, 21, 0.00608, 0.020224, 0.132256
900, 100, 22, 0.005952, 0.019456, 0.14096
900, 100, 23, 0.006144, 0.020416, 0.127104
900, 100, 24, 0.00576, 0.01872, 0.118976
900, 100, 25, 0.005792, 0.018432, 0.142528
900, 100, 26, 0.00656, 0.02048, 0.125568
900, 100, 27, 0.0056, 0.019296, 0.11584
900, 100, 28, 0.00608, 0.018464, 0.134656
900, 100, 29, 0.006464, 0.02048, 0.127008
900, 100, 30, 0.005472, 0.019456, 0.124864
900, 100, 31, 0.006624, 0.019456, 0.1288
900, 100, 32, 0.006048, 0.028672, 0.126496
900, 100, 33, 0.005792, 0.019456, 0.116288
900, 100, 34, 0.005696, 0.018528, 0.129312
900, 100, 35, 0.006528, 0.02048, 0.134304
900, 100, 36, 0.005792, 0.020256, 0.116064
900, 100, 37, 0.006496, 0.018432, 0.126752
900, 100, 38, 0.00592, 0.020256, 0.126784
900, 100, 39, 0.005472, 0.019456, 0.115776
900, 100, 40, 0.00608, 0.018432, 0.134144
900, 100, 41, 0.005888, 0.019776, 0.124928
900, 100, 42, 0.00624, 0.018432, 0.116512
900, 100, 43, 0.00624, 0.018432, 0.1248
900, 100, 44, 0.007072, 0.019456, 0.12288
900, 100, 45, 0.005664, 0.019648, 0.116576
900, 100, 46, 0.0056, 0.019456, 0.145888
900, 100, 47, 0.0064, 0.02048, 0.125888
900, 100, 48, 0.005536, 0.018432, 0.124544
900, 100, 49, 0.0056, 0.019456, 0.121664
900, 200, 0, 0.006944, 0.13824, 0.230208
900, 200, 1, 0.00656, 0.125952, 0.24224
900, 200, 2, 0.007424, 0.11776, 0.238784
900, 200, 3, 0.008128, 0.123136, 0.241632
900, 200, 4, 0.006656, 0.114688, 0.221952
900, 200, 5, 0.006592, 0.128832, 0.24144
900, 200, 6, 0.006816, 0.115712, 0.25024
900, 200, 7, 0.007136, 0.12288, 0.252
900, 200, 8, 0.00736, 0.118784, 0.224832
900, 200, 9, 0.006944, 0.126144, 0.239648
900, 200, 10, 0.006944, 0.119456, 0.221504
900, 200, 11, 0.0096, 0.132096, 0.2472
900, 200, 12, 0.008352, 0.129024, 0.240864
900, 200, 13, 0.006624, 0.125952, 0.245216
900, 200, 14, 0.006496, 0.114816, 0.265952
900, 200, 15, 0.0144, 0.11776, 0.241696
900, 200, 16, 0.006304, 0.115424, 0.2392
900, 200, 17, 0.007072, 0.117568, 0.222368
900, 200, 18, 0.007424, 0.118784, 0.237952
900, 200, 19, 0.006912, 0.132096, 0.240096
900, 200, 20, 0.006464, 0.116736, 0.2408
900, 200, 21, 0.007008, 0.121856, 0.237792
900, 200, 22, 0.00624, 0.113632, 0.261632
900, 200, 23, 0.006656, 0.125952, 0.227776
900, 200, 24, 0.006496, 0.115712, 0.236576
900, 200, 25, 0.006688, 0.123872, 0.243136
900, 200, 26, 0.0064, 0.114848, 0.240992
900, 200, 27, 0.008288, 0.129024, 0.24064
900, 200, 28, 0.006496, 0.119648, 0.242112
900, 200, 29, 0.006432, 0.12288, 0.237888
900, 200, 30, 0.006304, 0.113664, 0.252
900, 200, 31, 0.00688, 0.12208, 0.246016
900, 200, 32, 0.00656, 0.114016, 0.241856
900, 200, 33, 0.006752, 0.12272, 0.239712
900, 200, 34, 0.006944, 0.11712, 0.242048
900, 200, 35, 0.008608, 0.132032, 0.22384
900, 200, 36, 0.007104, 0.113664, 0.231392
900, 200, 37, 0.00656, 0.115648, 0.247616
900, 200, 38, 0.006976, 0.113664, 0.247872
900, 200, 39, 0.007328, 0.114688, 0.252224
900, 200, 40, 0.006624, 0.115712, 0.240224
900, 200, 41, 0.00672, 0.113664, 0.24448
900, 200, 42, 0.006848, 0.113664, 0.240736
900, 200, 43, 0.007168, 0.11872, 0.24912
900, 200, 44, 0.006816, 0.130048, 0.241728
900, 200, 45, 0.006688, 0.114688, 0.255392
900, 200, 46, 0.006912, 0.114688, 0.250208
900, 200, 47, 0.006528, 0.114656, 0.229824
900, 200, 48, 0.006496, 0.11776, 0.240576
900, 200, 49, 0.007296, 0.117824, 0.248032
900, 400, 0, 0.007296, 0.156672, 0.42144
900, 400, 1, 0.007328, 0.1536, 0.45168
900, 400, 2, 0.00752, 0.152576, 0.444352
900, 400, 3, 0.00736, 0.154624, 0.398432
900, 400, 4, 0.007424, 0.149504, 0.43776
900, 400, 5, 0.007552, 0.15056, 0.424864
900, 400, 6, 0.0072, 0.1536, 0.432992
900, 400, 7, 0.0072, 0.150528, 0.443904
900, 400, 8, 0.006912, 0.156672, 0.441664
900, 400, 9, 0.007168, 0.152576, 0.4616
900, 400, 10, 0.007392, 0.1536, 0.438848
900, 400, 11, 0.008032, 0.1536, 0.43296
900, 400, 12, 0.007104, 0.149504, 0.441888
900, 400, 13, 0.007168, 0.160032, 0.45216
900, 400, 14, 0.007424, 0.152576, 0.442912
900, 400, 15, 0.006976, 0.150528, 0.444832
900, 400, 16, 0.009184, 0.165888, 0.4376
900, 400, 17, 0.007488, 0.149792, 0.45696
900, 400, 18, 0.006944, 0.152768, 0.468928
900, 400, 19, 0.00736, 0.157696, 0.43088
900, 400, 20, 0.00704, 0.152576, 0.442528
900, 400, 21, 0.007552, 0.159744, 0.43616
900, 400, 22, 0.007584, 0.150528, 0.461632
900, 400, 23, 0.007328, 0.1536, 0.449184
900, 400, 24, 0.0088, 0.153536, 0.400288
900, 400, 25, 0.007552, 0.155648, 0.446432
900, 400, 26, 0.007552, 0.150528, 0.442208
900, 400, 27, 0.007232, 0.150528, 0.452576
900, 400, 28, 0.007648, 0.151552, 0.448288
900, 400, 29, 0.007392, 0.152576, 0.432
900, 400, 30, 0.007648, 0.154624, 0.448064
900, 400, 31, 0.006624, 0.154624, 0.443072
900, 400, 32, 0.006752, 0.150528, 0.439712
900, 400, 33, 0.007264, 0.149504, 0.437216
900, 400, 34, 0.006784, 0.15872, 0.440608
900, 400, 35, 0.006912, 0.151872, 0.443776
900, 400, 36, 0.0072, 0.149536, 0.437248
900, 400, 37, 0.00688, 0.149504, 0.431712
900, 400, 38, 0.007424, 0.149504, 0.429184
900, 400, 39, 0.007776, 0.151552, 0.430144
900, 400, 40, 0.007168, 0.150528, 0.433824
900, 400, 41, 0.009696, 0.153824, 0.437984
900, 400, 42, 0.007648, 0.151552, 0.428896
900, 400, 43, 0.00784, 0.150528, 0.434336
900, 400, 44, 0.00656, 0.149504, 0.395264
900, 400, 45, 0.006752, 0.150528, 0.431104
900, 400, 46, 0.007008, 0.1536, 0.43104
900, 400, 47, 0.007456, 0.150528, 0.44176
900, 400, 48, 0.00752, 0.147456, 0.397568
900, 400, 49, 0.007584, 0.148768, 0.431904
900, 800, 0, 0.009696, 0.22752, 0.82992
900, 800, 1, 0.00976, 0.226336, 0.781824
900, 800, 2, 0.009024, 0.217152, 0.783424
900, 800, 3, 0.00896, 0.232448, 0.760864
900, 800, 4, 0.00944, 0.22016, 0.779488
900, 800, 5, 0.009152, 0.22016, 0.749216
900, 800, 6, 0.00864, 0.219136, 0.760256
900, 800, 7, 0.008736, 0.227328, 0.756096
900, 800, 8, 0.008512, 0.2184, 0.701248
900, 800, 9, 0.008608, 0.222208, 0.757024
900, 800, 10, 0.009152, 0.217088, 0.726016
900, 800, 11, 0.009024, 0.2296, 0.768448
900, 800, 12, 0.0096, 0.222208, 0.76832
900, 800, 13, 0.00896, 0.223264, 0.777856
900, 800, 14, 0.00944, 0.220224, 0.768992
900, 800, 15, 0.00832, 0.227328, 0.768096
900, 800, 16, 0.009216, 0.222464, 0.760288
900, 800, 17, 0.008544, 0.224384, 0.76096
900, 800, 18, 0.009376, 0.222208, 0.765056
900, 800, 19, 0.009056, 0.227328, 0.75552
900, 800, 20, 0.00864, 0.22016, 0.746496
900, 800, 21, 0.009344, 0.223552, 0.80208
900, 800, 22, 0.00944, 0.22224, 0.702432
900, 800, 23, 0.009024, 0.221184, 0.774432
900, 800, 24, 0.01008, 0.221184, 0.764256
900, 800, 25, 0.008288, 0.221184, 0.776544
900, 800, 26, 0.008448, 0.222304, 0.76224
900, 800, 27, 0.009024, 0.2304, 0.757792
900, 800, 28, 0.00928, 0.221184, 0.757248
900, 800, 29, 0.008704, 0.219136, 0.767232
900, 800, 30, 0.008672, 0.228736, 0.77152
900, 800, 31, 0.008736, 0.224256, 0.756768
900, 800, 32, 0.009344, 0.222208, 0.758816
900, 800, 33, 0.008928, 0.226688, 0.789472
900, 800, 34, 0.009056, 0.22016, 0.704704
900, 800, 35, 0.00912, 0.228352, 0.776512
900, 800, 36, 0.008736, 0.226304, 0.703424
900, 800, 37, 0.008448, 0.22016, 0.770944
900, 800, 38, 0.008192, 0.220384, 0.761472
900, 800, 39, 0.008256, 0.219296, 0.78464
900, 800, 40, 0.00944, 0.223232, 0.770112
900, 800, 41, 0.008672, 0.231424, 0.781856
900, 800, 42, 0.008192, 0.222208, 0.758848
900, 800, 43, 0.0088, 0.218272, 0.773888
900, 800, 44, 0.009152, 0.22528, 0.755008
900, 800, 45, 0.008992, 0.22016, 0.767072
900, 800, 46, 0.00848, 0.219136, 0.691424
900, 800, 47, 0.008896, 0.22016, 0.772288
900, 800, 48, 0.009056, 0.228352, 0.750336
900, 800, 49, 0.009344, 0.223232, 0.782592
900, 1600, 0, 0.009376, 0.229376, 0.766624
900, 1600, 1, 0.009088, 0.226304, 0.764768
900, 1600, 2, 0.009504, 0.222208, 0.757504
900, 1600, 3, 0.008864, 0.221184, 0.78112
900, 1600, 4, 0.01072, 0.224256, 0.788224
900, 1600, 5, 0.008576, 0.232448, 0.778016
900, 1600, 6, 0.008992, 0.223232, 0.769344
900, 1600, 7, 0.008224, 0.219136, 0.781056
900, 1600, 8, 0.008256, 0.221184, 0.77296
900, 1600, 9, 0.01632, 0.221184, 0.776736
900, 1600, 10, 0.00848, 0.222432, 0.712704
900, 1600, 11, 0.009312, 0.229376, 0.7688
900, 1600, 12, 0.00944, 0.221184, 0.7608
900, 1600, 13, 0.009088, 0.228352, 0.759328
900, 1600, 14, 0.012736, 0.221184, 0.761632
900, 1600, 15, 0.00944, 0.22016, 0.77888
900, 1600, 16, 0.008288, 0.22528, 0.75472
900, 1600, 17, 0.008384, 0.229376, 0.752288
900, 1600, 18, 0.008416, 0.219136, 0.7616
900, 1600, 19, 0.008896, 0.218112, 0.761888
900, 1600, 20, 0.008768, 0.22016, 0.754752
900, 1600, 21, 0.008768, 0.217088, 0.768768
900, 1600, 22, 0.008736, 0.224256, 0.751008
900, 1600, 23, 0.008768, 0.217088, 0.764096
900, 1600, 24, 0.0088, 0.219136, 0.751424
900, 1600, 25, 0.008768, 0.217376, 0.689472
900, 1600, 26, 0.008352, 0.22528, 0.745856
900, 1600, 27, 0.008192, 0.217088, 0.691168
900, 1600, 28, 0.008576, 0.218112, 0.755872
900, 1600, 29, 0.008512, 0.219136, 0.732672
900, 1600, 30, 0.00928, 0.226304, 0.699904
900, 1600, 31, 0.009152, 0.222272, 0.867456
900, 1600, 32, 0.008608, 0.221184, 0.770816
900, 1600, 33, 0.008992, 0.22528, 0.758464
900, 1600, 34, 0.009152, 0.224256, 0.698368
900, 1600, 35, 0.008704, 0.22016, 0.763616
900, 1600, 36, 0.008768, 0.21824, 0.761696
900, 1600, 37, 0.008544, 0.220384, 0.760512
900, 1600, 38, 0.008832, 0.219136, 0.723072
900, 1600, 39, 0.009152, 0.38912, 0.761504
900, 1600, 40, 0.008864, 0.217088, 0.784256
900, 1600, 41, 0.008384, 0.226304, 0.779328
900, 1600, 42, 0.00896, 0.224512, 0.778528
900, 1600, 43, 0.00864, 0.22528, 0.700384
900, 1600, 44, 0.009408, 0.223264, 0.780608
900, 1600, 45, 0.009248, 0.228352, 0.784704
900, 1600, 46, 0.008704, 0.221184, 0.721248
900, 1600, 47, 0.00848, 0.221184, 0.777632
900, 1600, 48, 0.010688, 0.227456, 0.77776
900, 1600, 49, 0.009568, 0.222208, 0.777024
900, 3200, 0, 0.009088, 0.226304, 0.7072
900, 3200, 1, 0.009344, 0.223232, 0.760256
900, 3200, 2, 0.0088, 0.221184, 0.766432
900, 3200, 3, 0.008608, 0.22016, 0.756672
900, 3200, 4, 0.009792, 0.231424, 0.755424
900, 3200, 5, 0.00816, 0.22016, 0.715328
900, 3200, 6, 0.009152, 0.22016, 0.769152
900, 3200, 7, 0.008256, 0.22048, 0.765248
900, 3200, 8, 0.00848, 0.218112, 0.692128
900, 3200, 9, 0.009056, 0.217312, 0.748
900, 3200, 10, 0.00848, 0.221184, 0.764032
900, 3200, 11, 0.009376, 0.224256, 0.769568
900, 3200, 12, 0.008608, 0.22016, 0.7648
900, 3200, 13, 0.00928, 0.226304, 0.6896
900, 3200, 14, 0.009216, 0.220288, 0.764032
900, 3200, 15, 0.009056, 0.219424, 0.763776
900, 3200, 16, 0.008768, 0.219136, 0.778688
900, 3200, 17, 0.009056, 0.22016, 0.771776
900, 3200, 18, 0.0088, 0.226656, 0.777664
900, 3200, 19, 0.008896, 0.22032, 0.767072
900, 3200, 20, 0.008896, 0.2304, 0.768352
900, 3200, 21, 0.009088, 0.219136, 0.783072
900, 3200, 22, 0.009376, 0.223232, 0.76112
900, 3200, 23, 0.008768, 0.216064, 0.764384
900, 3200, 24, 0.008768, 0.222336, 0.786784
900, 3200, 25, 0.008224, 0.22016, 0.78128
900, 3200, 26, 0.00896, 0.223552, 0.768
900, 3200, 27, 0.009056, 0.22016, 0.770784
900, 3200, 28, 0.008608, 0.219136, 0.763584
900, 3200, 29, 0.008384, 0.221184, 0.782592
900, 3200, 30, 0.008512, 0.229376, 0.757568
900, 3200, 31, 0.008416, 0.22016, 0.784672
900, 3200, 32, 0.008768, 0.219136, 0.762208
900, 3200, 33, 0.008512, 0.219424, 0.783296
900, 3200, 34, 0.008864, 0.22048, 0.778656
900, 3200, 35, 0.008832, 0.226368, 0.78912
900, 3200, 36, 0.009728, 0.237568, 0.710752
900, 3200, 37, 0.010304, 0.223232, 0.777536
900, 3200, 38, 0.009056, 0.22528, 0.694912
900, 3200, 39, 0.008544, 0.219136, 0.764192
900, 3200, 40, 0.008288, 0.219136, 0.698112
900, 3200, 41, 0.009184, 0.217088, 0.7768
900, 3200, 42, 0.008672, 0.231424, 0.75808
900, 3200, 43, 0.009024, 0.222208, 0.754528
900, 3200, 44, 0.00912, 0.218112, 0.78304
900, 3200, 45, 0.008608, 0.22016, 0.757024
900, 3200, 46, 0.00896, 0.224416, 0.74768
900, 3200, 47, 0.00912, 0.219136, 0.750528
900, 3200, 48, 0.00816, 0.219136, 0.698144
900, 3200, 49, 0.008864, 0.216064, 0.758112
900, 6400, 0, 0.008864, 0.239616, 0.756512
900, 6400, 1, 0.008832, 0.217088, 0.749952
900, 6400, 2, 0.008832, 0.217088, 0.757536
900, 6400, 3, 0.008896, 0.217088, 0.758496
900, 6400, 4, 0.008608, 0.216064, 0.76096
900, 6400, 5, 0.009184, 0.227328, 0.787424
900, 6400, 6, 0.009248, 0.22528, 0.788512
900, 6400, 7, 0.009536, 0.2304, 0.774336
900, 6400, 8, 0.009312, 0.226304, 0.891712
900, 6400, 9, 0.008928, 0.221184, 0.715584
900, 6400, 10, 0.009152, 0.221184, 0.778752
900, 6400, 11, 0.009504, 0.218112, 0.705312
900, 6400, 12, 0.008832, 0.221184, 0.777248
900, 6400, 13, 0.009696, 0.221184, 0.77536
900, 6400, 14, 0.008832, 0.22016, 0.86384
900, 6400, 15, 0.008224, 0.218112, 0.751584
900, 6400, 16, 0.009024, 0.224256, 0.759968
900, 6400, 17, 0.008864, 0.22016, 0.753728
900, 6400, 18, 0.008704, 0.217088, 0.75712
900, 6400, 19, 0.008256, 0.217184, 0.688576
900, 6400, 20, 0.00848, 0.216064, 0.762048
900, 6400, 21, 0.008928, 0.22528, 0.750464
900, 6400, 22, 0.009248, 0.216064, 0.749792
900, 6400, 23, 0.008, 0.218336, 0.75792
900, 6400, 24, 0.008224, 0.217088, 0.759648
900, 6400, 25, 0.009088, 0.216064, 0.753728
900, 6400, 26, 0.0088, 0.218112, 0.755136
900, 6400, 27, 0.00816, 0.218112, 0.756288
900, 6400, 28, 0.008896, 0.218112, 0.750656
900, 6400, 29, 0.00832, 0.218112, 0.75504
900, 6400, 30, 0.008928, 0.221184, 0.753216
900, 6400, 31, 0.008512, 0.219136, 0.747712
900, 6400, 32, 0.008704, 0.217344, 0.75504
900, 6400, 33, 0.008224, 0.216096, 0.761408
900, 6400, 34, 0.008704, 0.219136, 0.688672
900, 6400, 35, 0.008576, 0.224256, 0.74864
900, 6400, 36, 0.008512, 0.217088, 0.750528
900, 6400, 37, 0.008544, 0.216224, 0.760224
900, 6400, 38, 0.008416, 0.217088, 0.754464
900, 6400, 39, 0.008384, 0.217088, 0.7536
900, 6400, 40, 0.008576, 0.218336, 0.756544
900, 6400, 41, 0.009056, 0.221408, 0.755168
900, 6400, 42, 0.009152, 0.21616, 0.68688
900, 6400, 43, 0.008384, 0.217312, 0.75632
900, 6400, 44, 0.0088, 0.216064, 0.75392
900, 6400, 45, 0.008288, 0.218112, 0.749568
900, 6400, 46, 0.008512, 0.218432, 0.682752
900, 6400, 47, 0.008256, 0.217088, 0.692096
900, 6400, 48, 0.00848, 0.216352, 0.759008
900, 6400, 49, 0.008416, 0.216064, 0.75488
900, 10000, 0, 0.00896, 0.223232, 0.749088
900, 10000, 1, 0.008224, 0.219136, 0.687552
900, 10000, 2, 0.008096, 0.21936, 0.75648
900, 10000, 3, 0.008192, 0.218112, 0.759936
900, 10000, 4, 0.009088, 0.222208, 0.749536
900, 10000, 5, 0.008992, 0.218112, 0.760448
900, 10000, 6, 0.009312, 0.218112, 0.687872
900, 10000, 7, 0.008736, 0.218112, 0.76576
900, 10000, 8, 0.0088, 0.219136, 0.756352
900, 10000, 9, 0.0088, 0.218112, 0.756512
900, 10000, 10, 0.008896, 0.228352, 0.701568
900, 10000, 11, 0.008544, 0.219136, 0.767552
900, 10000, 12, 0.009248, 0.229472, 0.755104
900, 10000, 13, 0.008768, 0.225344, 0.748512
900, 10000, 14, 0.009312, 0.219136, 0.753728
900, 10000, 15, 0.009184, 0.218112, 0.694624
900, 10000, 16, 0.008736, 0.216192, 0.766112
900, 10000, 17, 0.008768, 0.220384, 0.690688
900, 10000, 18, 0.008384, 0.226304, 0.686208
900, 10000, 19, 0.009344, 0.218464, 0.692608
900, 10000, 20, 0.008864, 0.219328, 0.759936
900, 10000, 21, 0.008736, 0.221184, 0.749184
900, 10000, 22, 0.008576, 0.217088, 0.753376
900, 10000, 23, 0.00896, 0.222208, 0.7496
900, 10000, 24, 0.00896, 0.216064, 0.753952
900, 10000, 25, 0.008928, 0.216064, 0.755104
900, 10000, 26, 0.009088, 0.222304, 0.751584
900, 10000, 27, 0.008704, 0.216416, 0.788512
900, 10000, 28, 0.009152, 0.219136, 0.755136
900, 10000, 29, 0.009184, 0.219136, 0.690304
900, 10000, 30, 0.008864, 0.22016, 0.755584
900, 10000, 31, 0.009024, 0.217088, 0.757792
900, 10000, 32, 0.008128, 0.223232, 0.756992
900, 10000, 33, 0.008864, 0.218112, 0.684288
900, 10000, 34, 0.008544, 0.217088, 0.755584
900, 10000, 35, 0.008736, 0.219136, 0.761728
900, 10000, 36, 0.008832, 0.217088, 0.767008
900, 10000, 37, 0.008512, 0.220256, 0.747392
900, 10000, 38, 0.00896, 0.217088, 0.758336
900, 10000, 39, 0.009152, 0.218112, 0.761568
900, 10000, 40, 0.00864, 0.22016, 0.705728
900, 10000, 41, 0.00848, 0.222208, 0.752992
900, 10000, 42, 0.008192, 0.221184, 0.749216
900, 10000, 43, 0.008768, 0.217088, 0.760512
900, 10000, 44, 0.008544, 0.221184, 0.761376
900, 10000, 45, 0.009568, 0.218112, 0.79104
900, 10000, 46, 0.009376, 0.223232, 0.770816
900, 10000, 47, 0.009856, 0.221184, 0.772608
900, 10000, 48, 0.008672, 0.218272, 0.776128
900, 10000, 49, 0.009184, 0.218112, 0.699488
801, 1, 0, 0.007264, 0.021504, 0.010592
801, 1, 1, 0.006592, 0.01024, 0.008512
801, 1, 2, 0.006528, 0.009216, 0.007616
801, 1, 3, 0.006304, 0.009312, 0.007808
801, 1, 4, 0.006752, 0.009216, 0.007296
801, 1, 5, 0.006208, 0.008992, 0.00768
801, 1, 6, 0.00608, 0.00944, 0.007936
801, 1, 7, 0.00672, 0.008192, 0.007776
801, 1, 8, 0.005312, 0.008192, 0.0072
801, 1, 9, 0.005472, 0.008896, 0.006368
801, 1, 10, 0.005664, 0.008192, 0.006944
801, 1, 11, 0.005664, 0.008512, 0.006624
801, 1, 12, 0.005728, 0.008192, 0.006944
801, 1, 13, 0.005664, 0.008192, 0.00672
801, 1, 14, 0.005824, 0.008192, 0.006816
801, 1, 15, 0.005792, 0.008192, 0.006592
801, 1, 16, 0.005472, 0.008928, 0.006976
801, 1, 17, 0.0056, 0.008192, 0.0072
801, 1, 18, 0.00528, 0.007904, 0.007232
801, 1, 19, 0.005408, 0.008864, 0.006592
801, 1, 20, 0.005856, 0.008192, 0.006368
801, 1, 21, 0.00576, 0.008192, 0.007328
801, 1, 22, 0.00592, 0.008192, 0.006912
801, 1, 23, 0.005408, 0.008224, 0.00688
801, 1, 24, 0.005664, 0.008192, 0.006784
801, 1, 25, 0.005696, 0.008352, 0.006688
801, 1, 26, 0.005632, 0.008192, 0.006752
801, 1, 27, 0.005792, 0.008192, 0.006752
801, 1, 28, 0.005632, 0.008192, 0.006816
801, 1, 29, 0.00544, 0.008192, 0.007328
801, 1, 30, 0.006272, 0.007168, 0.00736
801, 1, 31, 0.005728, 0.008192, 0.006816
801, 1, 32, 0.005792, 0.008192, 0.00688
801, 1, 33, 0.00608, 0.008192, 0.00672
801, 1, 34, 0.005664, 0.00832, 0.006784
801, 1, 35, 0.005536, 0.008256, 0.00688
801, 1, 36, 0.0056, 0.008192, 0.006976
801, 1, 37, 0.005344, 0.008096, 0.007328
801, 1, 38, 0.005248, 0.008224, 0.006752
801, 1, 39, 0.005696, 0.008192, 0.006816
801, 1, 40, 0.005696, 0.008192, 0.006336
801, 1, 41, 0.005344, 0.008096, 0.006816
801, 1, 42, 0.005664, 0.008192, 0.00704
801, 1, 43, 0.005472, 0.008192, 0.006592
801, 1, 44, 0.009888, 0.009216, 0.0064
801, 1, 45, 0.005376, 0.008352, 0.0072
801, 1, 46, 0.005344, 0.007936, 0.006944
801, 1, 47, 0.005568, 0.008192, 0.006528
801, 1, 48, 0.00592, 0.008192, 0.006368
801, 1, 49, 0.00544, 0.00832, 0.007104
801, 2, 0, 0.005472, 0.010176, 0.007776
801, 2, 1, 0.006048, 0.008192, 0.00784
801, 2, 2, 0.005568, 0.008192, 0.008192
801, 2, 3, 0.00576, 0.00832, 0.007872
801, 2, 4, 0.006016, 0.008192, 0.007552
801, 2, 5, 0.006304, 0.008192, 0.007808
801, 2, 6, 0.005504, 0.009056, 0.007648
801, 2, 7, 0.005664, 0.008192, 0.00768
801, 2, 8, 0.005376, 0.008256, 0.007936
801, 2, 9, 0.006016, 0.008192, 0.008
801, 2, 10, 0.005824, 0.00896, 0.007488
801, 2, 11, 0.005664, 0.008192, 0.007936
801, 2, 12, 0.00544, 0.007936, 0.008448
801, 2, 13, 0.00592, 0.008192, 0.007552
801, 2, 14, 0.005376, 0.008096, 0.008288
801, 2, 15, 0.006048, 0.008192, 0.00848
801, 2, 16, 0.005664, 0.008192, 0.008032
801, 2, 17, 0.005728, 0.008192, 0.007936
801, 2, 18, 0.005344, 0.008032, 0.008288
801, 2, 19, 0.00592, 0.008192, 0.007968
801, 2, 20, 0.005312, 0.008832, 0.011616
801, 2, 21, 0.005728, 0.00848, 0.008512
801, 2, 22, 0.00528, 0.008992, 0.00752
801, 2, 23, 0.005472, 0.008192, 0.008
801, 2, 24, 0.006144, 0.008192, 0.007552
801, 2, 25, 0.005664, 0.008192, 0.007808
801, 2, 26, 0.005408, 0.008192, 0.008256
801, 2, 27, 0.006016, 0.008192, 0.007488
801, 2, 28, 0.005504, 0.008192, 0.00864
801, 2, 29, 0.005984, 0.009984, 0.008512
801, 2, 30, 0.00576, 0.008192, 0.007968
801, 2, 31, 0.007392, 0.012288, 0.014976
801, 2, 32, 0.005696, 0.009888, 0.009376
801, 2, 33, 0.00544, 0.008512, 0.008032
801, 2, 34, 0.005568, 0.008192, 0.008192
801, 2, 35, 0.006048, 0.008192, 0.008064
801, 2, 36, 0.005856, 0.008192, 0.008032
801, 2, 37, 0.006016, 0.008192, 0.007936
801, 2, 38, 0.005088, 0.009216, 0.00832
801, 2, 39, 0.00592, 0.008192, 0.007808
801, 2, 40, 0.005312, 0.007904, 0.0088
801, 2, 41, 0.006208, 0.008192, 0.007584
801, 2, 42, 0.005632, 0.008096, 0.008384
801, 2, 43, 0.005856, 0.008192, 0.007424
801, 2, 44, 0.005856, 0.008192, 0.007808
801, 2, 45, 0.005472, 0.008192, 0.00816
801, 2, 46, 0.005888, 0.008192, 0.014624
801, 2, 47, 0.00576, 0.00896, 0.008672
801, 2, 48, 0.005472, 0.008384, 0.008192
801, 2, 49, 0.005856, 0.008192, 0.00768
801, 4, 0, 0.005568, 0.009888, 0.010016
801, 4, 1, 0.005728, 0.008352, 0.011008
801, 4, 2, 0.005408, 0.008448, 0.010432
801, 4, 3, 0.00544, 0.00896, 0.009568
801, 4, 4, 0.00592, 0.008192, 0.010144
801, 4, 5, 0.005952, 0.008192, 0.009568
801, 4, 6, 0.005344, 0.00816, 0.010208
801, 4, 7, 0.00576, 0.008256, 0.0104
801, 4, 8, 0.005312, 0.008192, 0.011008
801, 4, 9, 0.005024, 0.008192, 0.010496
801, 4, 10, 0.00592, 0.008192, 0.010624
801, 4, 11, 0.00624, 0.007168, 0.010464
801, 4, 12, 0.006016, 0.008192, 0.009504
801, 4, 13, 0.00608, 0.008192, 0.009472
801, 4, 14, 0.005344, 0.008064, 0.01024
801, 4, 15, 0.005568, 0.008192, 0.010016
801, 4, 16, 0.005664, 0.008192, 0.010336
801, 4, 17, 0.005824, 0.008192, 0.009824
801, 4, 18, 0.006016, 0.008192, 0.009888
801, 4, 19, 0.00592, 0.008192, 0.010272
801, 4, 20, 0.0056, 0.008192, 0.010048
801, 4, 21, 0.005472, 0.008992, 0.010464
801, 4, 22, 0.005856, 0.008192, 0.010464
801, 4, 23, 0.006336, 0.007488, 0.009952
801, 4, 24, 0.005568, 0.008192, 0.010624
801, 4, 25, 0.005184, 0.008512, 0.010112
801, 4, 26, 0.005408, 0.008192, 0.010208
801, 4, 27, 0.005696, 0.008192, 0.009952
801, 4, 28, 0.00576, 0.008192, 0.010688
801, 4, 29, 0.00544, 0.008928, 0.009728
801, 4, 30, 0.005888, 0.008192, 0.01008
801, 4, 31, 0.005824, 0.008192, 0.010528
801, 4, 32, 0.005408, 0.008352, 0.010144
801, 4, 33, 0.005856, 0.008192, 0.00976
801, 4, 34, 0.005952, 0.008192, 0.010016
801, 4, 35, 0.005888, 0.008192, 0.00992
801, 4, 36, 0.005696, 0.008192, 0.009984
801, 4, 37, 0.005824, 0.008192, 0.00992
801, 4, 38, 0.005728, 0.008192, 0.010112
801, 4, 39, 0.005664, 0.008192, 0.009632
801, 4, 40, 0.005344, 0.008992, 0.0096
801, 4, 41, 0.005472, 0.00896, 0.009664
801, 4, 42, 0.005376, 0.008864, 0.010016
801, 4, 43, 0.00576, 0.008192, 0.009856
801, 4, 44, 0.00592, 0.008192, 0.010208
801, 4, 45, 0.005664, 0.008192, 0.010304
801, 4, 46, 0.005504, 0.008192, 0.015424
801, 4, 47, 0.005504, 0.009216, 0.010272
801, 4, 48, 0.005376, 0.008896, 0.010176
801, 4, 49, 0.0056, 0.008192, 0.010112
801, 8, 0, 0.005568, 0.01024, 0.014432
801, 8, 1, 0.00592, 0.008224, 0.014016
801, 8, 2, 0.00576, 0.008192, 0.014336
801, 8, 3, 0.005856, 0.008224, 0.014592
801, 8, 4, 0.006048, 0.008192, 0.013664
801, 8, 5, 0.005824, 0.008192, 0.013696
801, 8, 6, 0.005824, 0.008192, 0.013632
801, 8, 7, 0.005632, 0.008864, 0.014112
801, 8, 8, 0.005504, 0.008192, 0.014592
801, 8, 9, 0.005792, 0.007872, 0.015296
801, 8, 10, 0.005856, 0.008288, 0.013856
801, 8, 11, 0.006048, 0.008192, 0.014912
801, 8, 12, 0.005888, 0.008192, 0.013856
801, 8, 13, 0.006304, 0.008192, 0.014016
801, 8, 14, 0.005952, 0.008192, 0.013536
801, 8, 15, 0.005568, 0.008192, 0.013888
801, 8, 16, 0.005792, 0.008192, 0.014848
801, 8, 17, 0.005824, 0.008192, 0.014144
801, 8, 18, 0.005824, 0.008352, 0.014112
801, 8, 19, 0.005536, 0.00832, 0.0144
801, 8, 20, 0.006016, 0.008192, 0.013568
801, 8, 21, 0.005952, 0.008192, 0.014688
801, 8, 22, 0.005376, 0.009216, 0.014592
801, 8, 23, 0.00544, 0.00848, 0.013792
801, 8, 24, 0.005696, 0.008224, 0.013984
801, 8, 25, 0.005792, 0.008192, 0.014112
801, 8, 26, 0.005792, 0.008192, 0.014368
801, 8, 27, 0.005792, 0.008224, 0.014432
801, 8, 28, 0.005472, 0.008192, 0.014752
801, 8, 29, 0.00544, 0.008352, 0.013536
801, 8, 30, 0.005952, 0.008192, 0.013312
801, 8, 31, 0.005408, 0.008416, 0.013792
801, 8, 32, 0.005312, 0.008864, 0.014272
801, 8, 33, 0.005472, 0.008864, 0.01424
801, 8, 34, 0.005632, 0.008832, 0.013952
801, 8, 35, 0.006048, 0.008192, 0.014752
801, 8, 36, 0.006304, 0.007168, 0.014528
801, 8, 37, 0.005728, 0.008992, 0.013632
801, 8, 38, 0.005536, 0.009056, 0.013376
801, 8, 39, 0.005664, 0.008192, 0.014432
801, 8, 40, 0.005376, 0.00848, 0.018464
801, 8, 41, 0.005408, 0.008896, 0.013664
801, 8, 42, 0.005952, 0.008192, 0.013856
801, 8, 43, 0.00544, 0.00896, 0.013056
801, 8, 44, 0.005504, 0.008192, 0.014528
801, 8, 45, 0.005408, 0.008384, 0.014048
801, 8, 46, 0.00592, 0.008192, 0.013824
801, 8, 47, 0.005696, 0.008192, 0.014528
801, 8, 48, 0.005376, 0.008064, 0.01408
801, 8, 49, 0.00592, 0.008192, 0.014016
801, 16, 0, 0.006144, 0.009216, 0.022976
801, 16, 1, 0.005504, 0.009184, 0.022624
801, 16, 2, 0.00576, 0.009024, 0.024416
801, 16, 3, 0.005472, 0.008288, 0.022496
801, 16, 4, 0.005312, 0.009024, 0.023808
801, 16, 5, 0.005728, 0.00848, 0.023872
801, 16, 6, 0.005824, 0.008192, 0.022816
801, 16, 7, 0.005504, 0.008096, 0.023744
801, 16, 8, 0.005664, 0.008448, 0.030304
801, 16, 9, 0.005888, 0.009216, 0.022816
801, 16, 10, 0.006016, 0.008192, 0.0248
801, 16, 11, 0.006304, 0.008192, 0.022464
801, 16, 12, 0.005536, 0.008192, 0.02336
801, 16, 13, 0.00576, 0.008032, 0.023232
801, 16, 14, 0.00576, 0.008192, 0.022816
801, 16, 15, 0.005376, 0.008896, 0.02384
801, 16, 16, 0.005504, 0.008192, 0.024992
801, 16, 17, 0.00576, 0.008192, 0.024032
801, 16, 18, 0.006016, 0.00832, 0.022752
801, 16, 19, 0.00608, 0.008224, 0.023744
801, 16, 20, 0.005408, 0.00832, 0.024256
801, 16, 21, 0.0056, 0.008192, 0.024736
801, 16, 22, 0.005408, 0.009184, 0.02384
801, 16, 23, 0.005472, 0.008896, 0.022496
801, 16, 24, 0.005696, 0.008192, 0.02432
801, 16, 25, 0.00576, 0.008192, 0.023232
801, 16, 26, 0.00592, 0.008192, 0.027008
801, 16, 27, 0.005536, 0.00896, 0.022304
801, 16, 28, 0.005664, 0.009152, 0.023296
801, 16, 29, 0.005376, 0.009024, 0.023296
801, 16, 30, 0.005728, 0.008192, 0.023872
801, 16, 31, 0.006208, 0.008192, 0.023968
801, 16, 32, 0.005856, 0.008192, 0.022528
801, 16, 33, 0.005824, 0.008224, 0.024064
801, 16, 34, 0.005536, 0.008544, 0.022912
801, 16, 35, 0.00576, 0.008192, 0.024352
801, 16, 36, 0.005952, 0.008192, 0.022784
801, 16, 37, 0.005536, 0.008864, 0.022112
801, 16, 38, 0.005984, 0.008192, 0.022432
801, 16, 39, 0.00576, 0.008192, 0.02416
801, 16, 40, 0.005536, 0.008928, 0.023904
801, 16, 41, 0.005632, 0.009024, 0.022336
801, 16, 42, 0.006144, 0.008192, 0.022784
801, 16, 43, 0.006048, 0.008192, 0.022496
801, 16, 44, 0.005728, 0.00832, 0.034112
801, 16, 45, 0.005792, 0.01024, 0.025984
801, 16, 46, 0.007648, 0.011264, 0.024256
801, 16, 47, 0.0056, 0.009216, 0.02192
801, 16, 48, 0.005824, 0.008192, 0.02416
801, 16, 49, 0.005984, 0.008192, 0.023744
801, 32, 0, 0.00624, 0.012128, 0.042272
801, 32, 1, 0.005824, 0.009216, 0.040256
801, 32, 2, 0.006336, 0.010176, 0.03904
801, 32, 3, 0.005824, 0.009216, 0.039456
801, 32, 4, 0.006016, 0.009216, 0.041248
801, 32, 5, 0.005472, 0.010016, 0.038944
801, 32, 6, 0.005696, 0.014336, 0.04048
801, 32, 7, 0.00576, 0.009216, 0.039136
801, 32, 8, 0.005568, 0.009952, 0.040128
801, 32, 9, 0.006048, 0.009216, 0.041312
801, 32, 10, 0.005568, 0.009216, 0.04224
801, 32, 11, 0.006208, 0.009216, 0.04208
801, 32, 12, 0.005472, 0.009216, 0.042848
801, 32, 13, 0.005824, 0.009216, 0.038944
801, 32, 14, 0.005856, 0.009216, 0.041056
801, 32, 15, 0.0056, 0.00944, 0.042048
801, 32, 16, 0.005792, 0.009216, 0.039072
801, 32, 17, 0.005984, 0.009216, 0.040704
801, 32, 18, 0.005408, 0.010112, 0.038528
801, 32, 19, 0.005728, 0.01024, 0.041568
801, 32, 20, 0.005408, 0.00992, 0.041664
801, 32, 21, 0.005504, 0.00992, 0.041184
801, 32, 22, 0.005408, 0.00912, 0.041856
801, 32, 23, 0.005984, 0.009344, 0.040864
801, 32, 24, 0.00592, 0.009216, 0.041728
801, 32, 25, 0.006016, 0.009248, 0.04192
801, 32, 26, 0.00592, 0.009216, 0.039456
801, 32, 27, 0.006112, 0.009504, 0.041376
801, 32, 28, 0.005376, 0.010144, 0.038336
801, 32, 29, 0.00544, 0.009536, 0.04224
801, 32, 30, 0.005632, 0.009568, 0.041888
801, 32, 31, 0.006112, 0.009216, 0.0416
801, 32, 32, 0.006048, 0.009504, 0.041952
801, 32, 33, 0.00592, 0.00928, 0.03872
801, 32, 34, 0.005376, 0.008928, 0.040032
801, 32, 35, 0.005888, 0.010016, 0.038304
801, 32, 36, 0.005472, 0.00944, 0.039008
801, 32, 37, 0.00576, 0.009216, 0.039648
801, 32, 38, 0.005792, 0.009216, 0.038976
801, 32, 39, 0.005888, 0.009216, 0.042144
801, 32, 40, 0.00544, 0.009888, 0.040896
801, 32, 41, 0.005984, 0.009216, 0.041888
801, 32, 42, 0.005408, 0.009056, 0.039712
801, 32, 43, 0.006144, 0.009216, 0.04144
801, 32, 44, 0.005472, 0.009216, 0.0432
801, 32, 45, 0.005856, 0.01024, 0.038368
801, 32, 46, 0.005408, 0.009376, 0.039584
801, 32, 47, 0.00592, 0.009216, 0.038752
801, 32, 48, 0.00592, 0.009216, 0.0416
801, 32, 49, 0.005728, 0.009984, 0.041024
801, 64, 0, 0.0056, 0.012032, 0.073376
801, 64, 1, 0.005888, 0.011264, 0.072448
801, 64, 2, 0.006016, 0.011264, 0.081344
801, 64, 3, 0.005664, 0.011232, 0.07952
801, 64, 4, 0.005984, 0.011264, 0.072928
801, 64, 5, 0.005664, 0.012064, 0.07824
801, 64, 6, 0.005696, 0.011136, 0.078368
801, 64, 7, 0.005568, 0.012192, 0.076064
801, 64, 8, 0.005472, 0.0112, 0.077888
801, 64, 9, 0.006112, 0.011264, 0.077728
801, 64, 10, 0.005632, 0.011264, 0.072736
801, 64, 11, 0.00624, 0.011264, 0.072672
801, 64, 12, 0.006144, 0.011264, 0.072224
801, 64, 13, 0.006144, 0.011264, 0.072352
801, 64, 14, 0.006176, 0.01024, 0.073024
801, 64, 15, 0.005536, 0.011168, 0.073184
801, 64, 16, 0.006208, 0.01024, 0.0728
801, 64, 17, 0.006144, 0.011264, 0.074336
801, 64, 18, 0.005216, 0.011264, 0.077824
801, 64, 19, 0.005504, 0.0112, 0.08256
801, 64, 20, 0.005792, 0.012224, 0.078208
801, 64, 21, 0.006016, 0.011264, 0.078208
801, 64, 22, 0.00624, 0.010528, 0.077408
801, 64, 23, 0.00608, 0.010624, 0.07296
801, 64, 24, 0.005408, 0.011168, 0.07888
801, 64, 25, 0.005696, 0.011072, 0.07312
801, 64, 26, 0.006144, 0.01024, 0.073568
801, 64, 27, 0.005568, 0.011264, 0.08208
801, 64, 28, 0.006016, 0.011264, 0.073888
801, 64, 29, 0.00528, 0.012288, 0.072096
801, 64, 30, 0.005984, 0.011264, 0.07776
801, 64, 31, 0.005504, 0.0112, 0.072896
801, 64, 32, 0.00544, 0.011264, 0.07248
801, 64, 33, 0.005664, 0.010976, 0.079488
801, 64, 34, 0.005888, 0.011264, 0.07312
801, 64, 35, 0.005632, 0.010976, 0.077792
801, 64, 36, 0.006112, 0.011264, 0.073088
801, 64, 37, 0.005952, 0.011264, 0.073216
801, 64, 38, 0.005696, 0.011264, 0.07648
801, 64, 39, 0.005568, 0.011328, 0.073472
801, 64, 40, 0.005824, 0.011264, 0.0728
801, 64, 41, 0.005664, 0.011232, 0.078624
801, 64, 42, 0.005472, 0.011296, 0.072256
801, 64, 43, 0.005824, 0.011264, 0.077088
801, 64, 44, 0.005632, 0.011552, 0.079296
801, 64, 45, 0.006208, 0.01024, 0.07312
801, 64, 46, 0.005888, 0.011264, 0.071776
801, 64, 47, 0.005632, 0.011264, 0.072768
801, 64, 48, 0.005504, 0.011168, 0.072768
801, 64, 49, 0.006208, 0.011264, 0.072544
801, 100, 0, 0.006304, 0.01536, 0.115488
801, 100, 1, 0.005472, 0.014336, 0.118592
801, 100, 2, 0.005408, 0.014528, 0.10912
801, 100, 3, 0.0056, 0.014336, 0.109632
801, 100, 4, 0.00592, 0.0136, 0.109312
801, 100, 5, 0.0056, 0.014144, 0.113024
801, 100, 6, 0.005472, 0.014336, 0.1096
801, 100, 7, 0.005984, 0.0136, 0.109216
801, 100, 8, 0.00544, 0.014336, 0.117056
801, 100, 9, 0.006048, 0.01536, 0.109664
801, 100, 10, 0.005504, 0.014336, 0.11648
801, 100, 11, 0.005952, 0.014336, 0.120832
801, 100, 12, 0.005824, 0.014336, 0.10944
801, 100, 13, 0.005984, 0.014336, 0.10896
801, 100, 14, 0.00592, 0.014336, 0.117184
801, 100, 15, 0.005632, 0.014336, 0.109632
801, 100, 16, 0.006272, 0.013376, 0.117216
801, 100, 17, 0.005856, 0.015296, 0.108768
801, 100, 18, 0.006144, 0.013536, 0.109376
801, 100, 19, 0.005888, 0.0144, 0.109376
801, 100, 20, 0.005504, 0.014336, 0.108896
801, 100, 21, 0.005408, 0.014336, 0.118816
801, 100, 22, 0.005984, 0.014336, 0.117472
801, 100, 23, 0.00576, 0.015168, 0.108704
801, 100, 24, 0.00544, 0.014336, 0.117152
801, 100, 25, 0.006112, 0.013312, 0.109664
801, 100, 26, 0.005856, 0.013312, 0.111648
801, 100, 27, 0.006144, 0.013568, 0.109344
801, 100, 28, 0.005952, 0.014336, 0.123072
801, 100, 29, 0.00576, 0.014496, 0.109568
801, 100, 30, 0.006208, 0.013408, 0.109344
801, 100, 31, 0.005664, 0.014208, 0.108832
801, 100, 32, 0.005792, 0.014336, 0.10864
801, 100, 33, 0.0056, 0.014336, 0.1088
801, 100, 34, 0.005344, 0.014336, 0.123456
801, 100, 35, 0.005792, 0.014336, 0.11856
801, 100, 36, 0.006144, 0.014336, 0.10832
801, 100, 37, 0.005728, 0.014336, 0.11728
801, 100, 38, 0.005472, 0.014336, 0.109312
801, 100, 39, 0.005952, 0.013312, 0.109568
801, 100, 40, 0.005664, 0.014336, 0.108416
801, 100, 41, 0.005632, 0.0144, 0.108832
801, 100, 42, 0.005248, 0.014496, 0.115264
801, 100, 43, 0.0056, 0.014048, 0.10912
801, 100, 44, 0.005856, 0.013312, 0.108992
801, 100, 45, 0.0056, 0.01408, 0.108992
801, 100, 46, 0.005952, 0.014176, 0.12464
801, 100, 47, 0.005792, 0.014336, 0.108384
801, 100, 48, 0.005568, 0.014304, 0.116896
801, 100, 49, 0.005792, 0.014976, 0.116224
801, 200, 0, 0.00624, 0.029696, 0.209824
801, 200, 1, 0.006208, 0.028896, 0.2176
801, 200, 2, 0.00592, 0.028896, 0.220192
801, 200, 3, 0.005632, 0.029696, 0.21584
801, 200, 4, 0.00608, 0.028672, 0.217632
801, 200, 5, 0.005856, 0.028864, 0.216544
801, 200, 6, 0.00608, 0.029024, 0.200704
801, 200, 7, 0.006144, 0.028832, 0.216736
801, 200, 8, 0.006336, 0.028672, 0.2
801, 200, 9, 0.0088, 0.029696, 0.215744
801, 200, 10, 0.006176, 0.028672, 0.216352
801, 200, 11, 0.00624, 0.028672, 0.200768
801, 200, 12, 0.005856, 0.028672, 0.220896
801, 200, 13, 0.006368, 0.029696, 0.199872
801, 200, 14, 0.006144, 0.028576, 0.2152
801, 200, 15, 0.005888, 0.028928, 0.214208
801, 200, 16, 0.00592, 0.028672, 0.217408
801, 200, 17, 0.005952, 0.029696, 0.200608
801, 200, 18, 0.00544, 0.028672, 0.219136
801, 200, 19, 0.005952, 0.029696, 0.200064
801, 200, 20, 0.006048, 0.028672, 0.20096
801, 200, 21, 0.005568, 0.029696, 0.201696
801, 200, 22, 0.006176, 0.028672, 0.204672
801, 200, 23, 0.005504, 0.029696, 0.200064
801, 200, 24, 0.0064, 0.028672, 0.20112
801, 200, 25, 0.005792, 0.029696, 0.21696
801, 200, 26, 0.00576, 0.029696, 0.215168
801, 200, 27, 0.005632, 0.029696, 0.215872
801, 200, 28, 0.006272, 0.028672, 0.216128
801, 200, 29, 0.006304, 0.028672, 0.20064
801, 200, 30, 0.00624, 0.028672, 0.216768
801, 200, 31, 0.0064, 0.028672, 0.200704
801, 200, 32, 0.005856, 0.029696, 0.20352
801, 200, 33, 0.00592, 0.029696, 0.203552
801, 200, 34, 0.00608, 0.028672, 0.217248
801, 200, 35, 0.005952, 0.028672, 0.222944
801, 200, 36, 0.005536, 0.028672, 0.217472
801, 200, 37, 0.006016, 0.028672, 0.214336
801, 200, 38, 0.005984, 0.028672, 0.206304
801, 200, 39, 0.005664, 0.029696, 0.200416
801, 200, 40, 0.005984, 0.028672, 0.215584
801, 200, 41, 0.006208, 0.028672, 0.20032
801, 200, 42, 0.00624, 0.028672, 0.2056
801, 200, 43, 0.005632, 0.029696, 0.201536
801, 200, 44, 0.006208, 0.028672, 0.200736
801, 200, 45, 0.005856, 0.02896, 0.219296
801, 200, 46, 0.00592, 0.029696, 0.217056
801, 200, 47, 0.006432, 0.028672, 0.201344
801, 200, 48, 0.00624, 0.028672, 0.206048
801, 200, 49, 0.005664, 0.029696, 0.20112
801, 400, 0, 0.00688, 0.160768, 0.382464
801, 400, 1, 0.007008, 0.142336, 0.41584
801, 400, 2, 0.006784, 0.138368, 0.40016
801, 400, 3, 0.007424, 0.134144, 0.376288
801, 400, 4, 0.007552, 0.134144, 0.40416
801, 400, 5, 0.006944, 0.134496, 0.373664
801, 400, 6, 0.007424, 0.13312, 0.414112
801, 400, 7, 0.006912, 0.135168, 0.373152
801, 400, 8, 0.007328, 0.134144, 0.406112
801, 400, 9, 0.007136, 0.141312, 0.403776
801, 400, 10, 0.007264, 0.134144, 0.407424
801, 400, 11, 0.007136, 0.134144, 0.402592
801, 400, 12, 0.007552, 0.134208, 0.401664
801, 400, 13, 0.008032, 0.133376, 0.42144
801, 400, 14, 0.007328, 0.136192, 0.481184
801, 400, 15, 0.00688, 0.134272, 0.3712
801, 400, 16, 0.006656, 0.134144, 0.403136
801, 400, 17, 0.006976, 0.134144, 0.405632
801, 400, 18, 0.007232, 0.13312, 0.407488
801, 400, 19, 0.007456, 0.134144, 0.401184
801, 400, 20, 0.006976, 0.13312, 0.376608
801, 400, 21, 0.007104, 0.134144, 0.376416
801, 400, 22, 0.006656, 0.136192, 0.402816
801, 400, 23, 0.006592, 0.139264, 0.40128
801, 400, 24, 0.0072, 0.13312, 0.404576
801, 400, 25, 0.006624, 0.134368, 0.40128
801, 400, 26, 0.007776, 0.135168, 0.397728
801, 400, 27, 0.00752, 0.133184, 0.409696
801, 400, 28, 0.007456, 0.134144, 0.41168
801, 400, 29, 0.006784, 0.134144, 0.403744
801, 400, 30, 0.006656, 0.134144, 0.375776
801, 400, 31, 0.00704, 0.134144, 0.40176
801, 400, 32, 0.006816, 0.134144, 0.4008
801, 400, 33, 0.006976, 0.139264, 0.403744
801, 400, 34, 0.006784, 0.13312, 0.376896
801, 400, 35, 0.007104, 0.134144, 0.371712
801, 400, 36, 0.007392, 0.134144, 0.402848
801, 400, 37, 0.007392, 0.132096, 0.419872
801, 400, 38, 0.00736, 0.136448, 0.38048
801, 400, 39, 0.007168, 0.134144, 0.402176
801, 400, 40, 0.007168, 0.13312, 0.37888
801, 400, 41, 0.007168, 0.134144, 0.401408
801, 400, 42, 0.006688, 0.13312, 0.371168
801, 400, 43, 0.007072, 0.13824, 0.371744
801, 400, 44, 0.007168, 0.13312, 0.371904
801, 400, 45, 0.00688, 0.134144, 0.40144
801, 400, 46, 0.00752, 0.13312, 0.402464
801, 400, 47, 0.007552, 0.13312, 0.376704
801, 400, 48, 0.00704, 0.134144, 0.37264
801, 400, 49, 0.007136, 0.135168, 0.40144
801, 800, 0, 0.009344, 0.192544, 0.686848
801, 800, 1, 0.00896, 0.187392, 0.705888
801, 800, 2, 0.008288, 0.186368, 0.700416
801, 800, 3, 0.008832, 0.18544, 0.70912
801, 800, 4, 0.008512, 0.185344, 0.708288
801, 800, 5, 0.008736, 0.1864, 0.708448
801, 800, 6, 0.008736, 0.187392, 0.710752
801, 800, 7, 0.009056, 0.197632, 0.704992
801, 800, 8, 0.008736, 0.188544, 0.710944
801, 800, 9, 0.008384, 0.188416, 0.701472
801, 800, 10, 0.008032, 0.185536, 0.71184
801, 800, 11, 0.00896, 0.186688, 0.708096
801, 800, 12, 0.009184, 0.187392, 0.717536
801, 800, 13, 0.009024, 0.187616, 0.70752
801, 800, 14, 0.008736, 0.193536, 0.705984
801, 800, 15, 0.009408, 0.186368, 0.704736
801, 800, 16, 0.008512, 0.187552, 0.702304
801, 800, 17, 0.008864, 0.186368, 0.705952
801, 800, 18, 0.009056, 0.185408, 0.70912
801, 800, 19, 0.008224, 0.188416, 0.713152
801, 800, 20, 0.008832, 0.185344, 0.708576
801, 800, 21, 0.008256, 0.192512, 0.698528
801, 800, 22, 0.009952, 0.185632, 0.701664
801, 800, 23, 0.008288, 0.188416, 0.700768
801, 800, 24, 0.0088, 0.185344, 0.705312
801, 800, 25, 0.008192, 0.186368, 0.711008
801, 800, 26, 0.009088, 0.185344, 0.708256
801, 800, 27, 0.009056, 0.18656, 0.706208
801, 800, 28, 0.008672, 0.185472, 0.705376
801, 800, 29, 0.008224, 0.188416, 0.700608
801, 800, 30, 0.00928, 0.192512, 0.705216
801, 800, 31, 0.008512, 0.187392, 0.706944
801, 800, 32, 0.008896, 0.191488, 0.656704
801, 800, 33, 0.009376, 0.191488, 0.706848
801, 800, 34, 0.008928, 0.187392, 0.705184
801, 800, 35, 0.008992, 0.187392, 0.705984
801, 800, 36, 0.012832, 0.186368, 0.702848
801, 800, 37, 0.008128, 0.187392, 0.707552
801, 800, 38, 0.0088, 0.18432, 0.705152
801, 800, 39, 0.008448, 0.187392, 0.654016
801, 800, 40, 0.009856, 0.188448, 0.651552
801, 800, 41, 0.008672, 0.187392, 0.65216
801, 800, 42, 0.009056, 0.187392, 0.704928
801, 800, 43, 0.008384, 0.185632, 0.714112
801, 800, 44, 0.008384, 0.192512, 0.702976
801, 800, 45, 0.009088, 0.186368, 0.700928
801, 800, 46, 0.008384, 0.186368, 0.704
801, 800, 47, 0.008224, 0.186368, 0.706208
801, 800, 48, 0.009056, 0.185344, 0.709888
801, 800, 49, 0.008512, 0.184448, 0.651584
801, 1600, 0, 0.008832, 0.190464, 0.649056
801, 1600, 1, 0.008416, 0.19456, 0.646432
801, 1600, 2, 0.00896, 0.185344, 0.703456
801, 1600, 3, 0.00864, 0.185344, 0.708384
801, 1600, 4, 0.008064, 0.186368, 0.645472
801, 1600, 5, 0.009024, 0.186368, 0.706752
801, 1600, 6, 0.009152, 0.185376, 0.707968
801, 1600, 7, 0.008768, 0.185376, 0.707616
801, 1600, 8, 0.00848, 0.185664, 0.64688
801, 1600, 9, 0.008544, 0.185344, 0.707968
801, 1600, 10, 0.00896, 0.191488, 0.698048
801, 1600, 11, 0.008832, 0.186368, 0.647616
801, 1600, 12, 0.008992, 0.185472, 0.70256
801, 1600, 13, 0.00912, 0.186368, 0.706944
801, 1600, 14, 0.008896, 0.185344, 0.706848
801, 1600, 15, 0.008288, 0.188416, 0.702784
801, 1600, 16, 0.009056, 0.186368, 0.70592
801, 1600, 17, 0.011904, 0.226304, 0.802144
801, 1600, 18, 0.008832, 0.193536, 0.71456
801, 1600, 19, 0.008736, 0.18944, 0.83456
801, 1600, 20, 0.008992, 0.18944, 0.70448
801, 1600, 21, 0.008736, 0.189504, 0.700032
801, 1600, 22, 0.008608, 0.186368, 0.70528
801, 1600, 23, 0.00832, 0.188416, 0.650816
801, 1600, 24, 0.008352, 0.188416, 0.708448
801, 1600, 25, 0.008928, 0.186368, 0.673184
801, 1600, 26, 0.00816, 0.187712, 0.708832
801, 1600, 27, 0.008736, 0.187392, 0.644416
801, 1600, 28, 0.008608, 0.187392, 0.707648
801, 1600, 29, 0.00896, 0.18944, 0.69808
801, 1600, 30, 0.008992, 0.191488, 0.716512
801, 1600, 31, 0.009216, 0.192512, 0.722176
801, 1600, 32, 0.00864, 0.190464, 0.720256
801, 1600, 33, 0.00864, 0.19968, 0.665472
801, 1600, 34, 0.008928, 0.190464, 0.731808
801, 1600, 35, 0.00928, 0.189728, 0.719232
801, 1600, 36, 0.01056, 0.195584, 0.727424
801, 1600, 37, 0.010624, 0.192672, 0.737088
801, 1600, 38, 0.008544, 0.205824, 0.70992
801, 1600, 39, 0.009376, 0.187392, 0.74
801, 1600, 40, 0.010272, 0.202752, 0.654976
801, 1600, 41, 0.008992, 0.187392, 0.699168
801, 1600, 42, 0.009056, 0.187392, 0.729344
801, 1600, 43, 0.008576, 0.18944, 0.673856
801, 1600, 44, 0.008672, 0.192512, 0.736864
801, 1600, 45, 0.008288, 0.197632, 0.718592
801, 1600, 46, 0.008704, 0.190464, 0.716416
801, 1600, 47, 0.008896, 0.18944, 0.724608
801, 1600, 48, 0.008736, 0.19072, 0.717408
801, 1600, 49, 0.008448, 0.18944, 0.719392
801, 3200, 0, 0.008768, 0.19456, 0.669344
801, 3200, 1, 0.00816, 0.188416, 0.719808
801, 3200, 2, 0.008256, 0.18944, 0.734144
801, 3200, 3, 0.00928, 0.188768, 0.731168
801, 3200, 4, 0.009088, 0.187584, 0.737664
801, 3200, 5, 0.00832, 0.196608, 0.727648
801, 3200, 6, 0.009216, 0.189568, 0.729504
801, 3200, 7, 0.009056, 0.191488, 0.733728
801, 3200, 8, 0.009504, 0.210944, 0.730656
801, 3200, 9, 0.009056, 0.18944, 0.723392
801, 3200, 10, 0.008256, 0.19456, 0.733376
801, 3200, 11, 0.008672, 0.188736, 0.736704
801, 3200, 12, 0.009024, 0.188416, 0.715392
801, 3200, 13, 0.009568, 0.190464, 0.72656
801, 3200, 14, 0.00912, 0.189504, 0.717568
801, 3200, 15, 0.009472, 0.18944, 0.667872
801, 3200, 16, 0.009152, 0.197792, 0.705632
801, 3200, 17, 0.008736, 0.190464, 0.732
801, 3200, 18, 0.008384, 0.190528, 0.699328
801, 3200, 19, 0.008448, 0.188512, 0.708928
801, 3200, 20, 0.008768, 0.188416, 0.703968
801, 3200, 21, 0.008992, 0.186368, 0.724288
801, 3200, 22, 0.008704, 0.188416, 0.710336
801, 3200, 23, 0.008992, 0.205824, 0.747712
801, 3200, 24, 0.008736, 0.191488, 0.6856
801, 3200, 25, 0.009344, 0.19456, 0.728864
801, 3200, 26, 0.009568, 0.190464, 0.717728
801, 3200, 27, 0.009504, 0.190464, 0.730016
801, 3200, 28, 0.008896, 0.200704, 0.738784
801, 3200, 29, 0.010176, 0.210912, 0.714624
801, 3200, 30, 0.008864, 0.187392, 0.745664
801, 3200, 31, 0.00912, 0.18944, 0.748864
801, 3200, 32, 0.00864, 0.190464, 0.657792
801, 3200, 33, 0.008896, 0.187392, 0.706912
801, 3200, 34, 0.00896, 0.195584, 0.702976
801, 3200, 35, 0.009312, 0.18944, 0.706976
801, 3200, 36, 0.008448, 0.187392, 0.701408
801, 3200, 37, 0.00816, 0.188416, 0.706816
801, 3200, 38, 0.008352, 0.18544, 0.704
801, 3200, 39, 0.008768, 0.188416, 0.705824
801, 3200, 40, 0.008832, 0.186368, 0.704384
801, 3200, 41, 0.008864, 0.191584, 0.706432
801, 3200, 42, 0.008864, 0.188416, 0.699456
801, 3200, 43, 0.009024, 0.18672, 0.699072
801, 3200, 44, 0.0088, 0.186368, 0.697664
801, 3200, 45, 0.008896, 0.185344, 0.707936
801, 3200, 46, 0.009344, 0.186368, 0.706272
801, 3200, 47, 0.008768, 0.185344, 0.704992
801, 3200, 48, 0.008448, 0.187392, 0.70336
801, 3200, 49, 0.008256, 0.187392, 0.718784
801, 6400, 0, 0.011264, 0.197632, 0.697856
801, 6400, 1, 0.009376, 0.188416, 0.726912
801, 6400, 2, 0.0088, 0.18944, 0.73232
801, 6400, 3, 0.009312, 0.191488, 0.678144
801, 6400, 4, 0.009824, 0.188416, 0.722752
801, 6400, 5, 0.008704, 0.191776, 0.720064
801, 6400, 6, 0.010432, 0.212992, 0.720352
801, 6400, 7, 0.008928, 0.207936, 0.67888
801, 6400, 8, 0.009376, 0.202048, 0.720256
801, 6400, 9, 0.009216, 0.18944, 0.752672
801, 6400, 10, 0.009216, 0.188416, 0.741856
801, 6400, 11, 0.008576, 0.192512, 0.7424
801, 6400, 12, 0.009696, 0.205824, 0.733184
801, 6400, 13, 0.008864, 0.192512, 0.742496
801, 6400, 14, 0.008768, 0.187392, 0.739136
801, 6400, 15, 0.0088, 0.190464, 0.745056
801, 6400, 16, 0.008768, 0.191488, 0.694912
801, 6400, 17, 0.008608, 0.195776, 0.705664
801, 6400, 18, 0.0088, 0.191488, 0.740832
801, 6400, 19, 0.009472, 0.190464, 0.731808
801, 6400, 20, 0.010176, 0.208192, 0.721216
801, 6400, 21, 0.009216, 0.18944, 0.74544
801, 6400, 22, 0.008448, 0.188416, 0.73472
801, 6400, 23, 0.00928, 0.190464, 0.735456
801, 6400, 24, 0.008704, 0.191488, 0.734944
801, 6400, 25, 0.010336, 0.210944, 0.660736
801, 6400, 26, 0.008608, 0.18944, 0.752544
801, 6400, 27, 0.0088, 0.190656, 0.753568
801, 6400, 28, 0.010048, 0.203776, 0.654784
801, 6400, 29, 0.00848, 0.18944, 0.750016
801, 6400, 30, 0.009088, 0.18944, 0.750304
801, 6400, 31, 0.008896, 0.190464, 0.72272
801, 6400, 32, 0.009728, 0.208896, 0.768096
801, 6400, 33, 0.008896, 0.190464, 0.702592
801, 6400, 34, 0.00944, 0.188512, 0.710048
801, 6400, 35, 0.008576, 0.186368, 0.702176
801, 6400, 36, 0.008448, 0.187392, 0.703104
801, 6400, 37, 0.01024, 0.185344, 0.651264
801, 6400, 38, 0.00912, 0.185344, 0.70992
801, 6400, 39, 0.008416, 0.187392, 0.701216
801, 6400, 40, 0.008576, 0.190464, 0.64528
801, 6400, 41, 0.008288, 0.187616, 0.698976
801, 6400, 42, 0.008192, 0.187392, 0.704736
801, 6400, 43, 0.009024, 0.186368, 0.69952
801, 6400, 44, 0.008896, 0.186592, 0.701984
801, 6400, 45, 0.009088, 0.185344, 0.744608
801, 6400, 46, 0.008512, 0.18944, 0.719296
801, 6400, 47, 0.008544, 0.191488, 0.768736
801, 6400, 48, 0.008544, 0.191488, 0.7488
801, 6400, 49, 0.008672, 0.208128, 0.730464
801, 10000, 0, 0.008672, 0.196608, 0.770304
801, 10000, 1, 0.008608, 0.192704, 0.777344
801, 10000, 2, 0.00992, 0.211968, 0.755648
801, 10000, 3, 0.00928, 0.18944, 0.79376
801, 10000, 4, 0.01008, 0.211968, 0.722176
801, 10000, 5, 0.008608, 0.188416, 0.772992
801, 10000, 6, 0.010336, 0.201728, 0.671584
801, 10000, 7, 0.009056, 0.188416, 0.730944
801, 10000, 8, 0.008192, 0.188448, 0.75904
801, 10000, 9, 0.009568, 0.190464, 0.768064
801, 10000, 10, 0.00832, 0.19456, 0.762496
801, 10000, 11, 0.00912, 0.193536, 0.77504
801, 10000, 12, 0.009952, 0.210944, 0.731392
801, 10000, 13, 0.015104, 0.194272, 0.729216
801, 10000, 14, 0.010752, 0.212992, 0.718176
801, 10000, 15, 0.008832, 0.188448, 0.781152
801, 10000, 16, 0.01008, 0.194912, 0.75168
801, 10000, 17, 0.008896, 0.188416, 0.7752
801, 10000, 18, 0.009344, 0.18944, 0.7712
801, 10000, 19, 0.009696, 0.210944, 0.676608
801, 10000, 20, 0.008512, 0.190464, 0.73456
801, 10000, 21, 0.008768, 0.192512, 0.726336
801, 10000, 22, 0.008416, 0.197632, 0.755744
801, 10000, 23, 0.009152, 0.190464, 0.753632
801, 10000, 24, 0.00992, 0.202752, 0.729952
801, 10000, 25, 0.008352, 0.18944, 0.765696
801, 10000, 26, 0.008448, 0.190464, 0.762432
801, 10000, 27, 0.010688, 0.20992, 0.7192
801, 10000, 28, 0.009088, 0.187392, 0.774112
801, 10000, 29, 0.010016, 0.210944, 0.731584
801, 10000, 30, 0.008576, 0.18944, 0.768736
801, 10000, 31, 0.009408, 0.197632, 0.708192
801, 10000, 32, 0.0096, 0.18944, 0.728288
801, 10000, 33, 0.010656, 0.200832, 0.734016
801, 10000, 34, 0.008928, 0.18944, 0.743232
801, 10000, 35, 0.009344, 0.186368, 0.741088
801, 10000, 36, 0.008448, 0.191488, 0.723168
801, 10000, 37, 0.008736, 0.192512, 0.748512
801, 10000, 38, 0.00944, 0.211104, 0.730816
801, 10000, 39, 0.008512, 0.18944, 0.741088
801, 10000, 40, 0.008928, 0.187392, 0.727456
801, 10000, 41, 0.008224, 0.190464, 0.730528
801, 10000, 42, 0.009056, 0.191488, 0.73088
801, 10000, 43, 0.008352, 0.190464, 0.744192
801, 10000, 44, 0.009888, 0.200704, 0.730752
801, 10000, 45, 0.010144, 0.199936, 0.735808
801, 10000, 46, 0.009088, 0.195584, 0.714048
801, 10000, 47, 0.008576, 0.193536, 0.707808
801, 10000, 48, 0.008896, 0.188416, 0.703936
801, 10000, 49, 0.009184, 0.188512, 0.737984
699, 1, 0, 0.006752, 0.021504, 0.009632
699, 1, 1, 0.006048, 0.010016, 0.007872
699, 1, 2, 0.006112, 0.009216, 0.006912
699, 1, 3, 0.006176, 0.008224, 0.006848
699, 1, 4, 0.005952, 0.008192, 0.00672
699, 1, 5, 0.006272, 0.008192, 0.006944
699, 1, 6, 0.005408, 0.00832, 0.006496
699, 1, 7, 0.00576, 0.008224, 0.006496
699, 1, 8, 0.005952, 0.008192, 0.006272
699, 1, 9, 0.005664, 0.008192, 0.006528
699, 1, 10, 0.005312, 0.008832, 0.006336
699, 1, 11, 0.005824, 0.008192, 0.006592
699, 1, 12, 0.00576, 0.008192, 0.006432
699, 1, 13, 0.005472, 0.008224, 0.006432
699, 1, 14, 0.005696, 0.008192, 0.006688
699, 1, 15, 0.005504, 0.008288, 0.006528
699, 1, 16, 0.005792, 0.008192, 0.006048
699, 1, 17, 0.006016, 0.008192, 0.006368
699, 1, 18, 0.005376, 0.00832, 0.007008
699, 1, 19, 0.005504, 0.00832, 0.010272
699, 1, 20, 0.006176, 0.008192, 0.007168
699, 1, 21, 0.005536, 0.007872, 0.007008
699, 1, 22, 0.00576, 0.00784, 0.007008
699, 1, 23, 0.005632, 0.008192, 0.006336
699, 1, 24, 0.005408, 0.007872, 0.0072
699, 1, 25, 0.00544, 0.008096, 0.006784
699, 1, 26, 0.005696, 0.008192, 0.006176
699, 1, 27, 0.005376, 0.00816, 0.006464
699, 1, 28, 0.005312, 0.008416, 0.00656
699, 1, 29, 0.005664, 0.008192, 0.006464
699, 1, 30, 0.006016, 0.008192, 0.006048
699, 1, 31, 0.00544, 0.009152, 0.01376
699, 1, 32, 0.006144, 0.008192, 0.006336
699, 1, 33, 0.00592, 0.008192, 0.006304
699, 1, 34, 0.005376, 0.008288, 0.007136
699, 1, 35, 0.006144, 0.008192, 0.006464
699, 1, 36, 0.00592, 0.008192, 0.006848
699, 1, 37, 0.005696, 0.008192, 0.006368
699, 1, 38, 0.006176, 0.008192, 0.005952
699, 1, 39, 0.005856, 0.008192, 0.006368
699, 1, 40, 0.006112, 0.008192, 0.00672
699, 1, 41, 0.005696, 0.008192, 0.006976
699, 1, 42, 0.005632, 0.008192, 0.006688
699, 1, 43, 0.00592, 0.008192, 0.006432
699, 1, 44, 0.005376, 0.007936, 0.007072
699, 1, 45, 0.005632, 0.008192, 0.0064
699, 1, 46, 0.005344, 0.008128, 0.006624
699, 1, 47, 0.005824, 0.008192, 0.00656
699, 1, 48, 0.008032, 0.009184, 0.006848
699, 1, 49, 0.00592, 0.008192, 0.006112
699, 2, 0, 0.00656, 0.01024, 0.008992
699, 2, 1, 0.005504, 0.008384, 0.008
699, 2, 2, 0.006016, 0.008192, 0.007488
699, 2, 3, 0.005536, 0.008832, 0.007488
699, 2, 4, 0.00544, 0.008192, 0.007808
699, 2, 5, 0.006016, 0.008192, 0.007328
699, 2, 6, 0.005568, 0.008192, 0.007712
699, 2, 7, 0.005536, 0.008192, 0.007552
699, 2, 8, 0.005632, 0.008256, 0.007456
699, 2, 9, 0.005376, 0.008384, 0.007392
699, 2, 10, 0.005344, 0.009056, 0.007424
699, 2, 11, 0.00576, 0.008192, 0.007808
699, 2, 12, 0.005408, 0.008288, 0.007808
699, 2, 13, 0.005536, 0.008128, 0.008128
699, 2, 14, 0.00576, 0.008192, 0.007552
699, 2, 15, 0.00576, 0.008192, 0.007584
699, 2, 16, 0.005664, 0.008192, 0.007456
699, 2, 17, 0.005472, 0.008864, 0.007104
699, 2, 18, 0.005344, 0.008256, 0.007968
699, 2, 19, 0.005984, 0.008192, 0.007488
699, 2, 20, 0.005408, 0.008192, 0.007712
699, 2, 21, 0.006496, 0.008192, 0.0072
699, 2, 22, 0.005952, 0.008192, 0.007136
699, 2, 23, 0.005856, 0.008192, 0.007392
699, 2, 24, 0.005728, 0.012288, 0.008192
699, 2, 25, 0.005952, 0.008192, 0.00816
699, 2, 26, 0.00592, 0.008192, 0.00704
699, 2, 27, 0.005376, 0.00816, 0.008192
699, 2, 28, 0.005952, 0.008192, 0.007264
699, 2, 29, 0.00592, 0.008192, 0.007168
699, 2, 30, 0.006016, 0.007168, 0.00848
699, 2, 31, 0.005856, 0.008192, 0.007776
699, 2, 32, 0.005504, 0.00784, 0.008096
699, 2, 33, 0.005728, 0.007936, 0.008128
699, 2, 34, 0.006016, 0.008192, 0.007744
699, 2, 35, 0.0056, 0.008352, 0.00752
699, 2, 36, 0.005344, 0.008192, 0.008
699, 2, 37, 0.006176, 0.008192, 0.006752
699, 2, 38, 0.005568, 0.008192, 0.007552
699, 2, 39, 0.00576, 0.008192, 0.007648
699, 2, 40, 0.005408, 0.008096, 0.007744
699, 2, 41, 0.005696, 0.008192, 0.0072
699, 2, 42, 0.006048, 0.007488, 0.007616
699, 2, 43, 0.006144, 0.008192, 0.006912
699, 2, 44, 0.005376, 0.008192, 0.008
699, 2, 45, 0.006144, 0.007168, 0.008256
699, 2, 46, 0.005824, 0.008192, 0.007264
699, 2, 47, 0.006016, 0.008192, 0.007296
699, 2, 48, 0.005952, 0.008192, 0.007488
699, 2, 49, 0.00576, 0.008192, 0.008032
699, 4, 0, 0.00656, 0.009216, 0.009888
699, 4, 1, 0.005792, 0.009216, 0.010368
699, 4, 2, 0.00544, 0.008896, 0.009568
699, 4, 3, 0.006336, 0.008192, 0.009152
699, 4, 4, 0.005344, 0.008192, 0.009728
699, 4, 5, 0.005504, 0.008192, 0.009728
699, 4, 6, 0.005824, 0.008192, 0.009152
699, 4, 7, 0.005536, 0.008256, 0.009472
699, 4, 8, 0.005408, 0.008832, 0.0096
699, 4, 9, 0.005568, 0.00816, 0.010112
699, 4, 10, 0.005568, 0.008384, 0.009696
699, 4, 11, 0.005728, 0.008352, 0.009376
699, 4, 12, 0.005728, 0.008192, 0.00992
699, 4, 13, 0.005664, 0.008288, 0.009792
699, 4, 14, 0.005824, 0.008192, 0.009728
699, 4, 15, 0.00592, 0.008192, 0.009664
699, 4, 16, 0.00528, 0.009216, 0.009536
699, 4, 17, 0.005792, 0.008192, 0.009696
699, 4, 18, 0.006176, 0.008192, 0.009504
699, 4, 19, 0.005472, 0.008864, 0.008896
699, 4, 20, 0.005824, 0.008192, 0.00912
699, 4, 21, 0.005504, 0.008224, 0.0096
699, 4, 22, 0.005376, 0.00896, 0.009248
699, 4, 23, 0.005536, 0.008224, 0.0096
699, 4, 24, 0.005312, 0.008384, 0.009184
699, 4, 25, 0.006112, 0.008192, 0.009056
699, 4, 26, 0.005536, 0.013024, 0.009568
699, 4, 27, 0.005696, 0.008192, 0.009504
699, 4, 28, 0.005408, 0.008896, 0.008704
699, 4, 29, 0.00592, 0.008192, 0.009696
699, 4, 30, 0.005824, 0.008192, 0.009632
699, 4, 31, 0.00624, 0.008192, 0.00944
699, 4, 32, 0.005408, 0.007904, 0.010816
699, 4, 33, 0.005568, 0.008224, 0.009312
699, 4, 34, 0.005344, 0.008288, 0.01008
699, 4, 35, 0.0056, 0.008192, 0.009216
699, 4, 36, 0.005568, 0.008192, 0.00912
699, 4, 37, 0.005696, 0.008192, 0.009504
699, 4, 38, 0.005312, 0.00896, 0.009024
699, 4, 39, 0.006016, 0.008192, 0.009216
699, 4, 40, 0.005408, 0.008256, 0.010176
699, 4, 41, 0.005472, 0.008256, 0.009472
699, 4, 42, 0.00592, 0.008352, 0.009664
699, 4, 43, 0.006016, 0.008192, 0.0096
699, 4, 44, 0.005408, 0.008448, 0.009248
699, 4, 45, 0.005536, 0.00832, 0.009376
699, 4, 46, 0.005984, 0.008192, 0.008704
699, 4, 47, 0.005984, 0.008192, 0.008608
699, 4, 48, 0.005632, 0.00832, 0.009312
699, 4, 49, 0.00544, 0.008192, 0.010048
699, 8, 0, 0.005728, 0.009216, 0.018656
699, 8, 1, 0.005664, 0.009216, 0.01392
699, 8, 2, 0.00608, 0.008192, 0.013248
699, 8, 3, 0.00608, 0.008192, 0.013216
699, 8, 4, 0.005504, 0.008192, 0.0128
699, 8, 5, 0.006272, 0.008192, 0.012512
699, 8, 6, 0.005472, 0.00896, 0.013152
699, 8, 7, 0.00576, 0.008192, 0.013216
699, 8, 8, 0.005632, 0.00912, 0.013376
699, 8, 9, 0.00576, 0.008224, 0.013472
699, 8, 10, 0.005824, 0.008192, 0.013728
699, 8, 11, 0.006144, 0.00848, 0.013024
699, 8, 12, 0.00544, 0.00912, 0.013152
699, 8, 13, 0.005888, 0.00896, 0.012256
699, 8, 14, 0.00576, 0.008192, 0.01376
699, 8, 15, 0.005408, 0.008864, 0.012384
699, 8, 16, 0.005472, 0.008192, 0.012896
699, 8, 17, 0.0056, 0.008192, 0.013152
699, 8, 18, 0.00592, 0.008192, 0.012224
699, 8, 19, 0.005824, 0.008192, 0.012896
699, 8, 20, 0.00592, 0.008192, 0.012928
699, 8, 21, 0.006016, 0.008192, 0.012768
699, 8, 22, 0.005056, 0.008544, 0.01328
699, 8, 23, 0.0056, 0.008192, 0.017888
699, 8, 24, 0.005472, 0.008896, 0.013632
699, 8, 25, 0.006112, 0.008192, 0.012928
699, 8, 26, 0.00592, 0.008192, 0.01248
699, 8, 27, 0.006848, 0.012288, 0.0144
699, 8, 28, 0.005728, 0.008192, 0.013824
699, 8, 29, 0.005984, 0.008192, 0.01344
699, 8, 30, 0.005408, 0.008192, 0.013568
699, 8, 31, 0.005504, 0.008192, 0.01296
699, 8, 32, 0.005984, 0.011264, 0.020896
699, 8, 33, 0.006336, 0.01024, 0.014144
699, 8, 34, 0.005504, 0.009216, 0.013344
699, 8, 35, 0.005536, 0.00896, 0.01264
699, 8, 36, 0.006048, 0.008192, 0.012704
699, 8, 37, 0.005792, 0.008192, 0.01376
699, 8, 38, 0.005984, 0.008192, 0.01312
699, 8, 39, 0.005728, 0.008224, 0.01328
699, 8, 40, 0.0056, 0.008192, 0.012896
699, 8, 41, 0.005984, 0.008192, 0.012256
699, 8, 42, 0.005472, 0.008064, 0.013056
699, 8, 43, 0.005824, 0.008192, 0.013408
699, 8, 44, 0.005504, 0.009216, 0.011904
699, 8, 45, 0.006112, 0.008192, 0.012928
699, 8, 46, 0.005568, 0.00896, 0.013536
699, 8, 47, 0.005472, 0.00816, 0.013504
699, 8, 48, 0.005408, 0.008192, 0.013536
699, 8, 49, 0.00544, 0.008192, 0.012704
699, 16, 0, 0.005568, 0.009344, 0.021088
699, 16, 1, 0.00624, 0.008192, 0.021568
699, 16, 2, 0.005664, 0.009184, 0.02112
699, 16, 3, 0.005568, 0.008928, 0.022784
699, 16, 4, 0.006176, 0.008192, 0.02064
699, 16, 5, 0.005664, 0.008192, 0.020736
699, 16, 6, 0.00544, 0.009024, 0.021184
699, 16, 7, 0.00576, 0.008192, 0.021536
699, 16, 8, 0.00528, 0.008192, 0.022688
699, 16, 9, 0.005856, 0.008096, 0.020896
699, 16, 10, 0.005984, 0.008192, 0.020192
699, 16, 11, 0.005792, 0.009024, 0.021216
699, 16, 12, 0.005728, 0.008192, 0.020416
699, 16, 13, 0.005696, 0.008192, 0.02592
699, 16, 14, 0.006016, 0.008416, 0.021408
699, 16, 15, 0.005472, 0.008992, 0.01984
699, 16, 16, 0.006048, 0.008192, 0.02096
699, 16, 17, 0.005888, 0.008192, 0.020768
699, 16, 18, 0.005504, 0.008448, 0.02192
699, 16, 19, 0.006048, 0.008192, 0.020384
699, 16, 20, 0.00544, 0.00832, 0.020768
699, 16, 21, 0.005536, 0.008864, 0.019744
699, 16, 22, 0.00608, 0.008192, 0.01968
699, 16, 23, 0.005472, 0.008352, 0.021824
699, 16, 24, 0.005888, 0.008192, 0.020736
699, 16, 25, 0.00576, 0.008864, 0.019648
699, 16, 26, 0.005536, 0.008288, 0.022016
699, 16, 27, 0.00608, 0.008192, 0.02128
699, 16, 28, 0.00608, 0.008192, 0.019936
699, 16, 29, 0.005632, 0.008064, 0.02144
699, 16, 30, 0.005856, 0.00928, 0.021888
699, 16, 31, 0.006176, 0.008192, 0.02128
699, 16, 32, 0.00544, 0.00912, 0.022208
699, 16, 33, 0.00592, 0.008192, 0.020352
699, 16, 34, 0.005504, 0.008192, 0.020512
699, 16, 35, 0.005472, 0.009088, 0.02128
699, 16, 36, 0.005888, 0.008224, 0.020384
699, 16, 37, 0.005824, 0.008192, 0.020352
699, 16, 38, 0.005568, 0.008192, 0.0208
699, 16, 39, 0.00544, 0.00896, 0.021536
699, 16, 40, 0.0056, 0.009216, 0.021152
699, 16, 41, 0.005824, 0.008192, 0.020096
699, 16, 42, 0.005792, 0.008192, 0.020288
699, 16, 43, 0.00592, 0.008192, 0.02016
699, 16, 44, 0.006016, 0.008224, 0.020544
699, 16, 45, 0.005536, 0.008288, 0.020896
699, 16, 46, 0.005824, 0.008192, 0.021728
699, 16, 47, 0.00544, 0.008864, 0.02048
699, 16, 48, 0.005408, 0.008192, 0.021696
699, 16, 49, 0.005632, 0.00832, 0.020672
699, 32, 0, 0.006304, 0.01024, 0.03616
699, 32, 1, 0.005536, 0.009376, 0.037344
699, 32, 2, 0.005344, 0.009216, 0.035392
699, 32, 3, 0.00576, 0.00896, 0.035904
699, 32, 4, 0.005664, 0.00912, 0.037984
699, 32, 5, 0.0056, 0.009216, 0.035584
699, 32, 6, 0.00544, 0.009216, 0.03536
699, 32, 7, 0.006176, 0.00848, 0.037408
699, 32, 8, 0.005792, 0.009216, 0.034784
699, 32, 9, 0.005472, 0.00912, 0.035072
699, 32, 10, 0.005824, 0.009216, 0.037824
699, 32, 11, 0.005568, 0.008992, 0.040032
699, 32, 12, 0.005344, 0.008896, 0.0408
699, 32, 13, 0.005504, 0.009856, 0.037248
699, 32, 14, 0.005344, 0.009024, 0.03584
699, 32, 15, 0.00576, 0.012192, 0.040864
699, 32, 16, 0.005664, 0.01024, 0.037056
699, 32, 17, 0.00576, 0.009216, 0.034976
699, 32, 18, 0.005504, 0.009056, 0.035712
699, 32, 19, 0.00576, 0.009216, 0.037152
699, 32, 20, 0.006368, 0.008192, 0.037216
699, 32, 21, 0.005664, 0.009216, 0.036512
699, 32, 22, 0.006016, 0.008448, 0.037344
699, 32, 23, 0.005856, 0.009216, 0.03728
699, 32, 24, 0.005952, 0.009216, 0.036384
699, 32, 25, 0.005472, 0.009184, 0.039264
699, 32, 26, 0.005664, 0.009984, 0.03536
699, 32, 27, 0.006112, 0.008576, 0.035104
699, 32, 28, 0.00592, 0.009216, 0.03616
699, 32, 29, 0.006144, 0.008192, 0.035424
699, 32, 30, 0.005344, 0.009152, 0.035296
699, 32, 31, 0.006016, 0.009216, 0.036288
699, 32, 32, 0.006048, 0.008576, 0.037824
699, 32, 33, 0.00608, 0.008192, 0.035392
699, 32, 34, 0.005344, 0.00896, 0.0352
699, 32, 35, 0.00576, 0.009216, 0.035168
699, 32, 36, 0.006016, 0.009216, 0.0376
699, 32, 37, 0.005888, 0.009216, 0.037216
699, 32, 38, 0.005504, 0.009216, 0.035584
699, 32, 39, 0.005632, 0.009216, 0.039616
699, 32, 40, 0.005472, 0.00912, 0.035712
699, 32, 41, 0.005504, 0.009216, 0.038048
699, 32, 42, 0.0056, 0.009216, 0.0352
699, 32, 43, 0.005568, 0.009216, 0.036608
699, 32, 44, 0.005952, 0.008192, 0.03568
699, 32, 45, 0.005568, 0.009216, 0.034592
699, 32, 46, 0.005152, 0.009216, 0.035584
699, 32, 47, 0.006016, 0.008192, 0.038176
699, 32, 48, 0.005536, 0.00912, 0.035328
699, 32, 49, 0.0056, 0.009216, 0.037984
699, 64, 0, 0.006016, 0.012, 0.068064
699, 64, 1, 0.005632, 0.0112, 0.069824
699, 64, 2, 0.005984, 0.011264, 0.063616
699, 64, 3, 0.005824, 0.0112, 0.063552
699, 64, 4, 0.005728, 0.011264, 0.075808
699, 64, 5, 0.005856, 0.012192, 0.06736
699, 64, 6, 0.005952, 0.011264, 0.063616
699, 64, 7, 0.007072, 0.014272, 0.070016
699, 64, 8, 0.005408, 0.01152, 0.07328
699, 64, 9, 0.006368, 0.011264, 0.063808
699, 64, 10, 0.005536, 0.011488, 0.063872
699, 64, 11, 0.00576, 0.011264, 0.067264
699, 64, 12, 0.005408, 0.010976, 0.06864
699, 64, 13, 0.005504, 0.0112, 0.063968
699, 64, 14, 0.00544, 0.011072, 0.068256
699, 64, 15, 0.005984, 0.011264, 0.063392
699, 64, 16, 0.005856, 0.011264, 0.063648
699, 64, 17, 0.005824, 0.011264, 0.073632
699, 64, 18, 0.005984, 0.011264, 0.067296
699, 64, 19, 0.00576, 0.011264, 0.068832
699, 64, 20, 0.00576, 0.012288, 0.068448
699, 64, 21, 0.006304, 0.010528, 0.067808
699, 64, 22, 0.005536, 0.0112, 0.063872
699, 64, 23, 0.005664, 0.011072, 0.064448
699, 64, 24, 0.006272, 0.010336, 0.063744
699, 64, 25, 0.006176, 0.010432, 0.06368
699, 64, 26, 0.00944, 0.011264, 0.068032
699, 64, 27, 0.006144, 0.011264, 0.063424
699, 64, 28, 0.00576, 0.011264, 0.06336
699, 64, 29, 0.005792, 0.011264, 0.067168
699, 64, 30, 0.005568, 0.011264, 0.067712
699, 64, 31, 0.005696, 0.011264, 0.066784
699, 64, 32, 0.005536, 0.011264, 0.067392
699, 64, 33, 0.005728, 0.010944, 0.063968
699, 64, 34, 0.005824, 0.011264, 0.063904
699, 64, 35, 0.005632, 0.012032, 0.0672
699, 64, 36, 0.005152, 0.01152, 0.068192
699, 64, 37, 0.005696, 0.011264, 0.068128
699, 64, 38, 0.005792, 0.011264, 0.063808
699, 64, 39, 0.005568, 0.010912, 0.063872
699, 64, 40, 0.006016, 0.010496, 0.064096
699, 64, 41, 0.005856, 0.011264, 0.068608
699, 64, 42, 0.005472, 0.011264, 0.063168
699, 64, 43, 0.005664, 0.011264, 0.070624
699, 64, 44, 0.005568, 0.012, 0.06864
699, 64, 45, 0.005664, 0.010976, 0.063904
699, 64, 46, 0.0056, 0.011072, 0.068384
699, 64, 47, 0.006048, 0.011264, 0.063232
699, 64, 48, 0.0056, 0.011264, 0.067968
699, 64, 49, 0.005952, 0.011264, 0.063328
699, 100, 0, 0.005888, 0.017696, 0.095392
699, 100, 1, 0.006208, 0.016384, 0.09856
699, 100, 2, 0.0056, 0.016224, 0.099424
699, 100, 3, 0.00624, 0.01536, 0.093024
699, 100, 4, 0.006208, 0.01536, 0.093504
699, 100, 5, 0.006112, 0.016384, 0.092
699, 100, 6, 0.00576, 0.016384, 0.097888
699, 100, 7, 0.006208, 0.016384, 0.100288
699, 100, 8, 0.005632, 0.016256, 0.104736
699, 100, 9, 0.005728, 0.017376, 0.098048
699, 100, 10, 0.005504, 0.016448, 0.100224
699, 100, 11, 0.005792, 0.016096, 0.093504
699, 100, 12, 0.00608, 0.015488, 0.097344
699, 100, 13, 0.006272, 0.016384, 0.099008
699, 100, 14, 0.005376, 0.016384, 0.094144
699, 100, 15, 0.005664, 0.016256, 0.094848
699, 100, 16, 0.005632, 0.016384, 0.092704
699, 100, 17, 0.00624, 0.01536, 0.100448
699, 100, 18, 0.005728, 0.016384, 0.100704
699, 100, 19, 0.006496, 0.016384, 0.100384
699, 100, 20, 0.00576, 0.016384, 0.099488
699, 100, 21, 0.00608, 0.016384, 0.09264
699, 100, 22, 0.005344, 0.016384, 0.092768
699, 100, 23, 0.006016, 0.016384, 0.100032
699, 100, 24, 0.006112, 0.01536, 0.09344
699, 100, 25, 0.005792, 0.016384, 0.096608
699, 100, 26, 0.00608, 0.016384, 0.09344
699, 100, 27, 0.005632, 0.016064, 0.09936
699, 100, 28, 0.005568, 0.016384, 0.09872
699, 100, 29, 0.005696, 0.016384, 0.09232
699, 100, 30, 0.005664, 0.01536, 0.098848
699, 100, 31, 0.005728, 0.016224, 0.099008
699, 100, 32, 0.005792, 0.016384, 0.099808
699, 100, 33, 0.005856, 0.016384, 0.092256
699, 100, 34, 0.005472, 0.016384, 0.092832
699, 100, 35, 0.006144, 0.015552, 0.100224
699, 100, 36, 0.006016, 0.01536, 0.094208
699, 100, 37, 0.005792, 0.016384, 0.092
699, 100, 38, 0.005888, 0.016384, 0.1032
699, 100, 39, 0.005664, 0.016352, 0.093024
699, 100, 40, 0.006048, 0.016384, 0.096192
699, 100, 41, 0.005952, 0.016384, 0.099808
699, 100, 42, 0.00544, 0.016384, 0.092736
699, 100, 43, 0.0064, 0.01536, 0.093024
699, 100, 44, 0.006304, 0.016384, 0.102432
699, 100, 45, 0.005888, 0.016384, 0.100768
699, 100, 46, 0.005952, 0.015648, 0.093344
699, 100, 47, 0.005696, 0.016192, 0.099904
699, 100, 48, 0.00608, 0.015456, 0.092832
699, 100, 49, 0.005696, 0.016192, 0.098976
699, 200, 0, 0.00608, 0.024576, 0.184864
699, 200, 1, 0.006432, 0.023552, 0.201088
699, 200, 2, 0.00608, 0.024608, 0.180096
699, 200, 3, 0.006272, 0.023552, 0.17856
699, 200, 4, 0.005824, 0.023648, 0.19344
699, 200, 5, 0.00656, 0.02288, 0.182688
699, 200, 6, 0.006208, 0.023552, 0.193088
699, 200, 7, 0.00576, 0.023808, 0.179328
699, 200, 8, 0.005952, 0.023552, 0.180512
699, 200, 9, 0.006176, 0.023552, 0.183168
699, 200, 10, 0.006464, 0.023936, 0.179712
699, 200, 11, 0.00672, 0.023552, 0.179296
699, 200, 12, 0.005472, 0.023552, 0.183552
699, 200, 13, 0.006688, 0.023552, 0.192992
699, 200, 14, 0.006144, 0.023552, 0.182752
699, 200, 15, 0.005632, 0.024576, 0.17872
699, 200, 16, 0.00592, 0.023552, 0.196
699, 200, 17, 0.006496, 0.023552, 0.17824
699, 200, 18, 0.00624, 0.023552, 0.192448
699, 200, 19, 0.00592, 0.023552, 0.17936
699, 200, 20, 0.006496, 0.022528, 0.184192
699, 200, 21, 0.005728, 0.023552, 0.17856
699, 200, 22, 0.005536, 0.023552, 0.193984
699, 200, 23, 0.006464, 0.023552, 0.184864
699, 200, 24, 0.005568, 0.024576, 0.178816
699, 200, 25, 0.006464, 0.023552, 0.192832
699, 200, 26, 0.005984, 0.023552, 0.191488
699, 200, 27, 0.006272, 0.022528, 0.183744
699, 200, 28, 0.00656, 0.023552, 0.192544
699, 200, 29, 0.006368, 0.023552, 0.195776
699, 200, 30, 0.006144, 0.024576, 0.19296
699, 200, 31, 0.005984, 0.023712, 0.193632
699, 200, 32, 0.006112, 0.023552, 0.178592
699, 200, 33, 0.00592, 0.023552, 0.192768
699, 200, 34, 0.00544, 0.024576, 0.191104
699, 200, 35, 0.006976, 0.023552, 0.19072
699, 200, 36, 0.005856, 0.023552, 0.178848
699, 200, 37, 0.006464, 0.022784, 0.179616
699, 200, 38, 0.005632, 0.023552, 0.18896
699, 200, 39, 0.0064, 0.024576, 0.18832
699, 200, 40, 0.0064, 0.023552, 0.193216
699, 200, 41, 0.006528, 0.023552, 0.177888
699, 200, 42, 0.006368, 0.023552, 0.192608
699, 200, 43, 0.00624, 0.023552, 0.179328
699, 200, 44, 0.00592, 0.023552, 0.193376
699, 200, 45, 0.006048, 0.023552, 0.182272
699, 200, 46, 0.006112, 0.023552, 0.191328
699, 200, 47, 0.006432, 0.023552, 0.178368
699, 200, 48, 0.006304, 0.024576, 0.191968
699, 200, 49, 0.005952, 0.023552, 0.198048
699, 400, 0, 0.00672, 0.138432, 0.466176
699, 400, 1, 0.007264, 0.123136, 0.379712
699, 400, 2, 0.007712, 0.128352, 0.38096
699, 400, 3, 0.007648, 0.119808, 0.453184
699, 400, 4, 0.0072, 0.118784, 0.351296
699, 400, 5, 0.007328, 0.120832, 0.36864
699, 400, 6, 0.007296, 0.117952, 0.374688
699, 400, 7, 0.007072, 0.11776, 0.370784
699, 400, 8, 0.006688, 0.119808, 0.375808
699, 400, 9, 0.007616, 0.120096, 0.373952
699, 400, 10, 0.006816, 0.118784, 0.345248
699, 400, 11, 0.006976, 0.124096, 0.371328
699, 400, 12, 0.00672, 0.123904, 0.37872
699, 400, 13, 0.007104, 0.118784, 0.370656
699, 400, 14, 0.006592, 0.124928, 0.371296
699, 400, 15, 0.006816, 0.118784, 0.34432
699, 400, 16, 0.007136, 0.118784, 0.344832
699, 400, 17, 0.007392, 0.12288, 0.371776
699, 400, 18, 0.007264, 0.119072, 0.351488
699, 400, 19, 0.006976, 0.11776, 0.368192
699, 400, 20, 0.00752, 0.11984, 0.376736
699, 400, 21, 0.00736, 0.11696, 0.381856
699, 400, 22, 0.00736, 0.118112, 0.350944
699, 400, 23, 0.006816, 0.11776, 0.385472
699, 400, 24, 0.007264, 0.118784, 0.376896
699, 400, 25, 0.007584, 0.11776, 0.342816
699, 400, 26, 0.007104, 0.117856, 0.375744
699, 400, 27, 0.007232, 0.11776, 0.374848
699, 400, 28, 0.006752, 0.118784, 0.371168
699, 400, 29, 0.006784, 0.11776, 0.377568
699, 400, 30, 0.007264, 0.119808, 0.36848
699, 400, 31, 0.007136, 0.118784, 0.3696
699, 400, 32, 0.007328, 0.11776, 0.374176
699, 400, 33, 0.006752, 0.117824, 0.371424
699, 400, 34, 0.006624, 0.119808, 0.370912
699, 400, 35, 0.007584, 0.117088, 0.356352
699, 400, 36, 0.00704, 0.118912, 0.346208
699, 400, 37, 0.007552, 0.119808, 0.368192
699, 400, 38, 0.007264, 0.118784, 0.3736
699, 400, 39, 0.00752, 0.119808, 0.372512
699, 400, 40, 0.007232, 0.120832, 0.371168
699, 400, 41, 0.007648, 0.116736, 0.376544
699, 400, 42, 0.007424, 0.117984, 0.369632
699, 400, 43, 0.0072, 0.119808, 0.370464
699, 400, 44, 0.006688, 0.116992, 0.351072
699, 400, 45, 0.007008, 0.11776, 0.34464
699, 400, 46, 0.007328, 0.123904, 0.37136
699, 400, 47, 0.007584, 0.11776, 0.373056
699, 400, 48, 0.007616, 0.11776, 0.367808
699, 400, 49, 0.006848, 0.123168, 0.369792
699, 800, 0, 0.009504, 0.160768, 0.633792
699, 800, 1, 0.009088, 0.155968, 0.641984
699, 800, 2, 0.009312, 0.160768, 0.63424
699, 800, 3, 0.008416, 0.161056, 0.6416
699, 800, 4, 0.0088, 0.157696, 0.639552
699, 800, 5, 0.009472, 0.154624, 0.64464
699, 800, 6, 0.00896, 0.155648, 0.638976
699, 800, 7, 0.008576, 0.156672, 0.586656
699, 800, 8, 0.009312, 0.159744, 0.63696
699, 800, 9, 0.008576, 0.15872, 0.645056
699, 800, 10, 0.008288, 0.155648, 0.64544
699, 800, 11, 0.009216, 0.155648, 0.637152
699, 800, 12, 0.008576, 0.155808, 0.589984
699, 800, 13, 0.009504, 0.156672, 0.63824
699, 800, 14, 0.008384, 0.157696, 0.636224
699, 800, 15, 0.008512, 0.15584, 0.64192
699, 800, 16, 0.00832, 0.155648, 0.64272
699, 800, 17, 0.008832, 0.154624, 0.594112
699, 800, 18, 0.008672, 0.156672, 0.6464
699, 800, 19, 0.009024, 0.155648, 0.638592
699, 800, 20, 0.009184, 0.15872, 0.64288
699, 800, 21, 0.008704, 0.1536, 0.607616
699, 800, 22, 0.00832, 0.156672, 0.6024
699, 800, 23, 0.008672, 0.15872, 0.62848
699, 800, 24, 0.008704, 0.165088, 0.59344
699, 800, 25, 0.008832, 0.154752, 0.641024
699, 800, 26, 0.009152, 0.154656, 0.596512
699, 800, 27, 0.008096, 0.154624, 0.597696
699, 800, 28, 0.009056, 0.158048, 0.64288
699, 800, 29, 0.00816, 0.154624, 0.642944
699, 800, 30, 0.008032, 0.156672, 0.643936
699, 800, 31, 0.008864, 0.1536, 0.645536
699, 800, 32, 0.008384, 0.155648, 0.597152
699, 800, 33, 0.008448, 0.155648, 0.645216
699, 800, 34, 0.00864, 0.160768, 0.637696
699, 800, 35, 0.008736, 0.161792, 0.639552
699, 800, 36, 0.0088, 0.156672, 0.637792
699, 800, 37, 0.008672, 0.155648, 0.646848
699, 800, 38, 0.008928, 0.156672, 0.640832
699, 800, 39, 0.00928, 0.155648, 0.641696
699, 800, 40, 0.008672, 0.156672, 0.641888
699, 800, 41, 0.00912, 0.154624, 0.639872
699, 800, 42, 0.009184, 0.154784, 0.646688
699, 800, 43, 0.008032, 0.15872, 0.635328
699, 800, 44, 0.008416, 0.156672, 0.634912
699, 800, 45, 0.00912, 0.1536, 0.644736
699, 800, 46, 0.008896, 0.15488, 0.595456
699, 800, 47, 0.009248, 0.1536, 0.654688
699, 800, 48, 0.009152, 0.156672, 0.644576
699, 800, 49, 0.008448, 0.159744, 0.640768
699, 1600, 0, 0.0096, 0.161792, 0.64224
699, 1600, 1, 0.007744, 0.156672, 0.643936
699, 1600, 2, 0.008128, 0.157696, 0.641056
699, 1600, 3, 0.008096, 0.155648, 0.643648
699, 1600, 4, 0.0088, 0.159744, 0.592
699, 1600, 5, 0.00912, 0.164864, 0.6408
699, 1600, 6, 0.00896, 0.44544, 0.647648
699, 1600, 7, 0.00896, 0.156672, 0.632576
699, 1600, 8, 0.008096, 0.155648, 0.589248
699, 1600, 9, 0.008864, 0.822272, 0.641472
699, 1600, 10, 0.008992, 0.15872, 0.635456
699, 1600, 11, 0.008704, 0.156864, 0.706848
699, 1600, 12, 0.009312, 0.155872, 0.740736
699, 1600, 13, 0.009088, 0.155808, 0.645984
699, 1600, 14, 0.008288, 0.156672, 0.64368
699, 1600, 15, 0.008128, 0.155968, 0.649984
699, 1600, 16, 0.008736, 0.155648, 0.641408
699, 1600, 17, 0.008448, 0.155648, 0.641152
699, 1600, 18, 0.008736, 0.154624, 0.666336
699, 1600, 19, 0.008672, 0.15792, 0.593856
699, 1600, 20, 0.008832, 0.154624, 0.64256
699, 1600, 21, 0.008128, 0.154624, 0.599264
699, 1600, 22, 0.008928, 0.154624, 0.59792
699, 1600, 23, 0.008576, 0.154912, 0.614336
699, 1600, 24, 0.008608, 0.156672, 0.644832
699, 1600, 25, 0.008416, 0.162816, 0.599616
699, 1600, 26, 0.009984, 0.175104, 0.71856
699, 1600, 27, 0.009536, 0.165888, 0.605568
699, 1600, 28, 0.009184, 0.161792, 0.640128
699, 1600, 29, 0.008288, 0.15872, 0.640896
699, 1600, 30, 0.008704, 0.157696, 0.646784
699, 1600, 31, 0.008736, 0.154912, 0.640096
699, 1600, 32, 0.008928, 0.154624, 0.639168
699, 1600, 33, 0.008576, 0.157696, 0.638752
699, 1600, 34, 0.008736, 0.156672, 0.645152
699, 1600, 35, 0.008896, 0.155648, 0.642976
699, 1600, 36, 0.00832, 0.154624, 0.596608
699, 1600, 37, 0.008608, 0.155648, 0.641568
699, 1600, 38, 0.009056, 0.157696, 0.646688
699, 1600, 39, 0.008064, 0.155648, 0.64576
699, 1600, 40, 0.009184, 0.154624, 0.645536
699, 1600, 41, 0.008032, 0.15696, 0.63952
699, 1600, 42, 0.008224, 0.156672, 0.600864
699, 1600, 43, 0.008672, 0.157696, 0.645056
699, 1600, 44, 0.00848, 0.154624, 0.64976
699, 1600, 45, 0.008032, 0.156672, 0.645632
699, 1600, 46, 0.008512, 0.156832, 0.646848
699, 1600, 47, 0.00896, 0.15872, 0.649344
699, 1600, 48, 0.008864, 0.164864, 0.633792
699, 1600, 49, 0.008896, 0.155648, 0.636
699, 3200, 0, 0.00864, 0.160768, 0.658336
699, 3200, 1, 0.008992, 0.156672, 0.636
699, 3200, 2, 0.0088, 0.157696, 0.637088
699, 3200, 3, 0.008256, 0.157696, 0.588064
699, 3200, 4, 0.008256, 0.157696, 0.639424
699, 3200, 5, 0.008224, 0.164864, 0.63968
699, 3200, 6, 0.008896, 0.155648, 0.644864
699, 3200, 7, 0.009184, 0.154624, 0.642688
699, 3200, 8, 0.008416, 0.156672, 0.6424
699, 3200, 9, 0.008672, 0.154624, 0.597792
699, 3200, 10, 0.008704, 0.15872, 0.600576
699, 3200, 11, 0.009472, 0.154624, 0.657696
699, 3200, 12, 0.008256, 0.156704, 0.593728
699, 3200, 13, 0.008288, 0.155648, 0.644256
699, 3200, 14, 0.00848, 0.154624, 0.596
699, 3200, 15, 0.008736, 0.160096, 0.641632
699, 3200, 16, 0.009248, 0.155648, 0.642144
699, 3200, 17, 0.008224, 0.154912, 0.648896
699, 3200, 18, 0.008576, 0.154624, 0.643168
699, 3200, 19, 0.00832, 0.154624, 0.651232
699, 3200, 20, 0.009152, 0.162816, 0.639456
699, 3200, 21, 0.009216, 0.159744, 0.601472
699, 3200, 22, 0.008608, 0.161792, 0.63904
699, 3200, 23, 0.009088, 0.154624, 0.638976
699, 3200, 24, 0.008096, 0.157696, 0.636576
699, 3200, 25, 0.008672, 0.15872, 0.634784
699, 3200, 26, 0.008608, 0.155648, 0.636736
699, 3200, 27, 0.008768, 0.154624, 0.63776
699, 3200, 28, 0.008832, 0.155648, 0.64096
699, 3200, 29, 0.008288, 0.155744, 0.649408
699, 3200, 30, 0.008864, 0.156928, 0.637312
699, 3200, 31, 0.00864, 0.157824, 0.636992
699, 3200, 32, 0.008896, 0.156672, 0.633472
699, 3200, 33, 0.008224, 0.154624, 0.64704
699, 3200, 34, 0.008608, 0.154624, 0.655648
699, 3200, 35, 0.00832, 0.156672, 0.642144
699, 3200, 36, 0.008512, 0.155648, 0.645472
699, 3200, 37, 0.008384, 0.155648, 0.596608
699, 3200, 38, 0.009056, 0.154624, 0.595904
699, 3200, 39, 0.008672, 0.155648, 0.653024
699, 3200, 40, 0.00912, 0.165888, 0.648576
699, 3200, 41, 0.009056, 0.156672, 0.595136
699, 3200, 42, 0.008384, 0.153888, 0.597376
699, 3200, 43, 0.008896, 0.1536, 0.646848
699, 3200, 44, 0.00816, 0.156672, 0.655744
699, 3200, 45, 0.009184, 0.157696, 0.647776
699, 3200, 46, 0.008704, 0.153696, 0.647744
699, 3200, 47, 0.008544, 0.161792, 0.637184
699, 3200, 48, 0.008704, 0.168032, 0.637088
699, 3200, 49, 0.010464, 0.159744, 0.588896
699, 6400, 0, 0.0096, 0.159744, 0.645216
699, 6400, 1, 0.0088, 0.157696, 0.593824
699, 6400, 2, 0.008704, 0.159744, 0.64048
699, 6400, 3, 0.00928, 0.154624, 0.594368
699, 6400, 4, 0.008672, 0.15376, 0.591712
699, 6400, 5, 0.009024, 0.154624, 0.637728
699, 6400, 6, 0.00896, 0.15568, 0.644672
699, 6400, 7, 0.00928, 0.156672, 0.639264
699, 6400, 8, 0.008928, 0.156672, 0.590592
699, 6400, 9, 0.008192, 0.15696, 0.641344
699, 6400, 10, 0.008352, 0.154976, 0.598272
699, 6400, 11, 0.008416, 0.15568, 0.643648
699, 6400, 12, 0.008288, 0.155648, 0.646176
699, 6400, 13, 0.008352, 0.154624, 0.67056
699, 6400, 14, 0.008288, 0.165888, 0.648736
699, 6400, 15, 0.00832, 0.15872, 0.629536
699, 6400, 16, 0.008416, 0.155648, 0.651232
699, 6400, 17, 0.0088, 0.259168, 0.665152
699, 6400, 18, 0.008704, 0.163968, 0.638464
699, 6400, 19, 0.008864, 0.157696, 0.635904
699, 6400, 20, 0.00944, 0.155648, 0.641216
699, 6400, 21, 0.009152, 0.155648, 0.637376
699, 6400, 22, 0.00896, 0.157856, 0.638912
699, 6400, 23, 0.008928, 0.156672, 0.647072
699, 6400, 24, 0.008896, 0.154624, 0.639328
699, 6400, 25, 0.009056, 0.154624, 0.640384
699, 6400, 26, 0.009056, 0.156672, 0.64512
699, 6400, 27, 0.008, 0.155648, 0.650592
699, 6400, 28, 0.008352, 0.155648, 0.643552
699, 6400, 29, 0.009088, 0.155648, 0.64752
699, 6400, 30, 0.008128, 0.156672, 0.59568
699, 6400, 31, 0.008992, 0.155648, 0.592512
699, 6400, 32, 0.008704, 0.155648, 0.601504
699, 6400, 33, 0.008992, 0.154624, 0.642656
699, 6400, 34, 0.00896, 0.154624, 0.64352
699, 6400, 35, 0.008416, 0.157696, 0.643424
699, 6400, 36, 0.008128, 0.155648, 0.646688
699, 6400, 37, 0.008768, 0.1536, 0.65008
699, 6400, 38, 0.008576, 0.155648, 0.645536
699, 6400, 39, 0.009344, 0.154624, 0.6448
699, 6400, 40, 0.008224, 0.156672, 0.64944
699, 6400, 41, 0.008416, 0.154624, 0.644288
699, 6400, 42, 0.00896, 0.15568, 0.648384
699, 6400, 43, 0.008032, 0.164864, 0.645568
699, 6400, 44, 0.008256, 0.156992, 0.643008
699, 6400, 45, 0.009024, 0.154624, 0.637664
699, 6400, 46, 0.008832, 0.155648, 0.640288
699, 6400, 47, 0.00832, 0.155648, 0.640256
699, 6400, 48, 0.008448, 0.155648, 0.589344
699, 6400, 49, 0.009024, 0.154976, 0.633312
699, 10000, 0, 0.008736, 0.162816, 0.638336
699, 10000, 1, 0.008224, 0.156864, 0.641472
699, 10000, 2, 0.008544, 0.154624, 0.652544
699, 10000, 3, 0.008992, 0.155648, 0.592352
699, 10000, 4, 0.008736, 0.155648, 0.594368
699, 10000, 5, 0.00832, 0.155904, 0.64848
699, 10000, 6, 0.009024, 0.154624, 0.59456
699, 10000, 7, 0.0088, 0.154624, 0.645664
699, 10000, 8, 0.008736, 0.155648, 0.596128
699, 10000, 9, 0.00864, 0.154624, 0.65264
699, 10000, 10, 0.008992, 0.154656, 0.64384
699, 10000, 11, 0.008576, 0.154624, 0.5936
699, 10000, 12, 0.008192, 0.159744, 0.598272
699, 10000, 13, 0.008736, 0.155648, 0.649888
699, 10000, 14, 0.008064, 0.161792, 0.643616
699, 10000, 15, 0.009248, 0.154624, 0.599776
699, 10000, 16, 0.008256, 0.155648, 0.649504
699, 10000, 17, 0.008544, 0.155648, 0.650368
699, 10000, 18, 0.008928, 0.154624, 0.643136
699, 10000, 19, 0.00848, 0.15872, 0.648096
699, 10000, 20, 0.00864, 0.161792, 0.5992
699, 10000, 21, 0.009408, 0.159744, 0.590304
699, 10000, 22, 0.008288, 0.162816, 0.634912
699, 10000, 23, 0.008896, 0.156672, 0.637664
699, 10000, 24, 0.00848, 0.155648, 0.64096
699, 10000, 25, 0.008416, 0.155648, 0.591424
699, 10000, 26, 0.008416, 0.156672, 0.622144
699, 10000, 27, 0.008704, 0.157696, 0.635104
699, 10000, 28, 0.00832, 0.156672, 0.636448
699, 10000, 29, 0.008384, 0.156672, 0.641152
699, 10000, 30, 0.00848, 0.261504, 0.638048
699, 10000, 31, 0.009152, 0.154784, 0.63808
699, 10000, 32, 0.008992, 0.15568, 0.589856
699, 10000, 33, 0.008928, 0.155648, 0.58784
699, 10000, 34, 0.00912, 0.1536, 0.640128
699, 10000, 35, 0.008064, 0.155648, 0.587616
699, 10000, 36, 0.008576, 0.157696, 0.647968
699, 10000, 37, 0.00848, 0.155648, 0.596128
699, 10000, 38, 0.008032, 0.155648, 0.66848
699, 10000, 39, 0.008288, 0.157824, 0.643968
699, 10000, 40, 0.008544, 0.1536, 0.644448
699, 10000, 41, 0.008896, 0.157696, 0.596736
699, 10000, 42, 0.008608, 0.154624, 0.594464
699, 10000, 43, 0.008224, 0.156672, 0.642912
699, 10000, 44, 0.008992, 0.154912, 0.615264
699, 10000, 45, 0.00912, 0.157696, 0.638592
699, 10000, 46, 0.008512, 0.155648, 0.641472
699, 10000, 47, 0.008224, 0.156672, 0.654688
699, 10000, 48, 0.009088, 0.156672, 0.593344
699, 10000, 49, 0.008416, 0.155648, 0.642144
600, 1, 0, 0.007168, 0.018432, 0.010144
600, 1, 1, 0.005792, 0.00992, 0.0072
600, 1, 2, 0.005408, 0.008992, 0.006336
600, 1, 3, 0.005408, 0.00816, 0.006848
600, 1, 4, 0.005984, 0.008192, 0.006016
600, 1, 5, 0.005408, 0.009216, 0.006048
600, 1, 6, 0.005504, 0.008896, 0.0064
600, 1, 7, 0.005728, 0.008192, 0.006592
600, 1, 8, 0.005792, 0.008192, 0.006176
600, 1, 9, 0.005856, 0.008192, 0.006272
600, 1, 10, 0.00592, 0.008192, 0.006176
600, 1, 11, 0.00544, 0.007904, 0.006944
600, 1, 12, 0.005472, 0.008352, 0.006592
600, 1, 13, 0.005792, 0.008192, 0.006784
600, 1, 14, 0.005984, 0.008192, 0.006336
600, 1, 15, 0.005408, 0.008256, 0.007136
600, 1, 16, 0.005408, 0.008032, 0.006848
600, 1, 17, 0.005792, 0.008192, 0.006848
600, 1, 18, 0.005504, 0.008192, 0.00672
600, 1, 19, 0.005504, 0.00832, 0.006976
600, 1, 20, 0.00544, 0.008224, 0.006432
600, 1, 21, 0.010784, 0.00832, 0.006976
600, 1, 22, 0.005472, 0.008384, 0.006592
600, 1, 23, 0.005792, 0.008192, 0.006176
600, 1, 24, 0.00608, 0.008192, 0.006624
600, 1, 25, 0.00592, 0.008192, 0.005952
600, 1, 26, 0.005376, 0.008192, 0.006816
600, 1, 27, 0.005792, 0.008192, 0.006176
600, 1, 28, 0.005312, 0.00816, 0.006528
600, 1, 29, 0.006112, 0.007456, 0.006624
600, 1, 30, 0.005472, 0.008192, 0.006528
600, 1, 31, 0.006016, 0.008192, 0.006048
600, 1, 32, 0.005408, 0.008192, 0.006976
600, 1, 33, 0.006208, 0.007168, 0.006592
600, 1, 34, 0.005952, 0.008192, 0.006336
600, 1, 35, 0.00528, 0.009216, 0.00608
600, 1, 36, 0.005376, 0.008128, 0.006784
600, 1, 37, 0.00544, 0.008224, 0.006368
600, 1, 38, 0.005856, 0.008192, 0.006144
600, 1, 39, 0.0056, 0.007936, 0.006528
600, 1, 40, 0.005824, 0.008192, 0.00608
600, 1, 41, 0.00576, 0.008064, 0.006464
600, 1, 42, 0.005888, 0.008192, 0.006048
600, 1, 43, 0.005408, 0.008352, 0.00656
600, 1, 44, 0.005952, 0.008192, 0.00656
600, 1, 45, 0.006144, 0.008192, 0.005888
600, 1, 46, 0.005696, 0.008192, 0.006368
600, 1, 47, 0.005472, 0.007936, 0.006592
600, 1, 48, 0.005824, 0.008192, 0.006304
600, 1, 49, 0.00544, 0.008064, 0.014624
600, 2, 0, 0.005824, 0.010208, 0.008096
600, 2, 1, 0.005536, 0.009056, 0.006944
600, 2, 2, 0.005472, 0.00848, 0.007712
600, 2, 3, 0.005504, 0.008416, 0.00768
600, 2, 4, 0.006112, 0.008192, 0.007264
600, 2, 5, 0.005728, 0.007968, 0.007712
600, 2, 6, 0.005536, 0.008192, 0.007584
600, 2, 7, 0.005504, 0.008128, 0.007488
600, 2, 8, 0.005408, 0.008192, 0.007648
600, 2, 9, 0.005792, 0.008192, 0.007904
600, 2, 10, 0.005504, 0.008864, 0.007168
600, 2, 11, 0.005824, 0.008192, 0.006944
600, 2, 12, 0.005376, 0.008896, 0.00688
600, 2, 13, 0.006016, 0.008192, 0.007104
600, 2, 14, 0.00592, 0.008192, 0.0072
600, 2, 15, 0.005664, 0.008192, 0.007424
600, 2, 16, 0.005408, 0.00816, 0.00768
600, 2, 17, 0.00592, 0.008192, 0.007584
600, 2, 18, 0.005472, 0.008224, 0.007584
600, 2, 19, 0.005472, 0.009152, 0.006624
600, 2, 20, 0.005344, 0.008192, 0.007648
600, 2, 21, 0.005408, 0.008, 0.00768
600, 2, 22, 0.005344, 0.008288, 0.007488
600, 2, 23, 0.005408, 0.008352, 0.007552
600, 2, 24, 0.005408, 0.009184, 0.007008
600, 2, 25, 0.005568, 0.00816, 0.007424
600, 2, 26, 0.005568, 0.013312, 0.007232
600, 2, 27, 0.006048, 0.008192, 0.00768
600, 2, 28, 0.00624, 0.007168, 0.008096
600, 2, 29, 0.00592, 0.008192, 0.007168
600, 2, 30, 0.005728, 0.008192, 0.007456
600, 2, 31, 0.005696, 0.008096, 0.007328
600, 2, 32, 0.005728, 0.008192, 0.007488
600, 2, 33, 0.006144, 0.008192, 0.006912
600, 2, 34, 0.006208, 0.008192, 0.006944
600, 2, 35, 0.005504, 0.008224, 0.00736
600, 2, 36, 0.005472, 0.008192, 0.007744
600, 2, 37, 0.006112, 0.008192, 0.006944
600, 2, 38, 0.006112, 0.008192, 0.0072
600, 2, 39, 0.005824, 0.008192, 0.007104
600, 2, 40, 0.005888, 0.008192, 0.006688
600, 2, 41, 0.005536, 0.008256, 0.007136
600, 2, 42, 0.005856, 0.008192, 0.00864
600, 2, 43, 0.005472, 0.008928, 0.00656
600, 2, 44, 0.005312, 0.008064, 0.007648
600, 2, 45, 0.005472, 0.00896, 0.006976
600, 2, 46, 0.005472, 0.008064, 0.007584
600, 2, 47, 0.0056, 0.008192, 0.0072
600, 2, 48, 0.005888, 0.008192, 0.007168
600, 2, 49, 0.005952, 0.008192, 0.006848
600, 4, 0, 0.005856, 0.009216, 0.009056
600, 4, 1, 0.005952, 0.008192, 0.009184
600, 4, 2, 0.00576, 0.008192, 0.013728
600, 4, 3, 0.005728, 0.009216, 0.008928
600, 4, 4, 0.005568, 0.008288, 0.009504
600, 4, 5, 0.005376, 0.00816, 0.00928
600, 4, 6, 0.005472, 0.00896, 0.009024
600, 4, 7, 0.005664, 0.008256, 0.009376
600, 4, 8, 0.00592, 0.008192, 0.009632
600, 4, 9, 0.005504, 0.008832, 0.008512
600, 4, 10, 0.005952, 0.008192, 0.00912
600, 4, 11, 0.005664, 0.008192, 0.008672
600, 4, 12, 0.006144, 0.008192, 0.008992
600, 4, 13, 0.00544, 0.008192, 0.009856
600, 4, 14, 0.005952, 0.008192, 0.008832
600, 4, 15, 0.005664, 0.008192, 0.008512
600, 4, 16, 0.005472, 0.00896, 0.008992
600, 4, 17, 0.006176, 0.008192, 0.009056
600, 4, 18, 0.005408, 0.008864, 0.00912
600, 4, 19, 0.005504, 0.008352, 0.008736
600, 4, 20, 0.00544, 0.008288, 0.009152
600, 4, 21, 0.005568, 0.008192, 0.008704
600, 4, 22, 0.006144, 0.008192, 0.009024
600, 4, 23, 0.00576, 0.008192, 0.008768
600, 4, 24, 0.005952, 0.008192, 0.00864
600, 4, 25, 0.00544, 0.008832, 0.008416
600, 4, 26, 0.005888, 0.009216, 0.008288
600, 4, 27, 0.005504, 0.008416, 0.009472
600, 4, 28, 0.005664, 0.008192, 0.01136
600, 4, 29, 0.00576, 0.008192, 0.009472
600, 4, 30, 0.00544, 0.008896, 0.008768
600, 4, 31, 0.006048, 0.008192, 0.009056
600, 4, 32, 0.00576, 0.008288, 0.009568
600, 4, 33, 0.005888, 0.00912, 0.008544
600, 4, 34, 0.005408, 0.007936, 0.009568
600, 4, 35, 0.005504, 0.009024, 0.008448
600, 4, 36, 0.005856, 0.008192, 0.00848
600, 4, 37, 0.00544, 0.008896, 0.009312
600, 4, 38, 0.005408, 0.009088, 0.008416
600, 4, 39, 0.006144, 0.008192, 0.008608
600, 4, 40, 0.005984, 0.008192, 0.008672
600, 4, 41, 0.005952, 0.008192, 0.008608
600, 4, 42, 0.005984, 0.008192, 0.008832
600, 4, 43, 0.00544, 0.008832, 0.008416
600, 4, 44, 0.005408, 0.008128, 0.009184
600, 4, 45, 0.00576, 0.00912, 0.00832
600, 4, 46, 0.006112, 0.008192, 0.008576
600, 4, 47, 0.0056, 0.008896, 0.008992
600, 4, 48, 0.0056, 0.008192, 0.00928
600, 4, 49, 0.005664, 0.008352, 0.00992
600, 8, 0, 0.005536, 0.009888, 0.012256
600, 8, 1, 0.005504, 0.009216, 0.011904
600, 8, 2, 0.005728, 0.008192, 0.012928
600, 8, 3, 0.005408, 0.008992, 0.012576
600, 8, 4, 0.00592, 0.008192, 0.012032
600, 8, 5, 0.005408, 0.00832, 0.012864
600, 8, 6, 0.005472, 0.008192, 0.012128
600, 8, 7, 0.005728, 0.008192, 0.011904
600, 8, 8, 0.005824, 0.008192, 0.012
600, 8, 9, 0.00608, 0.008224, 0.012608
600, 8, 10, 0.005984, 0.008192, 0.012192
600, 8, 11, 0.005824, 0.008192, 0.01216
600, 8, 12, 0.005952, 0.008192, 0.011424
600, 8, 13, 0.005696, 0.008096, 0.012608
600, 8, 14, 0.005504, 0.008864, 0.01184
600, 8, 15, 0.005952, 0.008192, 0.01232
600, 8, 16, 0.005664, 0.008192, 0.011776
600, 8, 17, 0.005376, 0.008928, 0.012224
600, 8, 18, 0.005312, 0.00816, 0.011872
600, 8, 19, 0.005888, 0.008192, 0.011872
600, 8, 20, 0.00592, 0.008192, 0.012256
600, 8, 21, 0.005792, 0.008192, 0.012
600, 8, 22, 0.00592, 0.008192, 0.01168
600, 8, 23, 0.005664, 0.008192, 0.012384
600, 8, 24, 0.005504, 0.008192, 0.012672
600, 8, 25, 0.00544, 0.008384, 0.01168
600, 8, 26, 0.005568, 0.012512, 0.012352
600, 8, 27, 0.005632, 0.009216, 0.012128
600, 8, 28, 0.005504, 0.008192, 0.011904
600, 8, 29, 0.006176, 0.008192, 0.011712
600, 8, 30, 0.005376, 0.008256, 0.011936
600, 8, 31, 0.006016, 0.008192, 0.011488
600, 8, 32, 0.005472, 0.008192, 0.011744
600, 8, 33, 0.005984, 0.008192, 0.011392
600, 8, 34, 0.005376, 0.008384, 0.012128
600, 8, 35, 0.005568, 0.008192, 0.012032
600, 8, 36, 0.005728, 0.008192, 0.012
600, 8, 37, 0.005984, 0.008192, 0.012576
600, 8, 38, 0.005376, 0.00816, 0.012
600, 8, 39, 0.005088, 0.008192, 0.012416
600, 8, 40, 0.005568, 0.008256, 0.012512
600, 8, 41, 0.005472, 0.00832, 0.011968
600, 8, 42, 0.005728, 0.008192, 0.011872
600, 8, 43, 0.005888, 0.008192, 0.01184
600, 8, 44, 0.005312, 0.008896, 0.011616
600, 8, 45, 0.006304, 0.008192, 0.011616
600, 8, 46, 0.00608, 0.008192, 0.01232
600, 8, 47, 0.005632, 0.008192, 0.012
600, 8, 48, 0.005984, 0.008192, 0.011648
600, 8, 49, 0.00544, 0.008448, 0.01232
600, 16, 0, 0.006112, 0.009216, 0.019424
600, 16, 1, 0.005856, 0.008192, 0.019392
600, 16, 2, 0.00592, 0.008192, 0.019392
600, 16, 3, 0.005696, 0.008864, 0.01744
600, 16, 4, 0.005536, 0.008256, 0.0184
600, 16, 5, 0.005472, 0.008192, 0.019232
600, 16, 6, 0.005792, 0.008192, 0.018432
600, 16, 7, 0.005568, 0.008864, 0.017824
600, 16, 8, 0.005408, 0.008064, 0.01872
600, 16, 9, 0.006048, 0.008192, 0.017728
600, 16, 10, 0.00592, 0.008192, 0.017888
600, 16, 11, 0.00624, 0.008192, 0.018688
600, 16, 12, 0.0056, 0.008416, 0.018528
600, 16, 13, 0.005632, 0.008992, 0.018016
600, 16, 14, 0.005856, 0.008192, 0.018944
600, 16, 15, 0.005568, 0.009024, 0.018496
600, 16, 16, 0.005536, 0.008128, 0.01856
600, 16, 17, 0.00544, 0.007936, 0.019776
600, 16, 18, 0.005888, 0.008192, 0.019968
600, 16, 19, 0.005632, 0.008832, 0.01888
600, 16, 20, 0.006112, 0.008192, 0.01888
600, 16, 21, 0.006144, 0.008192, 0.018752
600, 16, 22, 0.005504, 0.008224, 0.018848
600, 16, 23, 0.005536, 0.008928, 0.018944
600, 16, 24, 0.00544, 0.008928, 0.018688
600, 16, 25, 0.005536, 0.008224, 0.019296
600, 16, 26, 0.005664, 0.00816, 0.019552
600, 16, 27, 0.005792, 0.008192, 0.019744
600, 16, 28, 0.005568, 0.008256, 0.018624
600, 16, 29, 0.006336, 0.008192, 0.01888
600, 16, 30, 0.00608, 0.008192, 0.0184
600, 16, 31, 0.005888, 0.009088, 0.019072
600, 16, 32, 0.005952, 0.008192, 0.018144
600, 16, 33, 0.005728, 0.008352, 0.018496
600, 16, 34, 0.00544, 0.00816, 0.018528
600, 16, 35, 0.005504, 0.00896, 0.019104
600, 16, 36, 0.005984, 0.008192, 0.018272
600, 16, 37, 0.005792, 0.008096, 0.023296
600, 16, 38, 0.006176, 0.008192, 0.018624
600, 16, 39, 0.005504, 0.009056, 0.017824
600, 16, 40, 0.00544, 0.008256, 0.018656
600, 16, 41, 0.005504, 0.009056, 0.017344
600, 16, 42, 0.005888, 0.008192, 0.01792
600, 16, 43, 0.005504, 0.009024, 0.017664
600, 16, 44, 0.005504, 0.007936, 0.020832
600, 16, 45, 0.005536, 0.008384, 0.01824
600, 16, 46, 0.005568, 0.008256, 0.0184
600, 16, 47, 0.005792, 0.008192, 0.017888
600, 16, 48, 0.005952, 0.008192, 0.017984
600, 16, 49, 0.006016, 0.008192, 0.017888
600, 32, 0, 0.00624, 0.01008, 0.032832
600, 32, 1, 0.005952, 0.009216, 0.031936
600, 32, 2, 0.005632, 0.009216, 0.032608
600, 32, 3, 0.0056, 0.009216, 0.038112
600, 32, 4, 0.005504, 0.009344, 0.033952
600, 32, 5, 0.005856, 0.009216, 0.031008
600, 32, 6, 0.006272, 0.008192, 0.033664
600, 32, 7, 0.005632, 0.009216, 0.032096
600, 32, 8, 0.005888, 0.008512, 0.033376
600, 32, 9, 0.005472, 0.00896, 0.031008
600, 32, 10, 0.00544, 0.009216, 0.032736
600, 32, 11, 0.00592, 0.009216, 0.031904
600, 32, 12, 0.005344, 0.009088, 0.030944
600, 32, 13, 0.00544, 0.009216, 0.03264
600, 32, 14, 0.00544, 0.008928, 0.030752
600, 32, 15, 0.005952, 0.009216, 0.030496
600, 32, 16, 0.006016, 0.008192, 0.033536
600, 32, 17, 0.005536, 0.009216, 0.030048
600, 32, 18, 0.005888, 0.009216, 0.03136
600, 32, 19, 0.006016, 0.008192, 0.032864
600, 32, 20, 0.005568, 0.009216, 0.030848
600, 32, 21, 0.00576, 0.009216, 0.030944
600, 32, 22, 0.00576, 0.008416, 0.033664
600, 32, 23, 0.005888, 0.008192, 0.033312
600, 32, 24, 0.006272, 0.008192, 0.032928
600, 32, 25, 0.005632, 0.009184, 0.030944
600, 32, 26, 0.0056, 0.009216, 0.030784
600, 32, 27, 0.0056, 0.008192, 0.031296
600, 32, 28, 0.005408, 0.008992, 0.031264
600, 32, 29, 0.005536, 0.008192, 0.031712
600, 32, 30, 0.00592, 0.008224, 0.032864
600, 32, 31, 0.005696, 0.009216, 0.032352
600, 32, 32, 0.00544, 0.008896, 0.0368
600, 32, 33, 0.005728, 0.009216, 0.032672
600, 32, 34, 0.005088, 0.009216, 0.03344
600, 32, 35, 0.006048, 0.008192, 0.032608
600, 32, 36, 0.005984, 0.008192, 0.03328
600, 32, 37, 0.005568, 0.00912, 0.031008
600, 32, 38, 0.005472, 0.009216, 0.032864
600, 32, 39, 0.005824, 0.009216, 0.030624
600, 32, 40, 0.005728, 0.008192, 0.033792
600, 32, 41, 0.00608, 0.008192, 0.032992
600, 32, 42, 0.005504, 0.009152, 0.031168
600, 32, 43, 0.0056, 0.009216, 0.030528
600, 32, 44, 0.005472, 0.009216, 0.030336
600, 32, 45, 0.006016, 0.008192, 0.03136
600, 32, 46, 0.00544, 0.009024, 0.031072
600, 32, 47, 0.0056, 0.009184, 0.03264
600, 32, 48, 0.005376, 0.009216, 0.030784
600, 32, 49, 0.006048, 0.008192, 0.031104
600, 64, 0, 0.006208, 0.011264, 0.059296
600, 64, 1, 0.005728, 0.011264, 0.059616
600, 64, 2, 0.0064, 0.011264, 0.0592
600, 64, 3, 0.005568, 0.011008, 0.058912
600, 64, 4, 0.005824, 0.011264, 0.058976
600, 64, 5, 0.0056, 0.0112, 0.063392
600, 64, 6, 0.006144, 0.012288, 0.058496
600, 64, 7, 0.00576, 0.011264, 0.054624
600, 64, 8, 0.005376, 0.01136, 0.0568
600, 64, 9, 0.00592, 0.011264, 0.054016
600, 64, 10, 0.005504, 0.011168, 0.055008
600, 64, 11, 0.0056, 0.011072, 0.054752
600, 64, 12, 0.005408, 0.011264, 0.05504
600, 64, 13, 0.005568, 0.011136, 0.054592
600, 64, 14, 0.005696, 0.011072, 0.0592
600, 64, 15, 0.0056, 0.011008, 0.055104
600, 64, 16, 0.006048, 0.01056, 0.05488
600, 64, 17, 0.005568, 0.0112, 0.058816
600, 64, 18, 0.005536, 0.012, 0.058048
600, 64, 19, 0.005664, 0.010912, 0.05504
600, 64, 20, 0.005984, 0.011264, 0.056768
600, 64, 21, 0.005664, 0.0112, 0.05888
600, 64, 22, 0.006176, 0.010528, 0.060128
600, 64, 23, 0.006048, 0.011264, 0.058656
600, 64, 24, 0.006144, 0.011264, 0.058816
600, 64, 25, 0.00592, 0.011904, 0.059392
600, 64, 26, 0.005952, 0.011264, 0.055072
600, 64, 27, 0.005824, 0.01088, 0.059168
600, 64, 28, 0.005728, 0.011264, 0.054816
600, 64, 29, 0.0056, 0.011264, 0.058144
600, 64, 30, 0.005792, 0.011264, 0.058592
600, 64, 31, 0.006112, 0.011264, 0.056544
600, 64, 32, 0.005408, 0.011136, 0.058912
600, 64, 33, 0.005856, 0.011264, 0.054496
600, 64, 34, 0.006016, 0.011264, 0.06288
600, 64, 35, 0.006176, 0.011264, 0.058848
600, 64, 36, 0.005824, 0.011264, 0.054368
600, 64, 37, 0.005568, 0.011264, 0.058784
600, 64, 38, 0.005984, 0.01024, 0.055488
600, 64, 39, 0.005536, 0.011168, 0.05488
600, 64, 40, 0.005888, 0.01024, 0.059008
600, 64, 41, 0.005536, 0.011168, 0.058368
600, 64, 42, 0.005952, 0.01056, 0.055296
600, 64, 43, 0.005472, 0.01136, 0.054848
600, 64, 44, 0.005824, 0.011264, 0.055136
600, 64, 45, 0.005664, 0.011072, 0.054912
600, 64, 46, 0.005952, 0.011264, 0.054688
600, 64, 47, 0.00592, 0.011264, 0.0552
600, 64, 48, 0.006496, 0.01024, 0.059904
600, 64, 49, 0.005536, 0.0112, 0.05456
600, 100, 0, 0.006272, 0.014336, 0.085824
600, 100, 1, 0.00592, 0.014336, 0.087264
600, 100, 2, 0.005504, 0.014432, 0.085376
600, 100, 3, 0.005824, 0.014336, 0.087136
600, 100, 4, 0.0056, 0.014528, 0.087072
600, 100, 5, 0.005568, 0.013952, 0.08688
600, 100, 6, 0.005728, 0.014336, 0.080704
600, 100, 7, 0.005824, 0.014336, 0.087104
600, 100, 8, 0.006144, 0.014336, 0.086976
600, 100, 9, 0.005824, 0.014144, 0.086624
600, 100, 10, 0.005472, 0.014336, 0.081408
600, 100, 11, 0.005504, 0.014336, 0.081376
600, 100, 12, 0.006144, 0.014336, 0.0808
600, 100, 13, 0.006208, 0.014336, 0.087904
600, 100, 14, 0.00608, 0.013312, 0.085216
600, 100, 15, 0.00608, 0.014336, 0.08688
600, 100, 16, 0.005408, 0.014336, 0.086848
600, 100, 17, 0.005792, 0.02048, 0.086912
600, 100, 18, 0.006016, 0.01424, 0.080448
600, 100, 19, 0.006048, 0.013696, 0.082272
600, 100, 20, 0.005728, 0.014336, 0.08096
600, 100, 21, 0.00624, 0.013312, 0.095616
600, 100, 22, 0.005824, 0.014336, 0.08704
600, 100, 23, 0.005696, 0.014432, 0.087808
600, 100, 24, 0.005888, 0.014336, 0.08656
600, 100, 25, 0.006176, 0.014336, 0.087328
600, 100, 26, 0.006048, 0.014336, 0.08208
600, 100, 27, 0.006016, 0.013664, 0.082112
600, 100, 28, 0.006048, 0.014336, 0.084992
600, 100, 29, 0.006208, 0.014336, 0.091488
600, 100, 30, 0.0056, 0.014336, 0.087232
600, 100, 31, 0.00576, 0.014336, 0.086432
600, 100, 32, 0.006976, 0.018208, 0.086464
600, 100, 33, 0.006176, 0.015552, 0.089408
600, 100, 34, 0.006272, 0.014368, 0.089088
600, 100, 35, 0.005824, 0.015328, 0.088352
600, 100, 36, 0.005664, 0.014272, 0.086368
600, 100, 37, 0.005824, 0.014112, 0.087296
600, 100, 38, 0.005632, 0.014336, 0.080736
600, 100, 39, 0.00608, 0.014336, 0.08704
600, 100, 40, 0.005696, 0.014176, 0.081504
600, 100, 41, 0.005792, 0.013984, 0.0816
600, 100, 42, 0.005472, 0.01536, 0.085728
600, 100, 43, 0.005824, 0.014272, 0.080832
600, 100, 44, 0.006272, 0.014336, 0.08064
600, 100, 45, 0.005728, 0.01424, 0.08096
600, 100, 46, 0.005312, 0.014336, 0.087104
600, 100, 47, 0.006048, 0.014336, 0.086784
600, 100, 48, 0.00576, 0.014336, 0.086656
600, 100, 49, 0.006048, 0.014336, 0.08704
600, 200, 0, 0.006496, 0.019456, 0.156672
600, 200, 1, 0.005952, 0.019456, 0.16816
600, 200, 2, 0.006528, 0.01872, 0.1688
600, 200, 3, 0.00608, 0.019456, 0.167616
600, 200, 4, 0.006176, 0.018432, 0.157472
600, 200, 5, 0.00624, 0.019456, 0.168928
600, 200, 6, 0.006176, 0.018816, 0.156128
600, 200, 7, 0.006336, 0.018784, 0.15664
600, 200, 8, 0.00656, 0.019456, 0.156032
600, 200, 9, 0.005888, 0.019456, 0.169152
600, 200, 10, 0.00624, 0.019456, 0.167776
600, 200, 11, 0.006176, 0.019456, 0.167136
600, 200, 12, 0.005888, 0.019456, 0.168672
600, 200, 13, 0.006432, 0.019456, 0.169472
600, 200, 14, 0.006624, 0.018432, 0.168896
600, 200, 15, 0.00624, 0.019456, 0.157312
600, 200, 16, 0.006432, 0.018656, 0.167392
600, 200, 17, 0.00608, 0.019456, 0.16736
600, 200, 18, 0.005792, 0.019456, 0.155936
600, 200, 19, 0.006432, 0.018624, 0.155744
600, 200, 20, 0.005792, 0.019456, 0.155744
600, 200, 21, 0.00912, 0.019456, 0.168128
600, 200, 22, 0.006432, 0.019456, 0.167072
600, 200, 23, 0.006272, 0.019456, 0.155424
600, 200, 24, 0.006656, 0.018592, 0.159872
600, 200, 25, 0.006048, 0.019456, 0.176256
600, 200, 26, 0.00624, 0.019168, 0.16976
600, 200, 27, 0.00624, 0.019456, 0.167424
600, 200, 28, 0.006336, 0.018656, 0.168928
600, 200, 29, 0.0064, 0.019456, 0.169024
600, 200, 30, 0.006112, 0.019456, 0.169088
600, 200, 31, 0.006208, 0.018432, 0.157024
600, 200, 32, 0.005824, 0.019456, 0.15728
600, 200, 33, 0.011936, 0.020096, 0.1592
600, 200, 34, 0.005792, 0.019456, 0.156384
600, 200, 35, 0.0064, 0.018432, 0.169376
600, 200, 36, 0.006304, 0.019552, 0.16944
600, 200, 37, 0.005728, 0.019456, 0.160352
600, 200, 38, 0.006432, 0.019456, 0.16816
600, 200, 39, 0.005696, 0.019648, 0.156928
600, 200, 40, 0.006656, 0.018496, 0.15696
600, 200, 41, 0.006528, 0.018432, 0.160064
600, 200, 42, 0.006176, 0.019456, 0.168064
600, 200, 43, 0.006112, 0.019456, 0.15648
600, 200, 44, 0.0064, 0.019808, 0.169344
600, 200, 45, 0.006304, 0.019456, 0.164512
600, 200, 46, 0.00576, 0.02048, 0.16912
600, 200, 47, 0.0064, 0.018432, 0.156448
600, 200, 48, 0.007712, 0.023552, 0.160704
600, 200, 49, 0.006432, 0.019456, 0.175904
600, 400, 0, 0.007328, 0.033792, 0.309408
600, 400, 1, 0.00656, 0.032768, 0.334752
600, 400, 2, 0.007456, 0.03072, 0.329632
600, 400, 3, 0.007264, 0.031744, 0.30752
600, 400, 4, 0.006816, 0.03072, 0.32672
600, 400, 5, 0.00736, 0.029696, 0.30608
600, 400, 6, 0.006688, 0.03072, 0.330208
600, 400, 7, 0.0072, 0.029696, 0.334432
600, 400, 8, 0.006304, 0.030816, 0.327552
600, 400, 9, 0.006688, 0.031008, 0.3056
600, 400, 10, 0.006656, 0.03072, 0.330688
600, 400, 11, 0.007232, 0.029696, 0.305056
600, 400, 12, 0.006976, 0.029696, 0.334592
600, 400, 13, 0.00736, 0.029696, 0.307296
600, 400, 14, 0.006528, 0.031744, 0.310176
600, 400, 15, 0.006272, 0.030816, 0.32944
600, 400, 16, 0.007264, 0.029696, 0.3056
600, 400, 17, 0.006848, 0.032768, 0.32624
600, 400, 18, 0.007264, 0.029696, 0.327648
600, 400, 19, 0.007168, 0.029696, 0.343008
600, 400, 20, 0.007264, 0.031744, 0.325888
600, 400, 21, 0.0064, 0.032096, 0.327392
600, 400, 22, 0.007008, 0.03072, 0.325952
600, 400, 23, 0.006496, 0.03072, 0.30544
600, 400, 24, 0.006784, 0.03072, 0.329888
600, 400, 25, 0.006368, 0.029888, 0.31248
600, 400, 26, 0.007712, 0.03072, 0.306368
600, 400, 27, 0.006656, 0.029696, 0.33088
600, 400, 28, 0.0064, 0.03072, 0.330944
600, 400, 29, 0.006464, 0.031744, 0.305504
600, 400, 30, 0.007072, 0.029728, 0.327744
600, 400, 31, 0.006912, 0.029696, 0.310496
600, 400, 32, 0.006784, 0.03072, 0.305152
600, 400, 33, 0.006944, 0.03072, 0.304448
600, 400, 34, 0.006656, 0.033952, 0.328896
600, 400, 35, 0.006592, 0.03072, 0.30608
600, 400, 36, 0.00688, 0.031744, 0.308832
600, 400, 37, 0.00672, 0.03072, 0.324256
600, 400, 38, 0.007072, 0.03072, 0.33888
600, 400, 39, 0.006112, 0.032768, 0.325952
600, 400, 40, 0.006432, 0.03072, 0.316576
600, 400, 41, 0.007104, 0.031744, 0.308128
600, 400, 42, 0.005952, 0.031744, 0.345216
600, 400, 43, 0.007872, 0.03072, 0.329344
600, 400, 44, 0.00672, 0.030944, 0.327072
600, 400, 45, 0.007296, 0.03072, 0.307136
600, 400, 46, 0.006752, 0.03072, 0.328192
600, 400, 47, 0.006368, 0.029696, 0.334464
600, 400, 48, 0.006592, 0.031808, 0.3048
600, 400, 49, 0.006784, 0.02976, 0.33472
600, 800, 0, 0.009504, 0.150784, 0.555712
600, 800, 1, 0.008672, 0.132096, 0.672576
600, 800, 2, 0.008608, 0.129024, 0.56528
600, 800, 3, 0.009408, 0.125952, 0.56832
600, 800, 4, 0.0088, 0.125952, 0.527584
600, 800, 5, 0.00832, 0.129024, 0.563008
600, 800, 6, 0.008704, 0.125184, 0.52144
600, 800, 7, 0.008448, 0.126976, 0.56304
600, 800, 8, 0.008544, 0.125952, 0.56704
600, 800, 9, 0.009152, 0.126976, 0.566592
600, 800, 10, 0.008096, 0.125952, 0.56704
600, 800, 11, 0.008768, 0.126976, 0.562912
600, 800, 12, 0.009024, 0.131072, 0.521696
600, 800, 13, 0.008896, 0.126016, 0.566624
600, 800, 14, 0.008672, 0.125952, 0.569696
600, 800, 15, 0.008672, 0.124928, 0.56992
600, 800, 16, 0.008384, 0.124928, 0.525344
600, 800, 17, 0.00864, 0.126976, 0.565344
600, 800, 18, 0.008736, 0.124928, 0.569952
600, 800, 19, 0.008416, 0.12512, 0.571104
600, 800, 20, 0.00912, 0.128, 0.56272
600, 800, 21, 0.008896, 0.126976, 0.567744
600, 800, 22, 0.008672, 0.127008, 0.56512
600, 800, 23, 0.008448, 0.125952, 0.519968
600, 800, 24, 0.009248, 0.124928, 0.562112
600, 800, 25, 0.009024, 0.126976, 0.56368
600, 800, 26, 0.01456, 0.126976, 0.520192
600, 800, 27, 0.00928, 0.124928, 0.564608
600, 800, 28, 0.008352, 0.125952, 0.565376
600, 800, 29, 0.008896, 0.124928, 0.568832
600, 800, 30, 0.008256, 0.125952, 0.569024
600, 800, 31, 0.008256, 0.124928, 0.568576
600, 800, 32, 0.008832, 0.124992, 0.570848
600, 800, 33, 0.008768, 0.126976, 0.570336
600, 800, 34, 0.0088, 0.124928, 0.52208
600, 800, 35, 0.009088, 0.125216, 0.568096
600, 800, 36, 0.008544, 0.125952, 0.520672
600, 800, 37, 0.008384, 0.128, 0.565344
600, 800, 38, 0.008672, 0.125952, 0.56224
600, 800, 39, 0.008384, 0.128, 0.563296
600, 800, 40, 0.008352, 0.131232, 0.564448
600, 800, 41, 0.00848, 0.131072, 0.562816
600, 800, 42, 0.008352, 0.124928, 0.52544
600, 800, 43, 0.008512, 0.125952, 0.56608
600, 800, 44, 0.00816, 0.125952, 0.565024
600, 800, 45, 0.009248, 0.124928, 0.569024
600, 800, 46, 0.008352, 0.125216, 0.524992
600, 800, 47, 0.008832, 0.126976, 0.518496
600, 800, 48, 0.008736, 0.124928, 0.570944
600, 800, 49, 0.008672, 0.125952, 0.566368
600, 1600, 0, 0.009024, 0.130048, 0.5624
600, 1600, 1, 0.008416, 0.12512, 0.565408
600, 1600, 2, 0.008512, 0.125952, 0.561056
600, 1600, 3, 0.011008, 0.157696, 0.655104
600, 1600, 4, 0.009088, 0.131072, 0.563488
600, 1600, 5, 0.009024, 0.128288, 0.563232
600, 1600, 6, 0.008864, 0.127136, 0.566176
600, 1600, 7, 0.008672, 0.128, 0.566592
600, 1600, 8, 0.009152, 0.125952, 0.560352
600, 1600, 9, 0.008416, 0.133504, 0.562528
600, 1600, 10, 0.00864, 0.125952, 0.529568
600, 1600, 11, 0.00832, 0.128, 0.566688
600, 1600, 12, 0.008096, 0.128, 0.564832
600, 1600, 13, 0.008928, 0.125952, 0.525568
600, 1600, 14, 0.009024, 0.124928, 0.568992
600, 1600, 15, 0.00896, 0.125952, 0.572224
600, 1600, 16, 0.008224, 0.12496, 0.52144
600, 1600, 17, 0.008448, 0.130048, 0.563264
600, 1600, 18, 0.008256, 0.126016, 0.525632
600, 1600, 19, 0.00912, 0.12608, 0.5656
600, 1600, 20, 0.009248, 0.125952, 0.564384
600, 1600, 21, 0.009184, 0.124928, 0.566176
600, 1600, 22, 0.008992, 0.126976, 0.561184
600, 1600, 23, 0.009024, 0.130304, 0.520256
600, 1600, 24, 0.008352, 0.126976, 0.520832
600, 1600, 25, 0.009312, 0.130048, 0.561728
600, 1600, 26, 0.008544, 0.137216, 0.52704
600, 1600, 27, 0.008256, 0.135392, 0.52192
600, 1600, 28, 0.008608, 0.125952, 0.566848
600, 1600, 29, 0.008544, 0.125952, 0.56736
600, 1600, 30, 0.009088, 0.125056, 0.52688
600, 1600, 31, 0.00848, 0.128, 0.565952
600, 1600, 32, 0.008896, 0.126976, 0.523488
600, 1600, 33, 0.008352, 0.126976, 0.559424
600, 1600, 34, 0.008064, 0.125952, 0.525632
600, 1600, 35, 0.008512, 0.126976, 0.565408
600, 1600, 36, 0.008832, 0.125952, 0.567424
600, 1600, 37, 0.00896, 0.125952, 0.564384
600, 1600, 38, 0.008448, 0.126976, 0.562432
600, 1600, 39, 0.008704, 0.126976, 0.520864
600, 1600, 40, 0.008576, 0.125952, 0.52544
600, 1600, 41, 0.0088, 0.124928, 0.572704
600, 1600, 42, 0.008416, 0.126976, 0.569152
600, 1600, 43, 0.008736, 0.125952, 0.56784
600, 1600, 44, 0.008672, 0.125216, 0.567552
600, 1600, 45, 0.0088, 0.12528, 0.563168
600, 1600, 46, 0.008608, 0.128, 0.567872
600, 1600, 47, 0.009344, 0.130048, 0.522752
600, 1600, 48, 0.008288, 0.128, 0.566656
600, 1600, 49, 0.008512, 0.126976, 0.51984
600, 3200, 0, 0.009472, 0.13312, 0.571296
600, 3200, 1, 0.008768, 0.127136, 0.571808
600, 3200, 2, 0.00816, 0.127296, 0.519648
600, 3200, 3, 0.008192, 0.128, 0.56112
600, 3200, 4, 0.008672, 0.136192, 0.564832
600, 3200, 5, 0.009504, 0.13008, 0.57888
600, 3200, 6, 0.0088, 0.128192, 0.57808
600, 3200, 7, 0.008896, 0.126976, 0.565088
600, 3200, 8, 0.008768, 0.141408, 0.520224
600, 3200, 9, 0.008352, 0.126976, 0.566624
600, 3200, 10, 0.008224, 0.131072, 0.574816
600, 3200, 11, 0.008832, 0.126976, 0.570176
600, 3200, 12, 0.008896, 0.125024, 0.567232
600, 3200, 13, 0.008864, 0.126976, 0.526848
600, 3200, 14, 0.008224, 0.125952, 0.564832
600, 3200, 15, 0.008992, 0.124928, 0.566816
600, 3200, 16, 0.00928, 0.123904, 0.557952
600, 3200, 17, 0.008864, 0.126976, 0.566208
600, 3200, 18, 0.00848, 0.125952, 0.566912
600, 3200, 19, 0.008864, 0.125952, 0.567936
600, 3200, 20, 0.009088, 0.125952, 0.560608
600, 3200, 21, 0.008992, 0.127008, 0.562784
600, 3200, 22, 0.008608, 0.125952, 0.564096
600, 3200, 23, 0.008192, 0.132096, 0.56144
600, 3200, 24, 0.009024, 0.130048, 0.560736
600, 3200, 25, 0.008992, 0.126976, 0.523776
600, 3200, 26, 0.009088, 0.124928, 0.567712
600, 3200, 27, 0.009056, 0.125216, 0.570784
600, 3200, 28, 0.00896, 0.124928, 0.525696
600, 3200, 29, 0.009024, 0.124928, 0.568384
600, 3200, 30, 0.008032, 0.124928, 0.56176
600, 3200, 31, 0.008064, 0.126976, 0.56464
600, 3200, 32, 0.008928, 0.124928, 0.52032
600, 3200, 33, 0.008608, 0.126976, 0.56272
600, 3200, 34, 0.008384, 0.127136, 0.562336
600, 3200, 35, 0.008736, 0.124928, 0.56576
600, 3200, 36, 0.009088, 0.126976, 0.56048
600, 3200, 37, 0.008768, 0.137216, 0.517824
600, 3200, 38, 0.008384, 0.124928, 0.563584
600, 3200, 39, 0.009248, 0.125952, 0.523872
600, 3200, 40, 0.008896, 0.124928, 0.525728
600, 3200, 41, 0.008672, 0.126976, 0.525632
600, 3200, 42, 0.008256, 0.127072, 0.56096
600, 3200, 43, 0.008576, 0.125952, 0.56464
600, 3200, 44, 0.008864, 0.125952, 0.567072
600, 3200, 45, 0.00848, 0.134144, 0.51984
600, 3200, 46, 0.008224, 0.125952, 0.520576
600, 3200, 47, 0.008928, 0.126976, 0.560224
600, 3200, 48, 0.008128, 0.132096, 0.521312
600, 3200, 49, 0.008672, 0.125952, 0.568096
600, 6400, 0, 0.008736, 0.135168, 0.563744
600, 6400, 1, 0.008384, 0.126976, 0.579072
600, 6400, 2, 0.008704, 0.128, 0.5672
600, 6400, 3, 0.008032, 0.126976, 0.571264
600, 6400, 4, 0.008608, 0.125952, 0.57024
600, 6400, 5, 0.00848, 0.125952, 0.568768
600, 6400, 6, 0.009344, 0.125952, 0.571392
600, 6400, 7, 0.008864, 0.125952, 0.569856
600, 6400, 8, 0.008256, 0.126176, 0.519296
600, 6400, 9, 0.008224, 0.125952, 0.566976
600, 6400, 10, 0.009024, 0.125952, 0.566432
600, 6400, 11, 0.008928, 0.126048, 0.520192
600, 6400, 12, 0.00816, 0.126976, 0.56272
600, 6400, 13, 0.00896, 0.126336, 0.56304
600, 6400, 14, 0.008448, 0.126976, 0.560768
600, 6400, 15, 0.008768, 0.132096, 0.562816
600, 6400, 16, 0.009376, 0.123968, 0.52432
600, 6400, 17, 0.00848, 0.125952, 0.5408
600, 6400, 18, 0.008768, 0.124928, 0.570624
600, 6400, 19, 0.00848, 0.126976, 0.570592
600, 6400, 20, 0.007936, 0.12512, 0.53488
600, 6400, 21, 0.008352, 0.124928, 0.562624
600, 6400, 22, 0.008992, 0.125952, 0.559712
600, 6400, 23, 0.008512, 0.126976, 0.57088
600, 6400, 24, 0.00832, 0.125952, 0.520448
600, 6400, 25, 0.008704, 0.126976, 0.563552
600, 6400, 26, 0.008256, 0.125952, 0.562656
600, 6400, 27, 0.008768, 0.128256, 0.55072
600, 6400, 28, 0.008416, 0.134144, 0.578848
600, 6400, 29, 0.008608, 0.128, 0.567392
600, 6400, 30, 0.00848, 0.125056, 0.565504
600, 6400, 31, 0.008672, 0.126976, 0.572064
600, 6400, 32, 0.008864, 0.125952, 0.569216
600, 6400, 33, 0.008896, 0.126048, 0.571488
600, 6400, 34, 0.009344, 0.124928, 0.573152
600, 6400, 35, 0.008576, 0.125952, 0.570016
600, 6400, 36, 0.01072, 0.124928, 0.521472
600, 6400, 37, 0.008928, 0.124928, 0.56624
600, 6400, 38, 0.008512, 0.124928, 0.55936
600, 6400, 39, 0.008512, 0.128, 0.560768
600, 6400, 40, 0.008992, 0.126272, 0.567616
600, 6400, 41, 0.008672, 0.126976, 0.560608
600, 6400, 42, 0.00816, 0.125952, 0.519904
600, 6400, 43, 0.008864, 0.131296, 0.566304
600, 6400, 44, 0.008608, 0.124256, 0.583648
600, 6400, 45, 0.008352, 0.128096, 0.566368
600, 6400, 46, 0.008544, 0.124928, 0.567264
600, 6400, 47, 0.008992, 0.125952, 0.566976
600, 6400, 48, 0.008544, 0.124928, 0.524864
600, 6400, 49, 0.008544, 0.125312, 0.5656
600, 10000, 0, 0.009056, 0.130048, 0.566944
600, 10000, 1, 0.008384, 0.126976, 0.534752
600, 10000, 2, 0.008256, 0.125312, 0.563168
600, 10000, 3, 0.008448, 0.126976, 0.525408
600, 10000, 4, 0.008384, 0.124928, 0.566944
600, 10000, 5, 0.008416, 0.126976, 0.56448
600, 10000, 6, 0.008512, 0.126976, 0.560896
600, 10000, 7, 0.009248, 0.125952, 0.560832
600, 10000, 8, 0.008864, 0.12736, 0.519136
600, 10000, 9, 0.008384, 0.132096, 0.519328
600, 10000, 10, 0.008064, 0.126112, 0.569216
600, 10000, 11, 0.008928, 0.124928, 0.52592
600, 10000, 12, 0.008896, 0.125952, 0.524064
600, 10000, 13, 0.008608, 0.125952, 0.528736
600, 10000, 14, 0.008064, 0.126016, 0.519232
600, 10000, 15, 0.007968, 0.124928, 0.564864
600, 10000, 16, 0.008832, 0.125152, 0.689536
600, 10000, 17, 0.009216, 0.126976, 0.631872
600, 10000, 18, 0.008448, 0.12704, 0.567392
600, 10000, 19, 0.00864, 0.123968, 0.57056
600, 10000, 20, 0.014304, 0.130048, 0.561344
600, 10000, 21, 0.008608, 0.128, 0.562272
600, 10000, 22, 0.009024, 0.125952, 0.520416
600, 10000, 23, 0.009024, 0.130048, 0.563264
600, 10000, 24, 0.008896, 0.131072, 0.522208
600, 10000, 25, 0.008928, 0.126976, 0.568896
600, 10000, 26, 0.008736, 0.124928, 0.52944
600, 10000, 27, 0.010176, 0.137984, 0.570304
600, 10000, 28, 0.008832, 0.125184, 0.568384
600, 10000, 29, 0.008608, 0.126976, 0.525152
600, 10000, 30, 0.008864, 0.125952, 0.51952
600, 10000, 31, 0.008448, 0.124928, 0.570304
600, 10000, 32, 0.008352, 0.124928, 0.564032
600, 10000, 33, 0.008064, 0.127136, 0.51968
600, 10000, 34, 0.008896, 0.125952, 0.559904
600, 10000, 35, 0.0088, 0.126976, 0.52848
600, 10000, 36, 0.00832, 0.131072, 0.563712
600, 10000, 37, 0.008864, 0.126976, 0.56544
600, 10000, 38, 0.008192, 0.125952, 0.566464
600, 10000, 39, 0.008704, 0.125952, 0.568384
600, 10000, 40, 0.00848, 0.125024, 0.55456
600, 10000, 41, 0.008576, 0.125952, 0.570816
600, 10000, 42, 0.008864, 0.124928, 0.526528
600, 10000, 43, 0.008896, 0.124928, 0.52128
600, 10000, 44, 0.008448, 0.125952, 0.571744
600, 10000, 45, 0.008448, 0.126976, 0.56304
600, 10000, 46, 0.008832, 0.124928, 0.561888
600, 10000, 47, 0.008992, 0.126976, 0.56064
600, 10000, 48, 0.008384, 0.128, 0.568512
600, 10000, 49, 0.008256, 0.129056, 0.562272
501, 1, 0, 0.006624, 0.016384, 0.009856
501, 1, 1, 0.00608, 0.009216, 0.007488
501, 1, 2, 0.005664, 0.008992, 0.00704
501, 1, 3, 0.006208, 0.008192, 0.006464
501, 1, 4, 0.005632, 0.008544, 0.00688
501, 1, 5, 0.005696, 0.008192, 0.006592
501, 1, 6, 0.005504, 0.008192, 0.006848
501, 1, 7, 0.005696, 0.008864, 0.00592
501, 1, 8, 0.006336, 0.008192, 0.0064
501, 1, 9, 0.006016, 0.008192, 0.006464
501, 1, 10, 0.005728, 0.008192, 0.006848
501, 1, 11, 0.005632, 0.008352, 0.006912
501, 1, 12, 0.005312, 0.00912, 0.006272
501, 1, 13, 0.006048, 0.008192, 0.006496
501, 1, 14, 0.005312, 0.008896, 0.006048
501, 1, 15, 0.005344, 0.007904, 0.00736
501, 1, 16, 0.00528, 0.008128, 0.006784
501, 1, 17, 0.005504, 0.008256, 0.006848
501, 1, 18, 0.005856, 0.008192, 0.006272
501, 1, 19, 0.005504, 0.008032, 0.00672
501, 1, 20, 0.005888, 0.008192, 0.0064
501, 1, 21, 0.005504, 0.007968, 0.006912
501, 1, 22, 0.0056, 0.00848, 0.007072
501, 1, 23, 0.005984, 0.008192, 0.006112
501, 1, 24, 0.010304, 0.009216, 0.006528
501, 1, 25, 0.005664, 0.008928, 0.00592
501, 1, 26, 0.005568, 0.008192, 0.006464
501, 1, 27, 0.005312, 0.00832, 0.006368
501, 1, 28, 0.00576, 0.008192, 0.006496
501, 1, 29, 0.005952, 0.008192, 0.006752
501, 1, 30, 0.005728, 0.008192, 0.00672
501, 1, 31, 0.00576, 0.008192, 0.007872
501, 1, 32, 0.007872, 0.012512, 0.009344
501, 1, 33, 0.006432, 0.008352, 0.007232
501, 1, 34, 0.005888, 0.008192, 0.006208
501, 1, 35, 0.005504, 0.008096, 0.006496
501, 1, 36, 0.005344, 0.007872, 0.006848
501, 1, 37, 0.005696, 0.008192, 0.00624
501, 1, 38, 0.005376, 0.007872, 0.007264
501, 1, 39, 0.00544, 0.008064, 0.006944
501, 1, 40, 0.005632, 0.008192, 0.006976
501, 1, 41, 0.005472, 0.008192, 0.006848
501, 1, 42, 0.005664, 0.008192, 0.0064
501, 1, 43, 0.005632, 0.008832, 0.00608
501, 1, 44, 0.0064, 0.007168, 0.006784
501, 1, 45, 0.005824, 0.008352, 0.006848
501, 1, 46, 0.005792, 0.008192, 0.006432
501, 1, 47, 0.005504, 0.008192, 0.0064
501, 1, 48, 0.005216, 0.008224, 0.006528
501, 1, 49, 0.00608, 0.008192, 0.006368
501, 2, 0, 0.005888, 0.008544, 0.00816
501, 2, 1, 0.006048, 0.008544, 0.007392
501, 2, 2, 0.0056, 0.008192, 0.007296
501, 2, 3, 0.005472, 0.008128, 0.006656
501, 2, 4, 0.005856, 0.008192, 0.006976
501, 2, 5, 0.006016, 0.008192, 0.006368
501, 2, 6, 0.005696, 0.008192, 0.006976
501, 2, 7, 0.005472, 0.008064, 0.007104
501, 2, 8, 0.006016, 0.008192, 0.006592
501, 2, 9, 0.005536, 0.008832, 0.006272
501, 2, 10, 0.005408, 0.008192, 0.007296
501, 2, 11, 0.00592, 0.008192, 0.006624
501, 2, 12, 0.00544, 0.00832, 0.00736
501, 2, 13, 0.005664, 0.008192, 0.006816
501, 2, 14, 0.005696, 0.008192, 0.006688
501, 2, 15, 0.005984, 0.008192, 0.006592
501, 2, 16, 0.005312, 0.00832, 0.007392
501, 2, 17, 0.006144, 0.007552, 0.006912
501, 2, 18, 0.005856, 0.008192, 0.006432
501, 2, 19, 0.005728, 0.008192, 0.006464
501, 2, 20, 0.0056, 0.008128, 0.007264
501, 2, 21, 0.005696, 0.008192, 0.006528
501, 2, 22, 0.005536, 0.008128, 0.006944
501, 2, 23, 0.00544, 0.008256, 0.006688
501, 2, 24, 0.00528, 0.008992, 0.006464
501, 2, 25, 0.005632, 0.008192, 0.00656
501, 2, 26, 0.005696, 0.008192, 0.007008
501, 2, 27, 0.00608, 0.008192, 0.00656
501, 2, 28, 0.005856, 0.008192, 0.006784
501, 2, 29, 0.006112, 0.008384, 0.007168
501, 2, 30, 0.00576, 0.008192, 0.006784
501, 2, 31, 0.005568, 0.007968, 0.007296
501, 2, 32, 0.005728, 0.008192, 0.006912
501, 2, 33, 0.005888, 0.008192, 0.00672
501, 2, 34, 0.005632, 0.007872, 0.0072
501, 2, 35, 0.005376, 0.008928, 0.006208
501, 2, 36, 0.005856, 0.008192, 0.00688
501, 2, 37, 0.00544, 0.008864, 0.006144
501, 2, 38, 0.006016, 0.008192, 0.006592
501, 2, 39, 0.005696, 0.008192, 0.007072
501, 2, 40, 0.005408, 0.008832, 0.006848
501, 2, 41, 0.005568, 0.008192, 0.007136
501, 2, 42, 0.005376, 0.008, 0.007328
501, 2, 43, 0.005536, 0.008352, 0.006656
501, 2, 44, 0.005344, 0.008128, 0.007552
501, 2, 45, 0.005696, 0.008192, 0.006656
501, 2, 46, 0.005504, 0.008192, 0.007104
501, 2, 47, 0.005408, 0.008192, 0.00688
501, 2, 48, 0.005312, 0.008224, 0.00688
501, 2, 49, 0.00592, 0.008192, 0.006432
501, 4, 0, 0.005504, 0.00992, 0.008064
501, 4, 1, 0.005664, 0.00848, 0.009152
501, 4, 2, 0.006432, 0.008192, 0.008704
501, 4, 3, 0.006432, 0.008192, 0.008224
501, 4, 4, 0.005536, 0.00896, 0.008384
501, 4, 5, 0.00576, 0.008128, 0.012576
501, 4, 6, 0.005376, 0.009152, 0.00896
501, 4, 7, 0.005408, 0.00848, 0.008896
501, 4, 8, 0.005184, 0.008192, 0.008928
501, 4, 9, 0.006208, 0.007168, 0.009184
501, 4, 10, 0.005376, 0.008992, 0.008
501, 4, 11, 0.005696, 0.008224, 0.00864
501, 4, 12, 0.00576, 0.00816, 0.00864
501, 4, 13, 0.006016, 0.008192, 0.008256
501, 4, 14, 0.005376, 0.008928, 0.00816
501, 4, 15, 0.005504, 0.008288, 0.008896
501, 4, 16, 0.005632, 0.008192, 0.008256
501, 4, 17, 0.006048, 0.008192, 0.008064
501, 4, 18, 0.005408, 0.008416, 0.008544
501, 4, 19, 0.005728, 0.008192, 0.008832
501, 4, 20, 0.005408, 0.008384, 0.00832
501, 4, 21, 0.005856, 0.008192, 0.008448
501, 4, 22, 0.005408, 0.00832, 0.00816
501, 4, 23, 0.00544, 0.007872, 0.009056
501, 4, 24, 0.005504, 0.008192, 0.008928
501, 4, 25, 0.005856, 0.008192, 0.008
501, 4, 26, 0.005696, 0.008192, 0.008448
501, 4, 27, 0.005376, 0.00816, 0.008608
501, 4, 28, 0.005344, 0.008224, 0.008
501, 4, 29, 0.005632, 0.008192, 0.008192
501, 4, 30, 0.0056, 0.008192, 0.008032
501, 4, 31, 0.005824, 0.008192, 0.00816
501, 4, 32, 0.008608, 0.009216, 0.00816
501, 4, 33, 0.005504, 0.009024, 0.008256
501, 4, 34, 0.005888, 0.008192, 0.008128
501, 4, 35, 0.005536, 0.008192, 0.008544
501, 4, 36, 0.005312, 0.008032, 0.008896
501, 4, 37, 0.005984, 0.008192, 0.008096
501, 4, 38, 0.005632, 0.008192, 0.008128
501, 4, 39, 0.005504, 0.008192, 0.008096
501, 4, 40, 0.005568, 0.008192, 0.008608
501, 4, 41, 0.005408, 0.007968, 0.0088
501, 4, 42, 0.005952, 0.008192, 0.007872
501, 4, 43, 0.005792, 0.00832, 0.008352
501, 4, 44, 0.00528, 0.008992, 0.007392
501, 4, 45, 0.005408, 0.008192, 0.0088
501, 4, 46, 0.0056, 0.00832, 0.008256
501, 4, 47, 0.005376, 0.008352, 0.008352
501, 4, 48, 0.00528, 0.008288, 0.008064
501, 4, 49, 0.005472, 0.008384, 0.00832
501, 8, 0, 0.005984, 0.009216, 0.011264
501, 8, 1, 0.00624, 0.008192, 0.011296
501, 8, 2, 0.006496, 0.008192, 0.011456
501, 8, 3, 0.006144, 0.008192, 0.010848
501, 8, 4, 0.005952, 0.008192, 0.010528
501, 8, 5, 0.005824, 0.008192, 0.011232
501, 8, 6, 0.006816, 0.012416, 0.018976
501, 8, 7, 0.00624, 0.009216, 0.01136
501, 8, 8, 0.005472, 0.008992, 0.010208
501, 8, 9, 0.006272, 0.008192, 0.010464
501, 8, 10, 0.005952, 0.008192, 0.01088
501, 8, 11, 0.00608, 0.008192, 0.010752
501, 8, 12, 0.005952, 0.008192, 0.011008
501, 8, 13, 0.005792, 0.008192, 0.010624
501, 8, 14, 0.006048, 0.008192, 0.010816
501, 8, 15, 0.00544, 0.008864, 0.01072
501, 8, 16, 0.005376, 0.008864, 0.010752
501, 8, 17, 0.005664, 0.008192, 0.011424
501, 8, 18, 0.006144, 0.008192, 0.010816
501, 8, 19, 0.006048, 0.008192, 0.010528
501, 8, 20, 0.005376, 0.009024, 0.010368
501, 8, 21, 0.005472, 0.008416, 0.010784
501, 8, 22, 0.005824, 0.008192, 0.01088
501, 8, 23, 0.006176, 0.008192, 0.010496
501, 8, 24, 0.005312, 0.008192, 0.011232
501, 8, 25, 0.005792, 0.008192, 0.010912
501, 8, 26, 0.006624, 0.013216, 0.011904
501, 8, 27, 0.005664, 0.009152, 0.01088
501, 8, 28, 0.005696, 0.008192, 0.01088
501, 8, 29, 0.006048, 0.008192, 0.010816
501, 8, 30, 0.005408, 0.015008, 0.011104
501, 8, 31, 0.00624, 0.008192, 0.01088
501, 8, 32, 0.005728, 0.008192, 0.011456
501, 8, 33, 0.006048, 0.008192, 0.010368
501, 8, 34, 0.006304, 0.008192, 0.011168
501, 8, 35, 0.005984, 0.008192, 0.010752
501, 8, 36, 0.005504, 0.008448, 0.011488
501, 8, 37, 0.005632, 0.007872, 0.011872
501, 8, 38, 0.006016, 0.008192, 0.01136
501, 8, 39, 0.005696, 0.008288, 0.010752
501, 8, 40, 0.005888, 0.008192, 0.010656
501, 8, 41, 0.0056, 0.008256, 0.011328
501, 8, 42, 0.00544, 0.008256, 0.010976
501, 8, 43, 0.006048, 0.008192, 0.011072
501, 8, 44, 0.005664, 0.008288, 0.01152
501, 8, 45, 0.005504, 0.008384, 0.01136
501, 8, 46, 0.005472, 0.007904, 0.01168
501, 8, 47, 0.006432, 0.008192, 0.011008
501, 8, 48, 0.005408, 0.008256, 0.011648
501, 8, 49, 0.00608, 0.008192, 0.010688
501, 16, 0, 0.005568, 0.009216, 0.016896
501, 16, 1, 0.005536, 0.008512, 0.016384
501, 16, 2, 0.005792, 0.009216, 0.01712
501, 16, 3, 0.0056, 0.008896, 0.01664
501, 16, 4, 0.005504, 0.008352, 0.016704
501, 16, 5, 0.005792, 0.008192, 0.016032
501, 16, 6, 0.005664, 0.008192, 0.017664
501, 16, 7, 0.006016, 0.008192, 0.016768
501, 16, 8, 0.005408, 0.008064, 0.016544
501, 16, 9, 0.00608, 0.008192, 0.016
501, 16, 10, 0.00592, 0.008192, 0.016736
501, 16, 11, 0.0056, 0.00816, 0.016576
501, 16, 12, 0.00576, 0.008192, 0.016448
501, 16, 13, 0.005856, 0.008192, 0.016352
501, 16, 14, 0.005792, 0.008192, 0.01568
501, 16, 15, 0.0056, 0.008352, 0.015936
501, 16, 16, 0.005696, 0.008128, 0.01728
501, 16, 17, 0.005472, 0.008928, 0.016192
501, 16, 18, 0.005824, 0.008192, 0.016192
501, 16, 19, 0.005856, 0.008192, 0.016448
501, 16, 20, 0.005696, 0.008192, 0.017216
501, 16, 21, 0.006016, 0.008192, 0.01568
501, 16, 22, 0.005472, 0.008192, 0.02272
501, 16, 23, 0.0064, 0.009216, 0.016768
501, 16, 24, 0.00592, 0.008192, 0.016064
501, 16, 25, 0.005984, 0.008192, 0.016096
501, 16, 26, 0.006144, 0.008192, 0.016672
501, 16, 27, 0.005664, 0.00832, 0.016384
501, 16, 28, 0.00576, 0.008192, 0.016352
501, 16, 29, 0.005984, 0.008192, 0.016288
501, 16, 30, 0.006048, 0.008192, 0.017024
501, 16, 31, 0.006016, 0.010528, 0.017056
501, 16, 32, 0.005824, 0.008576, 0.017248
501, 16, 33, 0.00592, 0.008192, 0.01728
501, 16, 34, 0.005888, 0.008192, 0.0168
501, 16, 35, 0.005568, 0.00832, 0.017088
501, 16, 36, 0.005792, 0.008192, 0.017184
501, 16, 37, 0.006016, 0.008192, 0.017184
501, 16, 38, 0.00592, 0.008192, 0.015968
501, 16, 39, 0.005472, 0.008864, 0.015552
501, 16, 40, 0.005568, 0.008192, 0.017376
501, 16, 41, 0.005856, 0.008192, 0.016128
501, 16, 42, 0.00592, 0.013312, 0.017088
501, 16, 43, 0.006112, 0.008384, 0.017312
501, 16, 44, 0.005408, 0.008832, 0.015744
501, 16, 45, 0.005664, 0.008224, 0.016128
501, 16, 46, 0.00544, 0.008864, 0.016448
501, 16, 47, 0.005632, 0.00832, 0.016224
501, 16, 48, 0.005792, 0.008192, 0.01664
501, 16, 49, 0.00576, 0.008192, 0.016704
501, 32, 0, 0.00624, 0.009216, 0.027488
501, 32, 1, 0.005568, 0.009216, 0.028032
501, 32, 2, 0.00576, 0.008192, 0.028416
501, 32, 3, 0.006016, 0.008192, 0.026208
501, 32, 4, 0.00544, 0.008864, 0.028256
501, 32, 5, 0.00544, 0.00896, 0.026464
501, 32, 6, 0.005952, 0.008192, 0.026912
501, 32, 7, 0.005728, 0.009216, 0.031936
501, 32, 8, 0.006048, 0.009216, 0.027936
501, 32, 9, 0.005504, 0.009184, 0.027488
501, 32, 10, 0.006016, 0.00848, 0.028384
501, 32, 11, 0.00592, 0.009216, 0.026016
501, 32, 12, 0.00544, 0.009216, 0.026432
501, 32, 13, 0.00608, 0.008192, 0.028096
501, 32, 14, 0.00576, 0.008448, 0.027648
501, 32, 15, 0.005856, 0.008192, 0.026656
501, 32, 16, 0.005984, 0.008192, 0.029056
501, 32, 17, 0.00608, 0.008192, 0.026336
501, 32, 18, 0.00592, 0.008192, 0.0272
501, 32, 19, 0.005696, 0.009216, 0.027584
501, 32, 20, 0.005952, 0.008192, 0.02832
501, 32, 21, 0.005504, 0.008544, 0.028
501, 32, 22, 0.005344, 0.009088, 0.02736
501, 32, 23, 0.005696, 0.01104, 0.028768
501, 32, 24, 0.00592, 0.009216, 0.027584
501, 32, 25, 0.00576, 0.008192, 0.026496
501, 32, 26, 0.005888, 0.008192, 0.0288
501, 32, 27, 0.005984, 0.008192, 0.029536
501, 32, 28, 0.006272, 0.01024, 0.028768
501, 32, 29, 0.005824, 0.009216, 0.028128
501, 32, 30, 0.005472, 0.009088, 0.028736
501, 32, 31, 0.005568, 0.009216, 0.027616
501, 32, 32, 0.0056, 0.008448, 0.034272
501, 32, 33, 0.005632, 0.009984, 0.02928
501, 32, 34, 0.00592, 0.008192, 0.028672
501, 32, 35, 0.0064, 0.008192, 0.028384
501, 32, 36, 0.00528, 0.009216, 0.028608
501, 32, 37, 0.006048, 0.008448, 0.027584
501, 32, 38, 0.005504, 0.008512, 0.033728
501, 32, 39, 0.005856, 0.009216, 0.02768
501, 32, 40, 0.005728, 0.009216, 0.027264
501, 32, 41, 0.005696, 0.008512, 0.026816
501, 32, 42, 0.005344, 0.009152, 0.02672
501, 32, 43, 0.00592, 0.008192, 0.028224
501, 32, 44, 0.005408, 0.009216, 0.02624
501, 32, 45, 0.005984, 0.008288, 0.028224
501, 32, 46, 0.00544, 0.009024, 0.028928
501, 32, 47, 0.005888, 0.008192, 0.026528
501, 32, 48, 0.005792, 0.008192, 0.027968
501, 32, 49, 0.005824, 0.008192, 0.02656
501, 64, 0, 0.005696, 0.011264, 0.053472
501, 64, 1, 0.00608, 0.010272, 0.048864
501, 64, 2, 0.005632, 0.0104, 0.046592
501, 64, 3, 0.005568, 0.010976, 0.046144
501, 64, 4, 0.005792, 0.01024, 0.047968
501, 64, 5, 0.005696, 0.010592, 0.050016
501, 64, 6, 0.005664, 0.0104, 0.048992
501, 64, 7, 0.005728, 0.010368, 0.046592
501, 64, 8, 0.005568, 0.010464, 0.046912
501, 64, 9, 0.006176, 0.01024, 0.049504
501, 64, 10, 0.006048, 0.01024, 0.050848
501, 64, 11, 0.005728, 0.01104, 0.05008
501, 64, 12, 0.00608, 0.01024, 0.04944
501, 64, 13, 0.005984, 0.01024, 0.049312
501, 64, 14, 0.005504, 0.010912, 0.049376
501, 64, 15, 0.00608, 0.01024, 0.045728
501, 64, 16, 0.006336, 0.01024, 0.049504
501, 64, 17, 0.005536, 0.011264, 0.046304
501, 64, 18, 0.005568, 0.010016, 0.051008
501, 64, 19, 0.005664, 0.010176, 0.046784
501, 64, 20, 0.005376, 0.011072, 0.045312
501, 64, 21, 0.00608, 0.01024, 0.05568
501, 64, 22, 0.00608, 0.01024, 0.046976
501, 64, 23, 0.006016, 0.01024, 0.04656
501, 64, 24, 0.005824, 0.010912, 0.049312
501, 64, 25, 0.006112, 0.01024, 0.049696
501, 64, 26, 0.006208, 0.01024, 0.05024
501, 64, 27, 0.005952, 0.010304, 0.049792
501, 64, 28, 0.005568, 0.01008, 0.046624
501, 64, 29, 0.005504, 0.010432, 0.05024
501, 64, 30, 0.005568, 0.01024, 0.046464
501, 64, 31, 0.00592, 0.01024, 0.049824
501, 64, 32, 0.008576, 0.01024, 0.050432
501, 64, 33, 0.005952, 0.01024, 0.050496
501, 64, 34, 0.005696, 0.01024, 0.046784
501, 64, 35, 0.005888, 0.00992, 0.050784
501, 64, 36, 0.005504, 0.010432, 0.049312
501, 64, 37, 0.0056, 0.00992, 0.050784
501, 64, 38, 0.005888, 0.01024, 0.046496
501, 64, 39, 0.005504, 0.010048, 0.046688
501, 64, 40, 0.005504, 0.010336, 0.049952
501, 64, 41, 0.005504, 0.0112, 0.0488
501, 64, 42, 0.00576, 0.010304, 0.051488
501, 64, 43, 0.00608, 0.01024, 0.046688
501, 64, 44, 0.005632, 0.010336, 0.050624
501, 64, 45, 0.00592, 0.01024, 0.050464
501, 64, 46, 0.005984, 0.01024, 0.047104
501, 64, 47, 0.005728, 0.010336, 0.046656
501, 64, 48, 0.0064, 0.01024, 0.046496
501, 64, 49, 0.005632, 0.010112, 0.050912
501, 100, 0, 0.006464, 0.013536, 0.071488
501, 100, 1, 0.005824, 0.013312, 0.069344
501, 100, 2, 0.005856, 0.013312, 0.073248
501, 100, 3, 0.006208, 0.012672, 0.073536
501, 100, 4, 0.006112, 0.012672, 0.074976
501, 100, 5, 0.005632, 0.01328, 0.068576
501, 100, 6, 0.006016, 0.013312, 0.074752
501, 100, 7, 0.0056, 0.013216, 0.0736
501, 100, 8, 0.005856, 0.013312, 0.075744
501, 100, 9, 0.005856, 0.013088, 0.0688
501, 100, 10, 0.005952, 0.013312, 0.073856
501, 100, 11, 0.005344, 0.013376, 0.07456
501, 100, 12, 0.005728, 0.013312, 0.073184
501, 100, 13, 0.005632, 0.013312, 0.074304
501, 100, 14, 0.00544, 0.013312, 0.068704
501, 100, 15, 0.005888, 0.013312, 0.077312
501, 100, 16, 0.005792, 0.013504, 0.069152
501, 100, 17, 0.006048, 0.013312, 0.067744
501, 100, 18, 0.005536, 0.013312, 0.069024
501, 100, 19, 0.006272, 0.012288, 0.074816
501, 100, 20, 0.006144, 0.012352, 0.068928
501, 100, 21, 0.005504, 0.013312, 0.068416
501, 100, 22, 0.006144, 0.012416, 0.0744
501, 100, 23, 0.005888, 0.013312, 0.072416
501, 100, 24, 0.006016, 0.013312, 0.069152
501, 100, 25, 0.005632, 0.013312, 0.073344
501, 100, 26, 0.005536, 0.013312, 0.073152
501, 100, 27, 0.005856, 0.013312, 0.066976
501, 100, 28, 0.006368, 0.012416, 0.06864
501, 100, 29, 0.006208, 0.012288, 0.073408
501, 100, 30, 0.006304, 0.012288, 0.074272
501, 100, 31, 0.006272, 0.012512, 0.073856
501, 100, 32, 0.00592, 0.013312, 0.068224
501, 100, 33, 0.005632, 0.013056, 0.068224
501, 100, 34, 0.005824, 0.013312, 0.067872
501, 100, 35, 0.005632, 0.013216, 0.07392
501, 100, 36, 0.006112, 0.012288, 0.068224
501, 100, 37, 0.005696, 0.01296, 0.067904
501, 100, 38, 0.005984, 0.012288, 0.069184
501, 100, 39, 0.005888, 0.013312, 0.07248
501, 100, 40, 0.005856, 0.013312, 0.068704
501, 100, 41, 0.005728, 0.013024, 0.074208
501, 100, 42, 0.00608, 0.013312, 0.073824
501, 100, 43, 0.006048, 0.012512, 0.068224
501, 100, 44, 0.005952, 0.013024, 0.074656
501, 100, 45, 0.005888, 0.01328, 0.069216
501, 100, 46, 0.0064, 0.01264, 0.069536
501, 100, 47, 0.005888, 0.013152, 0.074336
501, 100, 48, 0.006176, 0.012288, 0.069184
501, 100, 49, 0.006208, 0.012416, 0.073984
501, 200, 0, 0.00576, 0.018432, 0.133248
501, 200, 1, 0.006336, 0.016384, 0.143424
501, 200, 2, 0.006016, 0.016672, 0.141856
501, 200, 3, 0.006496, 0.016384, 0.133984
501, 200, 4, 0.00576, 0.017408, 0.136736
501, 200, 5, 0.005952, 0.017408, 0.1328
501, 200, 6, 0.006304, 0.016384, 0.133472
501, 200, 7, 0.006304, 0.016384, 0.14352
501, 200, 8, 0.006336, 0.016384, 0.133792
501, 200, 9, 0.005632, 0.017408, 0.14688
501, 200, 10, 0.006208, 0.016512, 0.133696
501, 200, 11, 0.005632, 0.017408, 0.143552
501, 200, 12, 0.0064, 0.016384, 0.133344
501, 200, 13, 0.006496, 0.016384, 0.13712
501, 200, 14, 0.005632, 0.017408, 0.143008
501, 200, 15, 0.005504, 0.017408, 0.143264
501, 200, 16, 0.005856, 0.016448, 0.132832
501, 200, 17, 0.005888, 0.016384, 0.144928
501, 200, 18, 0.006208, 0.016384, 0.13664
501, 200, 19, 0.006112, 0.017408, 0.141696
501, 200, 20, 0.00592, 0.017408, 0.142944
501, 200, 21, 0.006304, 0.016544, 0.143712
501, 200, 22, 0.006368, 0.016384, 0.146208
501, 200, 23, 0.005792, 0.017408, 0.132224
501, 200, 24, 0.006272, 0.016384, 0.132192
501, 200, 25, 0.006432, 0.016384, 0.13264
501, 200, 26, 0.005952, 0.016608, 0.13344
501, 200, 27, 0.0064, 0.016384, 0.1456
501, 200, 28, 0.006336, 0.01648, 0.142432
501, 200, 29, 0.006464, 0.016384, 0.142592
501, 200, 30, 0.00608, 0.016512, 0.14688
501, 200, 31, 0.005536, 0.017408, 0.146144
501, 200, 32, 0.006176, 0.017408, 0.131776
501, 200, 33, 0.005952, 0.017408, 0.132256
501, 200, 34, 0.005888, 0.016768, 0.14224
501, 200, 35, 0.006336, 0.016384, 0.131968
501, 200, 36, 0.00608, 0.016384, 0.137152
501, 200, 37, 0.006816, 0.016384, 0.132224
501, 200, 38, 0.005824, 0.01648, 0.142496
501, 200, 39, 0.005696, 0.017408, 0.142656
501, 200, 40, 0.005728, 0.016384, 0.132832
501, 200, 41, 0.005632, 0.017408, 0.142464
501, 200, 42, 0.006112, 0.016384, 0.141408
501, 200, 43, 0.006144, 0.016384, 0.13552
501, 200, 44, 0.00592, 0.017408, 0.131904
501, 200, 45, 0.00608, 0.016384, 0.132896
501, 200, 46, 0.00576, 0.017408, 0.132224
501, 200, 47, 0.006144, 0.016512, 0.133504
501, 200, 48, 0.005664, 0.017408, 0.140672
501, 200, 49, 0.005856, 0.016384, 0.13312
501, 400, 0, 0.006688, 0.026624, 0.258336
501, 400, 1, 0.006784, 0.024576, 0.258912
501, 400, 2, 0.006944, 0.02384, 0.281056
501, 400, 3, 0.006624, 0.024704, 0.260096
501, 400, 4, 0.006656, 0.024576, 0.281376
501, 400, 5, 0.006464, 0.0256, 0.257888
501, 400, 6, 0.0072, 0.023552, 0.258848
501, 400, 7, 0.007424, 0.023552, 0.2816
501, 400, 8, 0.00688, 0.0256, 0.274688
501, 400, 9, 0.007264, 0.023552, 0.276
501, 400, 10, 0.007392, 0.024576, 0.2584
501, 400, 11, 0.0064, 0.024576, 0.260128
501, 400, 12, 0.007392, 0.023552, 0.263104
501, 400, 13, 0.007008, 0.023552, 0.259104
501, 400, 14, 0.006784, 0.024576, 0.26464
501, 400, 15, 0.006432, 0.0256, 0.258112
501, 400, 16, 0.00688, 0.024576, 0.257632
501, 400, 17, 0.006688, 0.024576, 0.26256
501, 400, 18, 0.006784, 0.024576, 0.2584
501, 400, 19, 0.007136, 0.024576, 0.259712
501, 400, 20, 0.00688, 0.024672, 0.279488
501, 400, 21, 0.00688, 0.024576, 0.27808
501, 400, 22, 0.006752, 0.0256, 0.279424
501, 400, 23, 0.007424, 0.024576, 0.258144
501, 400, 24, 0.007072, 0.023552, 0.277568
501, 400, 25, 0.00704, 0.024768, 0.277536
501, 400, 26, 0.007328, 0.023552, 0.258272
501, 400, 27, 0.007072, 0.024576, 0.2808
501, 400, 28, 0.00672, 0.0256, 0.258432
501, 400, 29, 0.007008, 0.024576, 0.259648
501, 400, 30, 0.0064, 0.0256, 0.258976
501, 400, 31, 0.006304, 0.024576, 0.278784
501, 400, 32, 0.006912, 0.024576, 0.282112
501, 400, 33, 0.006912, 0.0256, 0.258336
501, 400, 34, 0.007008, 0.023552, 0.258464
501, 400, 35, 0.007456, 0.024576, 0.279392
501, 400, 36, 0.007136, 0.02368, 0.259616
501, 400, 37, 0.007168, 0.023616, 0.283136
501, 400, 38, 0.007136, 0.024576, 0.259456
501, 400, 39, 0.00688, 0.024576, 0.260224
501, 400, 40, 0.007296, 0.023552, 0.278784
501, 400, 41, 0.006784, 0.023936, 0.27696
501, 400, 42, 0.007136, 0.023552, 0.283648
501, 400, 43, 0.006912, 0.0248, 0.260928
501, 400, 44, 0.006592, 0.024896, 0.277024
501, 400, 45, 0.006816, 0.024576, 0.278816
501, 400, 46, 0.00672, 0.024576, 0.259104
501, 400, 47, 0.006432, 0.024576, 0.266528
501, 400, 48, 0.00672, 0.0256, 0.27824
501, 400, 49, 0.006816, 0.024576, 0.258432
501, 800, 0, 0.008736, 0.13312, 0.464288
501, 800, 1, 0.008576, 0.119808, 0.481472
501, 800, 2, 0.008992, 0.126112, 0.485888
501, 800, 3, 0.008128, 0.116832, 0.49056
501, 800, 4, 0.008256, 0.115712, 0.490432
501, 800, 5, 0.0088, 0.115712, 0.482688
501, 800, 6, 0.008608, 0.115712, 0.485184
501, 800, 7, 0.008896, 0.113664, 0.483744
501, 800, 8, 0.008768, 0.115712, 0.485312
501, 800, 9, 0.008288, 0.119808, 0.48416
501, 800, 10, 0.008416, 0.116896, 0.491232
501, 800, 11, 0.008416, 0.115712, 0.452576
501, 800, 12, 0.008928, 0.114688, 0.487456
501, 800, 13, 0.0088, 0.114688, 0.48496
501, 800, 14, 0.008512, 0.115744, 0.481792
501, 800, 15, 0.008928, 0.118784, 0.448864
501, 800, 16, 0.009024, 0.114688, 0.488256
501, 800, 17, 0.009056, 0.114688, 0.487968
501, 800, 18, 0.008736, 0.114688, 0.489472
501, 800, 19, 0.008768, 0.113792, 0.486464
501, 800, 20, 0.008736, 0.114688, 0.488064
501, 800, 21, 0.008224, 0.123904, 0.486144
501, 800, 22, 0.008608, 0.114688, 0.487776
501, 800, 23, 0.008672, 0.114688, 0.48768
501, 800, 24, 0.008704, 0.11488, 0.487648
501, 800, 25, 0.008608, 0.11472, 0.4504
501, 800, 26, 0.008768, 0.116736, 0.49296
501, 800, 27, 0.008992, 0.114688, 0.48448
501, 800, 28, 0.008864, 0.113664, 0.488768
501, 800, 29, 0.008352, 0.114688, 0.489152
501, 800, 30, 0.00896, 0.114688, 0.472352
501, 800, 31, 0.008512, 0.115712, 0.491392
501, 800, 32, 0.008832, 0.113664, 0.447648
501, 800, 33, 0.00912, 0.115712, 0.481312
501, 800, 34, 0.008384, 0.115712, 0.452384
501, 800, 35, 0.008256, 0.114688, 0.490464
501, 800, 36, 0.008608, 0.115712, 0.490464
501, 800, 37, 0.009024, 0.114688, 0.490016
501, 800, 38, 0.008224, 0.11488, 0.589312
501, 800, 39, 0.009056, 0.115712, 0.501408
501, 800, 40, 0.009472, 0.116736, 0.497792
501, 800, 41, 0.00864, 0.12288, 0.50064
501, 800, 42, 0.008864, 0.115712, 0.570816
501, 800, 43, 0.00816, 0.115712, 0.454528
501, 800, 44, 0.0088, 0.114848, 0.480768
501, 800, 45, 0.008544, 0.11472, 0.482112
501, 800, 46, 0.008512, 0.114688, 0.485216
501, 800, 47, 0.008192, 0.11776, 0.47968
501, 800, 48, 0.009376, 0.118784, 0.48416
501, 800, 49, 0.00864, 0.114688, 0.489376
501, 1600, 0, 0.008576, 0.121856, 1.29885
501, 1600, 1, 0.008224, 0.11776, 0.487616
501, 1600, 2, 0.009376, 0.113664, 0.449344
501, 1600, 3, 0.00864, 0.115712, 0.485216
501, 1600, 4, 0.00896, 0.119808, 0.485248
501, 1600, 5, 0.0088, 0.11472, 0.454432
501, 1600, 6, 0.009088, 0.114688, 0.493504
501, 1600, 7, 0.008288, 0.115968, 0.488384
501, 1600, 8, 0.008928, 0.114688, 0.486656
501, 1600, 9, 0.009056, 0.116736, 0.483008
501, 1600, 10, 0.008352, 0.120832, 0.50016
501, 1600, 11, 0.009824, 0.122816, 0.492736
501, 1600, 12, 0.008608, 0.115712, 0.490912
501, 1600, 13, 0.00864, 0.121024, 0.48992
501, 1600, 14, 0.0088, 0.114784, 0.451136
501, 1600, 15, 0.00864, 0.114688, 0.48464
501, 1600, 16, 0.008832, 0.116736, 0.48496
501, 1600, 17, 0.017024, 0.143488, 0.481408
501, 1600, 18, 0.008672, 0.119808, 0.491776
501, 1600, 19, 0.008736, 0.11776, 0.494336
501, 1600, 20, 0.008672, 0.116736, 0.489056
501, 1600, 21, 0.008416, 0.115712, 0.457376
501, 1600, 22, 0.008288, 0.114688, 0.484064
501, 1600, 23, 0.009184, 0.114688, 0.483904
501, 1600, 24, 0.009088, 0.120832, 0.463776
501, 1600, 25, 0.008864, 0.116736, 0.487584
501, 1600, 26, 0.008288, 0.115712, 0.485088
501, 1600, 27, 0.00896, 0.11264, 0.490304
501, 1600, 28, 0.008544, 0.114688, 0.484288
501, 1600, 29, 0.008896, 0.115712, 0.482848
501, 1600, 30, 0.008928, 0.115712, 0.48304
501, 1600, 31, 0.008704, 0.113664, 0.455328
501, 1600, 32, 0.008864, 0.115712, 0.454912
501, 1600, 33, 0.008768, 0.114048, 0.486624
501, 1600, 34, 0.008928, 0.113664, 0.484672
501, 1600, 35, 0.00928, 0.114688, 0.449024
501, 1600, 36, 0.00816, 0.123904, 0.485952
501, 1600, 37, 0.008736, 0.112992, 0.454688
501, 1600, 38, 0.008896, 0.113664, 0.455648
501, 1600, 39, 0.00864, 0.11776, 0.490656
501, 1600, 40, 0.008896, 0.116736, 0.485888
501, 1600, 41, 0.00912, 0.113664, 0.487552
501, 1600, 42, 0.0088, 0.115872, 0.483584
501, 1600, 43, 0.009184, 0.114688, 0.487296
501, 1600, 44, 0.009024, 0.115712, 0.488448
501, 1600, 45, 0.00864, 0.113952, 0.48976
501, 1600, 46, 0.009248, 0.113696, 0.491488
501, 1600, 47, 0.009056, 0.113664, 0.494272
501, 1600, 48, 0.008832, 0.117888, 0.447968
501, 1600, 49, 0.008224, 0.116736, 0.484512
501, 3200, 0, 0.00864, 0.124256, 0.483776
501, 3200, 1, 0.007968, 0.115904, 0.489792
501, 3200, 2, 0.008384, 0.116736, 0.489024
501, 3200, 3, 0.00912, 0.114688, 0.484224
501, 3200, 4, 0.008672, 0.115712, 0.482336
501, 3200, 5, 0.009216, 0.115712, 0.482976
501, 3200, 6, 0.00896, 0.115712, 0.44848
501, 3200, 7, 0.00864, 0.114688, 0.490464
501, 3200, 8, 0.008096, 0.116736, 0.451232
501, 3200, 9, 0.008992, 0.113856, 0.490784
501, 3200, 10, 0.008608, 0.114688, 0.454592
501, 3200, 11, 0.008736, 0.115712, 0.485312
501, 3200, 12, 0.008576, 0.121856, 0.446912
501, 3200, 13, 0.00832, 0.114752, 0.4544
501, 3200, 14, 0.008704, 0.115712, 0.486592
501, 3200, 15, 0.008384, 0.114688, 0.456256
501, 3200, 16, 0.008896, 0.115712, 0.485024
501, 3200, 17, 0.008736, 0.115712, 0.484672
501, 3200, 18, 0.008704, 0.124928, 0.450912
501, 3200, 19, 0.008768, 0.115008, 0.454304
501, 3200, 20, 0.008256, 0.114688, 0.489568
501, 3200, 21, 0.008064, 0.114688, 0.492224
501, 3200, 22, 0.009088, 0.114688, 0.488032
501, 3200, 23, 0.008288, 0.11888, 0.485216
501, 3200, 24, 0.008672, 0.121856, 0.482912
501, 3200, 25, 0.009056, 0.113664, 0.490112
501, 3200, 26, 0.009056, 0.114688, 0.455456
501, 3200, 27, 0.008608, 0.114688, 0.486368
501, 3200, 28, 0.008064, 0.114688, 0.483008
501, 3200, 29, 0.009152, 0.11392, 0.447872
501, 3200, 30, 0.008544, 0.121856, 0.48496
501, 3200, 31, 0.00848, 0.113664, 0.452864
501, 3200, 32, 0.009088, 0.113664, 0.489216
501, 3200, 33, 0.008992, 0.113664, 0.485248
501, 3200, 34, 0.008768, 0.114688, 0.48384
501, 3200, 35, 0.00864, 0.114688, 0.482816
501, 3200, 36, 0.00864, 0.116736, 0.48384
501, 3200, 37, 0.008256, 0.113664, 0.491072
501, 3200, 38, 0.008576, 0.115712, 0.49184
501, 3200, 39, 0.008384, 0.114688, 0.480864
501, 3200, 40, 0.008896, 0.113664, 0.483072
501, 3200, 41, 0.008992, 0.113664, 0.481312
501, 3200, 42, 0.008832, 0.115712, 0.448192
501, 3200, 43, 0.008608, 0.113664, 0.490112
501, 3200, 44, 0.008576, 0.114688, 0.488704
501, 3200, 45, 0.008896, 0.114688, 0.447936
501, 3200, 46, 0.008224, 0.114688, 0.486048
501, 3200, 47, 0.008416, 0.114016, 0.4488
501, 3200, 48, 0.008736, 0.116736, 0.483168
501, 3200, 49, 0.00912, 0.114016, 0.452704
501, 6400, 0, 0.008544, 0.11984, 0.4872
501, 6400, 1, 0.008448, 0.114688, 0.486368
501, 6400, 2, 0.008448, 0.11472, 0.606208
501, 6400, 3, 0.009408, 0.115712, 0.498816
501, 6400, 4, 0.009536, 0.116, 0.607552
501, 6400, 5, 0.0088, 0.114688, 0.448608
501, 6400, 6, 0.008128, 0.115712, 0.484544
501, 6400, 7, 0.008192, 0.120832, 0.486272
501, 6400, 8, 0.008448, 0.114688, 0.488768
501, 6400, 9, 0.008992, 0.114688, 0.454464
501, 6400, 10, 0.008704, 0.113664, 0.485984
501, 6400, 11, 0.008896, 0.115712, 0.480768
501, 6400, 12, 0.009184, 0.115808, 0.485376
501, 6400, 13, 0.008992, 0.114688, 0.452608
501, 6400, 14, 0.008672, 0.113792, 0.486368
501, 6400, 15, 0.0088, 0.113664, 0.491776
501, 6400, 16, 0.008128, 0.114688, 0.448928
501, 6400, 17, 0.008288, 0.114688, 0.483488
501, 6400, 18, 0.00896, 0.115712, 0.482752
501, 6400, 19, 0.008416, 0.115712, 0.482048
501, 6400, 20, 0.00912, 0.113664, 0.49056
501, 6400, 21, 0.008256, 0.115712, 0.487936
501, 6400, 22, 0.008448, 0.11264, 0.490272
501, 6400, 23, 0.008672, 0.115072, 0.486336
501, 6400, 24, 0.008512, 0.114688, 0.481952
501, 6400, 25, 0.008608, 0.115712, 0.451744
501, 6400, 26, 0.009024, 0.113664, 0.487872
501, 6400, 27, 0.008224, 0.115712, 0.470112
501, 6400, 28, 0.009568, 0.114976, 0.488992
501, 6400, 29, 0.008832, 0.114688, 0.487808
501, 6400, 30, 0.008832, 0.113664, 0.48416
501, 6400, 31, 0.009184, 0.114688, 0.487488
501, 6400, 32, 0.00832, 0.121856, 0.4848
501, 6400, 33, 0.008672, 0.114816, 0.49264
501, 6400, 34, 0.008736, 0.113664, 0.487648
501, 6400, 35, 0.00864, 0.114688, 0.485376
501, 6400, 36, 0.008704, 0.114784, 0.485632
501, 6400, 37, 0.008256, 0.114688, 0.483392
501, 6400, 38, 0.008864, 0.114688, 0.486688
501, 6400, 39, 0.008672, 0.113664, 0.488544
501, 6400, 40, 0.008512, 0.11392, 0.492832
501, 6400, 41, 0.00864, 0.119808, 0.491008
501, 6400, 42, 0.008192, 0.115712, 0.500384
501, 6400, 43, 0.008704, 0.115712, 0.44704
501, 6400, 44, 0.009568, 0.114688, 0.482272
501, 6400, 45, 0.008928, 0.12288, 0.487168
501, 6400, 46, 0.008288, 0.114688, 0.49024
501, 6400, 47, 0.008512, 0.113664, 0.490176
501, 6400, 48, 0.008864, 0.113664, 0.451136
501, 6400, 49, 0.008288, 0.115712, 0.480576
501, 10000, 0, 0.009216, 0.117792, 0.484224
501, 10000, 1, 0.00816, 0.11584, 0.453728
501, 10000, 2, 0.008992, 0.120832, 0.48496
501, 10000, 3, 0.008832, 0.114688, 0.490272
501, 10000, 4, 0.008288, 0.118784, 0.497984
501, 10000, 5, 0.008864, 0.116736, 0.449408
501, 10000, 6, 0.009024, 0.115776, 0.488
501, 10000, 7, 0.00896, 0.115808, 0.481056
501, 10000, 8, 0.00848, 0.114688, 0.448928
501, 10000, 9, 0.008608, 0.113792, 0.489664
501, 10000, 10, 0.008544, 0.114848, 0.490784
501, 10000, 11, 0.008448, 0.114688, 0.485184
501, 10000, 12, 0.008864, 0.114688, 0.449216
501, 10000, 13, 0.008416, 0.114976, 0.481344
501, 10000, 14, 0.008352, 0.116736, 0.449984
501, 10000, 15, 0.008224, 0.114688, 0.490336
501, 10000, 16, 0.008672, 0.113664, 0.489952
501, 10000, 17, 0.008384, 0.114688, 0.448128
501, 10000, 18, 0.008736, 0.114688, 0.485536
501, 10000, 19, 0.008512, 0.116736, 0.451168
501, 10000, 20, 0.00848, 0.115712, 0.452064
501, 10000, 21, 0.008288, 0.114688, 0.454176
501, 10000, 22, 0.009088, 0.114688, 0.490944
501, 10000, 23, 0.008672, 0.114688, 0.460704
501, 10000, 24, 0.00864, 0.113664, 0.450336
501, 10000, 25, 0.008192, 0.115712, 0.484192
501, 10000, 26, 0.008192, 0.120832, 0.483424
501, 10000, 27, 0.0088, 0.114688, 0.48896
501, 10000, 28, 0.008736, 0.114688, 0.45248
501, 10000, 29, 0.008512, 0.114688, 0.453728
501, 10000, 30, 0.008256, 0.116736, 0.485952
501, 10000, 31, 0.00848, 0.115712, 0.481376
501, 10000, 32, 0.008864, 0.119808, 0.448512
501, 10000, 33, 0.008032, 0.11472, 0.454368
501, 10000, 34, 0.008128, 0.114688, 0.454304
501, 10000, 35, 0.009024, 0.1128, 0.44896
501, 10000, 36, 0.00832, 0.113664, 0.48528
501, 10000, 37, 0.008416, 0.115712, 0.485216
501, 10000, 38, 0.008704, 0.114688, 0.453536
501, 10000, 39, 0.009024, 0.114688, 0.488896
501, 10000, 40, 0.008224, 0.114688, 0.490656
501, 10000, 41, 0.008992, 0.113856, 0.489504
501, 10000, 42, 0.008928, 0.115712, 0.484096
501, 10000, 43, 0.009088, 0.114688, 0.485056
501, 10000, 44, 0.00896, 0.119072, 0.480832
501, 10000, 45, 0.008416, 0.115424, 0.490592
501, 10000, 46, 0.008384, 0.115712, 0.489312
501, 10000, 47, 0.009024, 0.113664, 0.486304
501, 10000, 48, 0.008544, 0.114688, 0.486624
501, 10000, 49, 0.008608, 0.114688, 0.451232
399, 1, 0, 0.006848, 0.02144, 0.00992
399, 1, 1, 0.007808, 0.011552, 0.00912
399, 1, 2, 0.006176, 0.008192, 0.0072
399, 1, 3, 0.006112, 0.008192, 0.006656
399, 1, 4, 0.00544, 0.00832, 0.00656
399, 1, 5, 0.006176, 0.008192, 0.00656
399, 1, 6, 0.005824, 0.008192, 0.00704
399, 1, 7, 0.005952, 0.009216, 0.00704
399, 1, 8, 0.005408, 0.007904, 0.006848
399, 1, 9, 0.00576, 0.008192, 0.006464
399, 1, 10, 0.005824, 0.008192, 0.006368
399, 1, 11, 0.005984, 0.008192, 0.005856
399, 1, 12, 0.005568, 0.008192, 0.00624
399, 1, 13, 0.005472, 0.008192, 0.006656
399, 1, 14, 0.00544, 0.00816, 0.006816
399, 1, 15, 0.005472, 0.00816, 0.010624
399, 1, 16, 0.006304, 0.009216, 0.00704
399, 1, 17, 0.005568, 0.00832, 0.00656
399, 1, 18, 0.005728, 0.008192, 0.00592
399, 1, 19, 0.00576, 0.008, 0.012896
399, 1, 20, 0.005984, 0.008192, 0.006496
399, 1, 21, 0.005472, 0.008064, 0.006432
399, 1, 22, 0.00592, 0.008192, 0.006048
399, 1, 23, 0.005792, 0.008192, 0.005888
399, 1, 24, 0.005568, 0.008192, 0.006656
399, 1, 25, 0.006144, 0.007168, 0.006528
399, 1, 26, 0.005344, 0.008, 0.00656
399, 1, 27, 0.006048, 0.007456, 0.0064
399, 1, 28, 0.006112, 0.007424, 0.00656
399, 1, 29, 0.00544, 0.00784, 0.006624
399, 1, 30, 0.0056, 0.008192, 0.00672
399, 1, 31, 0.005696, 0.008192, 0.006368
399, 1, 32, 0.005984, 0.008192, 0.006304
399, 1, 33, 0.005888, 0.008192, 0.005888
399, 1, 34, 0.005696, 0.008192, 0.006432
399, 1, 35, 0.00544, 0.008288, 0.006304
399, 1, 36, 0.00528, 0.008032, 0.00656
399, 1, 37, 0.00544, 0.007904, 0.00688
399, 1, 38, 0.005728, 0.008192, 0.006368
399, 1, 39, 0.005376, 0.011264, 0.011616
399, 1, 40, 0.005728, 0.00912, 0.007776
399, 1, 41, 0.005568, 0.008192, 0.006432
399, 1, 42, 0.005248, 0.008224, 0.006496
399, 1, 43, 0.005408, 0.008032, 0.007424
399, 1, 44, 0.005344, 0.008064, 0.00656
399, 1, 45, 0.00592, 0.008192, 0.006112
399, 1, 46, 0.005536, 0.008192, 0.006272
399, 1, 47, 0.005472, 0.008192, 0.006336
399, 1, 48, 0.01248, 0.011008, 0.007456
399, 1, 49, 0.006112, 0.008192, 0.006016
399, 2, 0, 0.005632, 0.009216, 0.007328
399, 2, 1, 0.005568, 0.00816, 0.007232
399, 2, 2, 0.005408, 0.00896, 0.00672
399, 2, 3, 0.005536, 0.008928, 0.006144
399, 2, 4, 0.006016, 0.008192, 0.006816
399, 2, 5, 0.005536, 0.007904, 0.007328
399, 2, 6, 0.0056, 0.008192, 0.007552
399, 2, 7, 0.005568, 0.008064, 0.0072
399, 2, 8, 0.005024, 0.009216, 0.006624
399, 2, 9, 0.006272, 0.008192, 0.006688
399, 2, 10, 0.005632, 0.008256, 0.00688
399, 2, 11, 0.005472, 0.008128, 0.0072
399, 2, 12, 0.00512, 0.009216, 0.006272
399, 2, 13, 0.006208, 0.008192, 0.006272
399, 2, 14, 0.005984, 0.007168, 0.007456
399, 2, 15, 0.005376, 0.008832, 0.006112
399, 2, 16, 0.005472, 0.008224, 0.007104
399, 2, 17, 0.005984, 0.008032, 0.006944
399, 2, 18, 0.005536, 0.00816, 0.006976
399, 2, 19, 0.005664, 0.008288, 0.007168
399, 2, 20, 0.00592, 0.008192, 0.006656
399, 2, 21, 0.005824, 0.008192, 0.00688
399, 2, 22, 0.005568, 0.008192, 0.007584
399, 2, 23, 0.006048, 0.008192, 0.006464
399, 2, 24, 0.005984, 0.008192, 0.00672
399, 2, 25, 0.005792, 0.013312, 0.007264
399, 2, 26, 0.005728, 0.008192, 0.006976
399, 2, 27, 0.005472, 0.008288, 0.006624
399, 2, 28, 0.005504, 0.008192, 0.006656
399, 2, 29, 0.005536, 0.008192, 0.006592
399, 2, 30, 0.005792, 0.008192, 0.006976
399, 2, 31, 0.005504, 0.008192, 0.00688
399, 2, 32, 0.005312, 0.008128, 0.007456
399, 2, 33, 0.00544, 0.008192, 0.006912
399, 2, 34, 0.005408, 0.008128, 0.006976
399, 2, 35, 0.00608, 0.008192, 0.006176
399, 2, 36, 0.005376, 0.008992, 0.00656
399, 2, 37, 0.005536, 0.008288, 0.007136
399, 2, 38, 0.005376, 0.008, 0.007168
399, 2, 39, 0.005472, 0.007904, 0.007136
399, 2, 40, 0.005408, 0.008864, 0.006592
399, 2, 41, 0.005824, 0.008192, 0.0072
399, 2, 42, 0.005376, 0.007936, 0.007424
399, 2, 43, 0.005856, 0.008192, 0.0064
399, 2, 44, 0.005312, 0.008864, 0.007072
399, 2, 45, 0.006048, 0.007168, 0.007296
399, 2, 46, 0.00608, 0.007552, 0.006912
399, 2, 47, 0.005568, 0.00784, 0.007328
399, 2, 48, 0.005888, 0.008192, 0.006784
399, 2, 49, 0.00544, 0.007936, 0.00704
399, 4, 0, 0.006272, 0.009216, 0.008032
399, 4, 1, 0.005952, 0.008192, 0.008192
399, 4, 2, 0.010944, 0.008512, 0.008608
399, 4, 3, 0.005632, 0.008192, 0.008096
399, 4, 4, 0.005472, 0.008192, 0.007648
399, 4, 5, 0.0056, 0.008192, 0.008064
399, 4, 6, 0.0056, 0.00832, 0.008032
399, 4, 7, 0.0056, 0.00816, 0.008032
399, 4, 8, 0.005344, 0.00832, 0.007968
399, 4, 9, 0.005952, 0.008192, 0.007712
399, 4, 10, 0.005728, 0.008192, 0.008
399, 4, 11, 0.005696, 0.007904, 0.00832
399, 4, 12, 0.005472, 0.008, 0.00832
399, 4, 13, 0.005504, 0.008864, 0.007296
399, 4, 14, 0.005376, 0.008096, 0.008224
399, 4, 15, 0.00544, 0.007936, 0.008768
399, 4, 16, 0.00576, 0.008192, 0.007584
399, 4, 17, 0.005664, 0.008192, 0.008256
399, 4, 18, 0.00544, 0.008, 0.008288
399, 4, 19, 0.005568, 0.008288, 0.008288
399, 4, 20, 0.00544, 0.008, 0.00832
399, 4, 21, 0.006272, 0.007168, 0.008576
399, 4, 22, 0.005408, 0.008288, 0.008
399, 4, 23, 0.005472, 0.008064, 0.00832
399, 4, 24, 0.005824, 0.008192, 0.007648
399, 4, 25, 0.00592, 0.008192, 0.007328
399, 4, 26, 0.005344, 0.008192, 0.008
399, 4, 27, 0.005504, 0.008256, 0.010528
399, 4, 28, 0.00528, 0.008352, 0.007552
399, 4, 29, 0.006016, 0.008192, 0.00832
399, 4, 30, 0.005696, 0.008352, 0.007936
399, 4, 31, 0.005696, 0.008192, 0.007648
399, 4, 32, 0.005984, 0.008192, 0.007488
399, 4, 33, 0.005568, 0.008192, 0.007936
399, 4, 34, 0.005664, 0.008192, 0.007424
399, 4, 35, 0.005472, 0.008192, 0.008256
399, 4, 36, 0.005632, 0.008128, 0.007712
399, 4, 37, 0.005408, 0.008928, 0.00784
399, 4, 38, 0.005696, 0.008192, 0.007936
399, 4, 39, 0.005888, 0.008192, 0.0072
399, 4, 40, 0.005312, 0.008096, 0.00784
399, 4, 41, 0.005664, 0.008192, 0.00784
399, 4, 42, 0.005824, 0.008192, 0.007456
399, 4, 43, 0.005472, 0.008128, 0.007904
399, 4, 44, 0.006656, 0.012288, 0.012544
399, 4, 45, 0.005696, 0.009152, 0.009248
399, 4, 46, 0.005504, 0.008192, 0.008064
399, 4, 47, 0.005536, 0.008512, 0.007968
399, 4, 48, 0.005856, 0.008192, 0.007616
399, 4, 49, 0.00592, 0.008192, 0.0072
399, 8, 0, 0.005664, 0.010144, 0.010144
399, 8, 1, 0.005856, 0.008352, 0.010944
399, 8, 2, 0.005632, 0.008256, 0.010976
399, 8, 3, 0.00592, 0.008192, 0.013888
399, 8, 4, 0.005568, 0.008864, 0.010336
399, 8, 5, 0.006048, 0.008192, 0.01024
399, 8, 6, 0.005344, 0.008192, 0.009888
399, 8, 7, 0.006048, 0.008192, 0.010336
399, 8, 8, 0.00544, 0.008352, 0.01008
399, 8, 9, 0.005952, 0.008192, 0.009984
399, 8, 10, 0.005728, 0.008192, 0.010368
399, 8, 11, 0.006016, 0.008192, 0.01008
399, 8, 12, 0.005472, 0.009024, 0.009632
399, 8, 13, 0.005696, 0.008544, 0.01008
399, 8, 14, 0.005216, 0.00816, 0.010272
399, 8, 15, 0.0056, 0.008192, 0.010048
399, 8, 16, 0.005536, 0.008192, 0.00992
399, 8, 17, 0.005504, 0.009216, 0.010208
399, 8, 18, 0.005664, 0.008192, 0.010496
399, 8, 19, 0.005504, 0.008288, 0.010624
399, 8, 20, 0.005504, 0.007904, 0.010496
399, 8, 21, 0.005728, 0.008928, 0.009984
399, 8, 22, 0.005696, 0.008192, 0.009888
399, 8, 23, 0.005856, 0.008192, 0.01104
399, 8, 24, 0.005824, 0.008192, 0.009952
399, 8, 25, 0.006976, 0.012512, 0.017408
399, 8, 26, 0.006272, 0.009216, 0.010976
399, 8, 27, 0.005472, 0.009152, 0.010112
399, 8, 28, 0.007424, 0.00912, 0.010656
399, 8, 29, 0.005504, 0.008064, 0.010944
399, 8, 30, 0.00576, 0.008224, 0.010656
399, 8, 31, 0.005472, 0.008832, 0.010592
399, 8, 32, 0.005984, 0.008192, 0.009984
399, 8, 33, 0.005664, 0.007968, 0.010848
399, 8, 34, 0.005792, 0.008192, 0.009984
399, 8, 35, 0.005728, 0.008192, 0.01008
399, 8, 36, 0.005408, 0.008192, 0.010528
399, 8, 37, 0.005472, 0.008192, 0.011936
399, 8, 38, 0.005664, 0.009984, 0.01168
399, 8, 39, 0.005536, 0.009184, 0.010432
399, 8, 40, 0.005824, 0.008192, 0.010112
399, 8, 41, 0.005856, 0.008448, 0.011232
399, 8, 42, 0.005472, 0.008384, 0.010208
399, 8, 43, 0.005472, 0.008288, 0.010336
399, 8, 44, 0.005472, 0.008864, 0.010144
399, 8, 45, 0.00592, 0.008192, 0.010112
399, 8, 46, 0.005952, 0.008192, 0.010144
399, 8, 47, 0.005664, 0.008192, 0.010016
399, 8, 48, 0.005696, 0.008192, 0.010528
399, 8, 49, 0.0056, 0.00832, 0.010336
399, 16, 0, 0.008096, 0.011328, 0.015776
399, 16, 1, 0.006016, 0.00848, 0.015168
399, 16, 2, 0.00576, 0.008192, 0.014848
399, 16, 3, 0.005952, 0.008192, 0.014464
399, 16, 4, 0.00544, 0.008416, 0.01424
399, 16, 5, 0.006272, 0.009216, 0.014784
399, 16, 6, 0.005504, 0.008416, 0.015264
399, 16, 7, 0.005536, 0.008192, 0.014208
399, 16, 8, 0.005536, 0.008192, 0.014784
399, 16, 9, 0.005696, 0.008192, 0.014208
399, 16, 10, 0.005952, 0.008192, 0.014144
399, 16, 11, 0.005504, 0.008256, 0.014368
399, 16, 12, 0.00576, 0.008192, 0.014592
399, 16, 13, 0.005568, 0.008288, 0.014528
399, 16, 14, 0.005984, 0.008192, 0.014816
399, 16, 15, 0.006272, 0.008192, 0.014592
399, 16, 16, 0.005344, 0.008448, 0.01456
399, 16, 17, 0.00592, 0.008192, 0.0192
399, 16, 18, 0.005568, 0.010016, 0.014752
399, 16, 19, 0.005856, 0.008192, 0.01488
399, 16, 20, 0.005376, 0.016384, 0.014944
399, 16, 21, 0.005536, 0.008928, 0.013856
399, 16, 22, 0.005408, 0.008992, 0.013344
399, 16, 23, 0.00592, 0.008192, 0.014112
399, 16, 24, 0.006304, 0.008192, 0.01392
399, 16, 25, 0.006016, 0.008192, 0.01424
399, 16, 26, 0.005824, 0.008192, 0.014336
399, 16, 27, 0.005984, 0.008192, 0.013856
399, 16, 28, 0.007072, 0.013312, 0.022688
399, 16, 29, 0.006368, 0.009216, 0.015168
399, 16, 30, 0.005472, 0.00832, 0.014656
399, 16, 31, 0.005536, 0.008256, 0.014496
399, 16, 32, 0.005504, 0.008256, 0.014208
399, 16, 33, 0.00544, 0.008192, 0.015456
399, 16, 34, 0.00544, 0.00832, 0.01456
399, 16, 35, 0.00576, 0.008384, 0.014336
399, 16, 36, 0.005664, 0.008192, 0.01504
399, 16, 37, 0.005408, 0.008992, 0.014528
399, 16, 38, 0.005696, 0.008192, 0.014272
399, 16, 39, 0.005888, 0.008256, 0.015008
399, 16, 40, 0.005312, 0.008192, 0.014624
399, 16, 41, 0.0064, 0.009216, 0.016096
399, 16, 42, 0.005696, 0.008192, 0.01504
399, 16, 43, 0.005792, 0.008384, 0.014368
399, 16, 44, 0.00528, 0.008416, 0.015072
399, 16, 45, 0.006016, 0.008192, 0.0144
399, 16, 46, 0.005664, 0.008192, 0.0144
399, 16, 47, 0.005792, 0.008192, 0.015104
399, 16, 48, 0.00608, 0.008192, 0.014688
399, 16, 49, 0.005696, 0.008224, 0.015456
399, 32, 0, 0.006688, 0.01024, 0.027776
399, 32, 1, 0.006048, 0.009312, 0.023904
399, 32, 2, 0.00544, 0.009056, 0.023552
399, 32, 3, 0.005824, 0.008576, 0.022976
399, 32, 4, 0.00544, 0.009024, 0.022336
399, 32, 5, 0.005632, 0.008192, 0.024416
399, 32, 6, 0.005376, 0.008832, 0.022432
399, 32, 7, 0.01152, 0.009216, 0.024448
399, 32, 8, 0.00544, 0.00896, 0.023616
399, 32, 9, 0.006144, 0.008192, 0.022464
399, 32, 10, 0.00592, 0.008192, 0.023072
399, 32, 11, 0.005888, 0.008192, 0.023584
399, 32, 12, 0.006048, 0.008192, 0.022912
399, 32, 13, 0.005792, 0.008192, 0.024672
399, 32, 14, 0.005824, 0.008192, 0.023072
399, 32, 15, 0.005536, 0.008192, 0.022976
399, 32, 16, 0.005344, 0.008096, 0.023456
399, 32, 17, 0.005504, 0.009216, 0.021984
399, 32, 18, 0.005504, 0.008, 0.02304
399, 32, 19, 0.005632, 0.009216, 0.023584
399, 32, 20, 0.005408, 0.00896, 0.032768
399, 32, 21, 0.005856, 0.01104, 0.023712
399, 32, 22, 0.006048, 0.008192, 0.022784
399, 32, 23, 0.005568, 0.008128, 0.025248
399, 32, 24, 0.005632, 0.009024, 0.024352
399, 32, 25, 0.006112, 0.008192, 0.022528
399, 32, 26, 0.005504, 0.008928, 0.024032
399, 32, 27, 0.005664, 0.00848, 0.02432
399, 32, 28, 0.005536, 0.00848, 0.028448
399, 32, 29, 0.007072, 0.012288, 0.02832
399, 32, 30, 0.005984, 0.01024, 0.026304
399, 32, 31, 0.006016, 0.01024, 0.023968
399, 32, 32, 0.005824, 0.009216, 0.025088
399, 32, 33, 0.005792, 0.010016, 0.023872
399, 32, 34, 0.006336, 0.012288, 0.025856
399, 32, 35, 0.00608, 0.009216, 0.027232
399, 32, 36, 0.005728, 0.009248, 0.025376
399, 32, 37, 0.005984, 0.01024, 0.02416
399, 32, 38, 0.0056, 0.01104, 0.024224
399, 32, 39, 0.005952, 0.009344, 0.024448
399, 32, 40, 0.005664, 0.01024, 0.024192
399, 32, 41, 0.006208, 0.012224, 0.025184
399, 32, 42, 0.005888, 0.008192, 0.028544
399, 32, 43, 0.005568, 0.009184, 0.025952
399, 32, 44, 0.005952, 0.009216, 0.0256
399, 32, 45, 0.006656, 0.009216, 0.02448
399, 32, 46, 0.005984, 0.008192, 0.022816
399, 32, 47, 0.005056, 0.009216, 0.024032
399, 32, 48, 0.005408, 0.010144, 0.024672
399, 32, 49, 0.0056, 0.009152, 0.023264
399, 64, 0, 0.006592, 0.02048, 0.040256
399, 64, 1, 0.006528, 0.01024, 0.040192
399, 64, 2, 0.0056, 0.010048, 0.040608
399, 64, 3, 0.00624, 0.009216, 0.041504
399, 64, 4, 0.005664, 0.01008, 0.038368
399, 64, 5, 0.005536, 0.010176, 0.040512
399, 64, 6, 0.005664, 0.009984, 0.0392
399, 64, 7, 0.0056, 0.010208, 0.04096
399, 64, 8, 0.005472, 0.009888, 0.041792
399, 64, 9, 0.005632, 0.009984, 0.03936
399, 64, 10, 0.005536, 0.01024, 0.038656
399, 64, 11, 0.006144, 0.009216, 0.041344
399, 64, 12, 0.006112, 0.01024, 0.042016
399, 64, 13, 0.00592, 0.010016, 0.041024
399, 64, 14, 0.006016, 0.009216, 0.041216
399, 64, 15, 0.005792, 0.009504, 0.038944
399, 64, 16, 0.005632, 0.01024, 0.040672
399, 64, 17, 0.00576, 0.01024, 0.04064
399, 64, 18, 0.006016, 0.009568, 0.03856
399, 64, 19, 0.00592, 0.009216, 0.04288
399, 64, 20, 0.005696, 0.01024, 0.042208
399, 64, 21, 0.006368, 0.011488, 0.04368
399, 64, 22, 0.006176, 0.011264, 0.04368
399, 64, 23, 0.011776, 0.013312, 0.04192
399, 64, 24, 0.005952, 0.011072, 0.040384
399, 64, 25, 0.00656, 0.011264, 0.040096
399, 64, 26, 0.005824, 0.010944, 0.04528
399, 64, 27, 0.00592, 0.011264, 0.044096
399, 64, 28, 0.007104, 0.013312, 0.04176
399, 64, 29, 0.005696, 0.010496, 0.038272
399, 64, 30, 0.005664, 0.0104, 0.042656
399, 64, 31, 0.007104, 0.01264, 0.046176
399, 64, 32, 0.006304, 0.01024, 0.04512
399, 64, 33, 0.007456, 0.011264, 0.041824
399, 64, 34, 0.006208, 0.011264, 0.041568
399, 64, 35, 0.005888, 0.011264, 0.04288
399, 64, 36, 0.005792, 0.011264, 0.044352
399, 64, 37, 0.007136, 0.01264, 0.04192
399, 64, 38, 0.006272, 0.01024, 0.041216
399, 64, 39, 0.006912, 0.01152, 0.042912
399, 64, 40, 0.005632, 0.01104, 0.046752
399, 64, 41, 0.006912, 0.013504, 0.040352
399, 64, 42, 0.005664, 0.011104, 0.04
399, 64, 43, 0.005728, 0.011168, 0.04336
399, 64, 44, 0.005728, 0.011264, 0.052736
399, 64, 45, 0.005888, 0.014336, 0.042112
399, 64, 46, 0.005792, 0.012, 0.04448
399, 64, 47, 0.006144, 0.012096, 0.039424
399, 64, 48, 0.005952, 0.01024, 0.045728
399, 64, 49, 0.00592, 0.011072, 0.044384
399, 100, 0, 0.006464, 0.013312, 0.073152
399, 100, 1, 0.00608, 0.012992, 0.064512
399, 100, 2, 0.006432, 0.012288, 0.058048
399, 100, 3, 0.006848, 0.011264, 0.064576
399, 100, 4, 0.006432, 0.012288, 0.06496
399, 100, 5, 0.007136, 0.014016, 0.06192
399, 100, 6, 0.005952, 0.012288, 0.061824
399, 100, 7, 0.005952, 0.012288, 0.063584
399, 100, 8, 0.005824, 0.011136, 0.061952
399, 100, 9, 0.006208, 0.01312, 0.061696
399, 100, 10, 0.005568, 0.011552, 0.058464
399, 100, 11, 0.006368, 0.011264, 0.061728
399, 100, 12, 0.0064, 0.012288, 0.062112
399, 100, 13, 0.00576, 0.012288, 0.061632
399, 100, 14, 0.006752, 0.011264, 0.065856
399, 100, 15, 0.005696, 0.012288, 0.063168
399, 100, 16, 0.005888, 0.011264, 0.057376
399, 100, 17, 0.006464, 0.011264, 0.06752
399, 100, 18, 0.00576, 0.013312, 0.061632
399, 100, 19, 0.005856, 0.012288, 0.0576
399, 100, 20, 0.00592, 0.011264, 0.061984
399, 100, 21, 0.005792, 0.012288, 0.05616
399, 100, 22, 0.005792, 0.011456, 0.060288
399, 100, 23, 0.006432, 0.011264, 0.061152
399, 100, 24, 0.006496, 0.012288, 0.064288
399, 100, 25, 0.006752, 0.012288, 0.069312
399, 100, 26, 0.006368, 0.012288, 0.062016
399, 100, 27, 0.00624, 0.01024, 0.0616
399, 100, 28, 0.006112, 0.011264, 0.062016
399, 100, 29, 0.006688, 0.014368, 0.058784
399, 100, 30, 0.005952, 0.011264, 0.062336
399, 100, 31, 0.006176, 0.011264, 0.06112
399, 100, 32, 0.00624, 0.011584, 0.057696
399, 100, 33, 0.005888, 0.012288, 0.060928
399, 100, 34, 0.010912, 0.011904, 0.061824
399, 100, 35, 0.005472, 0.012288, 0.057376
399, 100, 36, 0.006112, 0.013984, 0.0624
399, 100, 37, 0.005632, 0.012352, 0.060608
399, 100, 38, 0.006048, 0.011488, 0.061216
399, 100, 39, 0.006304, 0.010592, 0.057536
399, 100, 40, 0.00544, 0.011424, 0.057952
399, 100, 41, 0.006304, 0.012288, 0.06272
399, 100, 42, 0.005952, 0.012288, 0.062336
399, 100, 43, 0.00576, 0.012352, 0.05696
399, 100, 44, 0.005472, 0.01152, 0.061792
399, 100, 45, 0.005632, 0.012224, 0.060192
399, 100, 46, 0.006272, 0.011264, 0.057952
399, 100, 47, 0.005984, 0.012288, 0.056032
399, 100, 48, 0.005696, 0.011264, 0.060288
399, 100, 49, 0.005888, 0.011264, 0.063264
399, 200, 0, 0.006848, 0.01536, 0.116288
399, 200, 1, 0.006592, 0.013472, 0.117504
399, 200, 2, 0.006432, 0.013312, 0.11616
399, 200, 3, 0.006656, 0.014336, 0.108448
399, 200, 4, 0.006112, 0.013312, 0.115584
399, 200, 5, 0.005888, 0.014336, 0.108544
399, 200, 6, 0.005504, 0.014336, 0.108032
399, 200, 7, 0.006304, 0.013312, 0.236704
399, 200, 8, 0.006144, 0.01536, 0.119904
399, 200, 9, 0.006752, 0.013312, 0.120512
399, 200, 10, 0.006752, 0.013312, 0.110816
399, 200, 11, 0.006208, 0.014336, 0.120832
399, 200, 12, 0.006464, 0.014336, 0.107776
399, 200, 13, 0.00656, 0.013312, 0.116128
399, 200, 14, 0.00608, 0.013312, 0.116352
399, 200, 15, 0.005504, 0.014336, 0.124736
399, 200, 16, 0.006336, 0.014336, 0.119072
399, 200, 17, 0.006656, 0.01536, 0.11712
399, 200, 18, 0.005856, 0.013504, 0.10752
399, 200, 19, 0.005792, 0.014336, 0.116544
399, 200, 20, 0.006368, 0.014336, 0.114144
399, 200, 21, 0.006016, 0.013632, 0.108128
399, 200, 22, 0.005728, 0.014336, 0.115968
399, 200, 23, 0.006432, 0.014336, 0.114944
399, 200, 24, 0.005952, 0.013664, 0.108128
399, 200, 25, 0.006112, 0.013312, 0.116768
399, 200, 26, 0.00544, 0.014464, 0.11472
399, 200, 27, 0.012128, 0.014016, 0.11648
399, 200, 28, 0.006176, 0.013312, 0.107808
399, 200, 29, 0.005888, 0.013312, 0.108672
399, 200, 30, 0.005984, 0.01344, 0.108032
399, 200, 31, 0.006016, 0.013312, 0.107808
399, 200, 32, 0.0064, 0.013312, 0.119776
399, 200, 33, 0.00608, 0.014336, 0.115136
399, 200, 34, 0.0064, 0.013312, 0.116224
399, 200, 35, 0.006432, 0.013312, 0.110336
399, 200, 36, 0.00608, 0.013312, 0.108
399, 200, 37, 0.005632, 0.014336, 0.117792
399, 200, 38, 0.00624, 0.014336, 0.107456
399, 200, 39, 0.0064, 0.013312, 0.11584
399, 200, 40, 0.006528, 0.013312, 0.107968
399, 200, 41, 0.006528, 0.013312, 0.11712
399, 200, 42, 0.0056, 0.013312, 0.10816
399, 200, 43, 0.006304, 0.013344, 0.11696
399, 200, 44, 0.005856, 0.01536, 0.108896
399, 200, 45, 0.006304, 0.013312, 0.108032
399, 200, 46, 0.005568, 0.013312, 0.117568
399, 200, 47, 0.005888, 0.0144, 0.115744
399, 200, 48, 0.005632, 0.019616, 0.10784
399, 200, 49, 0.006112, 0.013312, 0.116128
399, 400, 0, 0.006784, 0.018432, 0.2344
399, 400, 1, 0.006656, 0.018432, 0.218432
399, 400, 2, 0.006816, 0.017632, 0.227136
399, 400, 3, 0.006944, 0.016384, 0.225856
399, 400, 4, 0.00624, 0.017408, 0.225728
399, 400, 5, 0.006912, 0.016384, 0.228224
399, 400, 6, 0.007168, 0.016384, 0.227328
399, 400, 7, 0.006912, 0.017408, 0.227936
399, 400, 8, 0.007008, 0.016384, 0.231712
399, 400, 9, 0.006624, 0.018432, 0.234816
399, 400, 10, 0.00768, 0.020608, 0.234112
399, 400, 11, 0.006528, 0.018464, 0.228256
399, 400, 12, 0.007072, 0.017408, 0.234496
399, 400, 13, 0.007104, 0.017408, 0.22784
399, 400, 14, 0.006912, 0.016384, 0.226144
399, 400, 15, 0.0072, 0.016384, 0.243264
399, 400, 16, 0.007488, 0.019744, 0.222752
399, 400, 17, 0.006944, 0.018432, 0.238432
399, 400, 18, 0.00672, 0.018432, 0.23488
399, 400, 19, 0.007456, 0.017408, 0.236
399, 400, 20, 0.006752, 0.018432, 0.24224
399, 400, 21, 0.007392, 0.017408, 0.2408
399, 400, 22, 0.006496, 0.019456, 0.228736
399, 400, 23, 0.006848, 0.01648, 0.235904
399, 400, 24, 0.007264, 0.016384, 0.211968
399, 400, 25, 0.0064, 0.016672, 0.212064
399, 400, 26, 0.007296, 0.016384, 0.236
399, 400, 27, 0.006784, 0.017568, 0.226816
399, 400, 28, 0.006688, 0.016384, 0.227104
399, 400, 29, 0.0072, 0.016384, 0.24016
399, 400, 30, 0.006816, 0.018432, 0.226912
399, 400, 31, 0.006912, 0.016384, 0.228288
399, 400, 32, 0.006944, 0.016576, 0.228992
399, 400, 33, 0.00672, 0.016384, 0.21312
399, 400, 34, 0.006944, 0.016384, 0.227552
399, 400, 35, 0.00704, 0.017408, 0.212
399, 400, 36, 0.007488, 0.016384, 0.21472
399, 400, 37, 0.007392, 0.016384, 0.211904
399, 400, 38, 0.00704, 0.016384, 0.213952
399, 400, 39, 0.006784, 0.016384, 0.227488
399, 400, 40, 0.007232, 0.016384, 0.228576
399, 400, 41, 0.007616, 0.017408, 0.230368
399, 400, 42, 0.006848, 0.016384, 0.225664
399, 400, 43, 0.00656, 0.016704, 0.211392
399, 400, 44, 0.0064, 0.017408, 0.227936
399, 400, 45, 0.00656, 0.016384, 0.213376
399, 400, 46, 0.006976, 0.016384, 0.229664
399, 400, 47, 0.006272, 0.017408, 0.228288
399, 400, 48, 0.006816, 0.016384, 0.22816
399, 400, 49, 0.006624, 0.017568, 0.22144
399, 800, 0, 0.008992, 0.029696, 0.411104
399, 800, 1, 0.008096, 0.027648, 0.416384
399, 800, 2, 0.008256, 0.027648, 0.40464
399, 800, 3, 0.008352, 0.025824, 0.406848
399, 800, 4, 0.008544, 0.026624, 0.386848
399, 800, 5, 0.009472, 0.027648, 0.419392
399, 800, 6, 0.008736, 0.028672, 0.407072
399, 800, 7, 0.008288, 0.027648, 0.415296
399, 800, 8, 0.008512, 0.026624, 0.408352
399, 800, 9, 0.008096, 0.026624, 0.408128
399, 800, 10, 0.008096, 0.026624, 0.40928
399, 800, 11, 0.008864, 0.0256, 0.412224
399, 800, 12, 0.008544, 0.0256, 0.393344
399, 800, 13, 0.008576, 0.027968, 0.407552
399, 800, 14, 0.008256, 0.0256, 0.408672
399, 800, 15, 0.009184, 0.0256, 0.388576
399, 800, 16, 0.008384, 0.027648, 0.409632
399, 800, 17, 0.008192, 0.026752, 0.38448
399, 800, 18, 0.008416, 0.0256, 0.378848
399, 800, 19, 0.008128, 0.026624, 0.379936
399, 800, 20, 0.008512, 0.0256, 0.411264
399, 800, 21, 0.008736, 0.027648, 0.395328
399, 800, 22, 0.008448, 0.026624, 0.414048
399, 800, 23, 0.00832, 0.026624, 0.417952
399, 800, 24, 0.00848, 0.026752, 0.42016
399, 800, 25, 0.009216, 0.027648, 0.4128
399, 800, 26, 0.007936, 0.027648, 0.377664
399, 800, 27, 0.008, 0.026624, 0.382336
399, 800, 28, 0.008032, 0.026624, 0.378912
399, 800, 29, 0.008288, 0.026624, 0.378176
399, 800, 30, 0.008704, 0.0256, 0.410496
399, 800, 31, 0.00928, 0.029696, 0.383744
399, 800, 32, 0.008032, 0.026624, 0.414752
399, 800, 33, 0.00912, 0.027648, 0.403744
399, 800, 34, 0.007904, 0.026624, 0.409824
399, 800, 35, 0.00864, 0.0256, 0.414208
399, 800, 36, 0.008928, 0.026624, 0.410048
399, 800, 37, 0.008768, 0.025696, 0.387328
399, 800, 38, 0.008288, 0.026624, 0.408576
399, 800, 39, 0.008736, 0.026624, 0.377728
399, 800, 40, 0.008736, 0.0256, 0.389248
399, 800, 41, 0.007968, 0.027648, 0.404832
399, 800, 42, 0.008608, 0.028672, 0.403456
399, 800, 43, 0.00864, 0.028672, 0.406624
399, 800, 44, 0.009152, 0.025952, 0.40704
399, 800, 45, 0.008544, 0.0256, 0.384608
399, 800, 46, 0.008096, 0.026624, 0.409472
399, 800, 47, 0.008032, 0.026624, 0.39008
399, 800, 48, 0.008704, 0.027648, 0.422464
399, 800, 49, 0.00848, 0.028672, 0.403424
399, 1600, 0, 0.009408, 0.029856, 0.4096
399, 1600, 1, 0.008608, 0.026624, 0.411456
399, 1600, 2, 0.007968, 0.026624, 0.378688
399, 1600, 3, 0.008704, 0.0256, 0.392544
399, 1600, 4, 0.008384, 0.026656, 0.40496
399, 1600, 5, 0.008768, 0.026816, 0.41152
399, 1600, 6, 0.008704, 0.0256, 0.384224
399, 1600, 7, 0.00864, 0.026688, 0.37696
399, 1600, 8, 0.0088, 0.0256, 0.409024
399, 1600, 9, 0.008096, 0.0256, 0.377504
399, 1600, 10, 0.008832, 0.026624, 0.415168
399, 1600, 11, 0.007904, 0.028672, 0.407712
399, 1600, 12, 0.008128, 0.027648, 0.404416
399, 1600, 13, 0.00832, 0.0256, 0.407328
399, 1600, 14, 0.009344, 0.027648, 0.4168
399, 1600, 15, 0.008064, 0.026624, 0.414336
399, 1600, 16, 0.00848, 0.026624, 0.415872
399, 1600, 17, 0.008768, 0.027648, 0.405696
399, 1600, 18, 0.008448, 0.026624, 0.404352
399, 1600, 19, 0.009056, 0.024576, 0.38112
399, 1600, 20, 0.008096, 0.027648, 0.40624
399, 1600, 21, 0.008448, 0.02592, 0.387392
399, 1600, 22, 0.008352, 0.026784, 0.409024
399, 1600, 23, 0.00928, 0.0256, 0.409184
399, 1600, 24, 0.00912, 0.024576, 0.413664
399, 1600, 25, 0.008128, 0.027648, 0.4056
399, 1600, 26, 0.008032, 0.0256, 0.411968
399, 1600, 27, 0.00832, 0.026624, 0.413088
399, 1600, 28, 0.009504, 0.03072, 0.407168
399, 1600, 29, 0.008096, 0.026624, 0.410208
399, 1600, 30, 0.00864, 0.0256, 0.40704
399, 1600, 31, 0.008736, 0.025632, 0.407296
399, 1600, 32, 0.008736, 0.0256, 0.381376
399, 1600, 33, 0.00896, 0.0256, 0.417216
399, 1600, 34, 0.008576, 0.0256, 0.41424
399, 1600, 35, 0.008352, 0.025728, 0.406752
399, 1600, 36, 0.008832, 0.0256, 0.415328
399, 1600, 37, 0.008416, 0.026624, 0.415232
399, 1600, 38, 0.008288, 0.027648, 0.416672
399, 1600, 39, 0.008192, 0.027648, 0.415136
399, 1600, 40, 0.008192, 0.026752, 0.413856
399, 1600, 41, 0.007936, 0.026624, 0.406368
399, 1600, 42, 0.007968, 0.02576, 0.411872
399, 1600, 43, 0.008096, 0.026624, 0.377472
399, 1600, 44, 0.008128, 0.024576, 0.42144
399, 1600, 45, 0.008128, 0.028672, 0.40912
399, 1600, 46, 0.00816, 0.0256, 0.407136
399, 1600, 47, 0.008384, 0.02592, 0.410208
399, 1600, 48, 0.008, 0.026624, 0.405824
399, 1600, 49, 0.008512, 0.025696, 0.38736
399, 3200, 0, 0.009248, 0.027872, 0.411936
399, 3200, 1, 0.008064, 0.026624, 0.377952
399, 3200, 2, 0.00864, 0.025856, 0.387936
399, 3200, 3, 0.008448, 0.026624, 0.41296
399, 3200, 4, 0.008064, 0.026624, 0.405024
399, 3200, 5, 0.008064, 0.026624, 0.409728
399, 3200, 6, 0.008544, 0.0256, 0.407872
399, 3200, 7, 0.0088, 0.0256, 0.388096
399, 3200, 8, 0.008416, 0.028672, 0.411616
399, 3200, 9, 0.008512, 0.027648, 0.395104
399, 3200, 10, 0.007968, 0.027648, 0.3856
399, 3200, 11, 0.008672, 0.026624, 0.408256
399, 3200, 12, 0.008032, 0.028672, 0.405504
399, 3200, 13, 0.008352, 0.024576, 0.381728
399, 3200, 14, 0.008832, 0.026624, 0.386368
399, 3200, 15, 0.008864, 0.026624, 0.415456
399, 3200, 16, 0.008768, 0.026624, 0.378784
399, 3200, 17, 0.008416, 0.026624, 0.377184
399, 3200, 18, 0.008192, 0.0256, 0.380224
399, 3200, 19, 0.008096, 0.0256, 0.408192
399, 3200, 20, 0.008544, 0.027648, 0.412128
399, 3200, 21, 0.00816, 0.026624, 0.379584
399, 3200, 22, 0.008352, 0.026624, 0.408032
399, 3200, 23, 0.008544, 0.025632, 0.379296
399, 3200, 24, 0.008832, 0.024576, 0.41248
399, 3200, 25, 0.007776, 0.026624, 0.416736
399, 3200, 26, 0.007872, 0.027648, 0.406016
399, 3200, 27, 0.008, 0.028672, 0.39392
399, 3200, 28, 0.008352, 0.026816, 0.527744
399, 3200, 29, 0.009216, 0.02992, 0.398784
399, 3200, 30, 0.009024, 0.0256, 0.40944
399, 3200, 31, 0.008064, 0.0256, 0.421824
399, 3200, 32, 0.008416, 0.028672, 0.406144
399, 3200, 33, 0.008768, 0.0256, 0.38
399, 3200, 34, 0.0088, 0.024576, 0.414272
399, 3200, 35, 0.008736, 0.0256, 0.383584
399, 3200, 36, 0.008864, 0.0256, 0.384384
399, 3200, 37, 0.00832, 0.026624, 0.406432
399, 3200, 38, 0.008, 0.0256, 0.406368
399, 3200, 39, 0.008928, 0.026624, 0.405888
399, 3200, 40, 0.008448, 0.026624, 0.37808
399, 3200, 41, 0.008576, 0.0256, 0.381344
399, 3200, 42, 0.008768, 0.026624, 0.378752
399, 3200, 43, 0.008896, 0.026624, 0.4112
399, 3200, 44, 0.008576, 0.026624, 0.407072
399, 3200, 45, 0.008384, 0.0256, 0.407776
399, 3200, 46, 0.008352, 0.0256, 0.4112
399, 3200, 47, 0.008384, 0.025824, 0.406336
399, 3200, 48, 0.008736, 0.0256, 0.408736
399, 3200, 49, 0.008512, 0.026624, 0.406016
399, 6400, 0, 0.00944, 0.028672, 0.410432
399, 6400, 1, 0.008864, 0.026624, 0.415648
399, 6400, 2, 0.008704, 0.026624, 0.407616
399, 6400, 3, 0.008384, 0.026624, 0.376992
399, 6400, 4, 0.008608, 0.026624, 0.40992
399, 6400, 5, 0.008576, 0.026624, 0.405184
399, 6400, 6, 0.007808, 0.026816, 0.406752
399, 6400, 7, 0.008544, 0.024896, 0.399616
399, 6400, 8, 0.008448, 0.028672, 0.413984
399, 6400, 9, 0.008608, 0.026688, 0.4096
399, 6400, 10, 0.00816, 0.026624, 0.411264
399, 6400, 11, 0.008544, 0.026624, 0.407744
399, 6400, 12, 0.008512, 0.027648, 0.410464
399, 6400, 13, 0.008768, 0.025728, 0.407488
399, 6400, 14, 0.00864, 0.0256, 0.379584
399, 6400, 15, 0.008512, 0.0256, 0.385632
399, 6400, 16, 0.008416, 0.026624, 0.408672
399, 6400, 17, 0.008576, 0.0256, 0.415104
399, 6400, 18, 0.008896, 0.0256, 0.38144
399, 6400, 19, 0.008672, 0.0256, 0.406592
399, 6400, 20, 0.008256, 0.0256, 0.408704
399, 6400, 21, 0.00864, 0.0256, 0.40736
399, 6400, 22, 0.008256, 0.0256, 0.410048
399, 6400, 23, 0.007808, 0.026624, 0.407264
399, 6400, 24, 0.00832, 0.0256, 0.406144
399, 6400, 25, 0.008288, 0.0256, 0.377472
399, 6400, 26, 0.008512, 0.0256, 0.403264
399, 6400, 27, 0.00816, 0.0256, 0.382464
399, 6400, 28, 0.008256, 0.0256, 0.388032
399, 6400, 29, 0.008608, 0.026624, 0.407648
399, 6400, 30, 0.008192, 0.0256, 0.379616
399, 6400, 31, 0.008448, 0.0256, 0.378432
399, 6400, 32, 0.00784, 0.026624, 0.37984
399, 6400, 33, 0.008704, 0.027648, 0.405312
399, 6400, 34, 0.00912, 0.026624, 0.406816
399, 6400, 35, 0.008768, 0.0256, 0.377792
399, 6400, 36, 0.008768, 0.0256, 0.377184
399, 6400, 37, 0.008448, 0.0256, 0.41328
399, 6400, 38, 0.009088, 0.026624, 0.41776
399, 6400, 39, 0.008288, 0.027648, 0.417056
399, 6400, 40, 0.00832, 0.027648, 0.4056
399, 6400, 41, 0.008864, 0.025632, 0.378656
399, 6400, 42, 0.008672, 0.0256, 0.411616
399, 6400, 43, 0.008192, 0.026624, 0.376672
399, 6400, 44, 0.00784, 0.026624, 0.37632
399, 6400, 45, 0.00832, 0.026624, 0.418112
399, 6400, 46, 0.008864, 0.027648, 0.408032
399, 6400, 47, 0.008704, 0.025664, 0.411232
399, 6400, 48, 0.008288, 0.026624, 0.376928
399, 6400, 49, 0.008032, 0.026624, 0.406208
399, 10000, 0, 0.008416, 0.029696, 0.393632
399, 10000, 1, 0.008192, 0.027648, 0.405504
399, 10000, 2, 0.008064, 0.026624, 0.393344
399, 10000, 3, 0.007936, 0.027712, 0.4
399, 10000, 4, 0.008224, 0.027648, 0.40736
399, 10000, 5, 0.008704, 0.026624, 0.402752
399, 10000, 6, 0.008352, 0.028672, 0.415872
399, 10000, 7, 0.00896, 0.026624, 0.408448
399, 10000, 8, 0.008352, 0.027648, 0.411328
399, 10000, 9, 0.008512, 0.0256, 0.379936
399, 10000, 10, 0.008128, 0.026624, 0.380672
399, 10000, 11, 0.009024, 0.024576, 0.413184
399, 10000, 12, 0.008128, 0.026624, 0.404928
399, 10000, 13, 0.008608, 0.024928, 0.410944
399, 10000, 14, 0.0088, 0.0256, 0.418208
399, 10000, 15, 0.008096, 0.027648, 0.414752
399, 10000, 16, 0.009216, 0.0256, 0.409728
399, 10000, 17, 0.008608, 0.02576, 0.409664
399, 10000, 18, 0.00848, 0.0256, 0.413568
399, 10000, 19, 0.007904, 0.0256, 0.377568
399, 10000, 20, 0.008, 0.026624, 0.385696
399, 10000, 21, 0.008736, 0.027648, 0.424224
399, 10000, 22, 0.008032, 0.027648, 0.416832
399, 10000, 23, 0.00832, 0.027648, 0.412096
399, 10000, 24, 0.008192, 0.026624, 0.38416
399, 10000, 25, 0.011872, 0.033792, 0.477248
399, 10000, 26, 0.0088, 0.02896, 0.493664
399, 10000, 27, 0.008672, 0.028928, 0.4368
399, 10000, 28, 0.008192, 0.028, 0.410912
399, 10000, 29, 0.008384, 0.028672, 0.410784
399, 10000, 30, 0.008224, 0.026752, 0.410112
399, 10000, 31, 0.008608, 0.026624, 0.377536
399, 10000, 32, 0.007776, 0.025824, 0.385536
399, 10000, 33, 0.008064, 0.026624, 0.40624
399, 10000, 34, 0.008416, 0.026624, 0.406912
399, 10000, 35, 0.008256, 0.025632, 0.385216
399, 10000, 36, 0.008128, 0.02592, 0.40816
399, 10000, 37, 0.008544, 0.028672, 0.387904
399, 10000, 38, 0.008, 0.027648, 0.40784
399, 10000, 39, 0.00848, 0.0256, 0.40896
399, 10000, 40, 0.008032, 0.025664, 0.379456
399, 10000, 41, 0.008384, 0.02768, 0.40608
399, 10000, 42, 0.00864, 0.0256, 0.414016
399, 10000, 43, 0.008832, 0.027648, 0.40672
399, 10000, 44, 0.008768, 0.026624, 0.376544
399, 10000, 45, 0.008192, 0.0256, 0.418592
399, 10000, 46, 0.008384, 0.027648, 0.407744
399, 10000, 47, 0.008736, 0.026624, 0.385664
399, 10000, 48, 0.008224, 0.027648, 0.42064
399, 10000, 49, 0.00848, 0.026624, 0.404992
300, 1, 0, 0.006144, 0.016192, 0.008768
300, 1, 1, 0.010784, 0.009888, 0.007296
300, 1, 2, 0.005664, 0.009216, 0.005888
300, 1, 3, 0.005632, 0.008992, 0.005856
300, 1, 4, 0.005376, 0.00784, 0.007008
300, 1, 5, 0.0056, 0.008192, 0.006048
300, 1, 6, 0.005952, 0.008192, 0.005952
300, 1, 7, 0.005536, 0.008128, 0.0064
300, 1, 8, 0.005376, 0.007968, 0.006528
300, 1, 9, 0.005376, 0.008096, 0.00624
300, 1, 10, 0.005504, 0.008192, 0.00672
300, 1, 11, 0.005632, 0.008192, 0.006208
300, 1, 12, 0.005728, 0.008192, 0.0064
300, 1, 13, 0.005952, 0.008192, 0.00624
300, 1, 14, 0.00592, 0.008192, 0.00624
300, 1, 15, 0.005664, 0.007968, 0.006688
300, 1, 16, 0.005376, 0.008032, 0.006656
300, 1, 17, 0.005824, 0.008192, 0.006176
300, 1, 18, 0.00576, 0.008192, 0.01488
300, 1, 19, 0.005568, 0.008192, 0.006272
300, 1, 20, 0.00576, 0.008192, 0.00608
300, 1, 21, 0.005536, 0.008096, 0.014464
300, 1, 22, 0.005312, 0.008096, 0.006432
300, 1, 23, 0.005568, 0.008032, 0.014528
300, 1, 24, 0.006208, 0.007168, 0.00656
300, 1, 25, 0.00592, 0.008192, 0.005888
300, 1, 26, 0.005312, 0.00816, 0.0064
300, 1, 27, 0.005984, 0.008192, 0.006208
300, 1, 28, 0.00608, 0.007456, 0.006944
300, 1, 29, 0.005536, 0.009184, 0.006176
300, 1, 30, 0.005728, 0.008192, 0.006112
300, 1, 31, 0.005376, 0.007968, 0.006496
300, 1, 32, 0.005536, 0.008192, 0.006016
300, 1, 33, 0.0056, 0.008192, 0.006016
300, 1, 34, 0.00528, 0.008, 0.006944
300, 1, 35, 0.005568, 0.008192, 0.006176
300, 1, 36, 0.005312, 0.007968, 0.006816
300, 1, 37, 0.005504, 0.008192, 0.006336
300, 1, 38, 0.005312, 0.008128, 0.006496
300, 1, 39, 0.005728, 0.008192, 0.005984
300, 1, 40, 0.005472, 0.007904, 0.006624
300, 1, 41, 0.005664, 0.008192, 0.006208
300, 1, 42, 0.005312, 0.008928, 0.00592
300, 1, 43, 0.005472, 0.008192, 0.006208
300, 1, 44, 0.005824, 0.008192, 0.005856
300, 1, 45, 0.006016, 0.008192, 0.01344
300, 1, 46, 0.005376, 0.00784, 0.006528
300, 1, 47, 0.005824, 0.008192, 0.006304
300, 1, 48, 0.005984, 0.007168, 0.00672
300, 1, 49, 0.005664, 0.008192, 0.006016
300, 2, 0, 0.005824, 0.009216, 0.006592
300, 2, 1, 0.006048, 0.008192, 0.006304
300, 2, 2, 0.005984, 0.008192, 0.006464
300, 2, 3, 0.005376, 0.008224, 0.006464
300, 2, 4, 0.00528, 0.008288, 0.00656
300, 2, 5, 0.005696, 0.008192, 0.00624
300, 2, 6, 0.005696, 0.01344, 0.007168
300, 2, 7, 0.005728, 0.008192, 0.014592
300, 2, 8, 0.005408, 0.008384, 0.00688
300, 2, 9, 0.005536, 0.008192, 0.006464
300, 2, 10, 0.005472, 0.008384, 0.006688
300, 2, 11, 0.005504, 0.008864, 0.00592
300, 2, 12, 0.005792, 0.008192, 0.0064
300, 2, 13, 0.005856, 0.008192, 0.006144
300, 2, 14, 0.00592, 0.008192, 0.006144
300, 2, 15, 0.006016, 0.008192, 0.0064
300, 2, 16, 0.005632, 0.008192, 0.006752
300, 2, 17, 0.005504, 0.008928, 0.006048
300, 2, 18, 0.005952, 0.008192, 0.00624
300, 2, 19, 0.00544, 0.008832, 0.006496
300, 2, 20, 0.005664, 0.008192, 0.006432
300, 2, 21, 0.0056, 0.008192, 0.006688
300, 2, 22, 0.005472, 0.008192, 0.006368
300, 2, 23, 0.00576, 0.008192, 0.006272
300, 2, 24, 0.005664, 0.008192, 0.006176
300, 2, 25, 0.00608, 0.008192, 0.006528
300, 2, 26, 0.005344, 0.008192, 0.00656
300, 2, 27, 0.005536, 0.008224, 0.00704
300, 2, 28, 0.00576, 0.008192, 0.006592
300, 2, 29, 0.00544, 0.008192, 0.006592
300, 2, 30, 0.005408, 0.00832, 0.006816
300, 2, 31, 0.005984, 0.008192, 0.006112
300, 2, 32, 0.0056, 0.008192, 0.006752
300, 2, 33, 0.006048, 0.008192, 0.006464
300, 2, 34, 0.005376, 0.011136, 0.008672
300, 2, 35, 0.005568, 0.009216, 0.006144
300, 2, 36, 0.00592, 0.01024, 0.010816
300, 2, 37, 0.005728, 0.01024, 0.006688
300, 2, 38, 0.005856, 0.011264, 0.009152
300, 2, 39, 0.00624, 0.009216, 0.005888
300, 2, 40, 0.005888, 0.008192, 0.006176
300, 2, 41, 0.00576, 0.008192, 0.006272
300, 2, 42, 0.005344, 0.008096, 0.006592
300, 2, 43, 0.005376, 0.008992, 0.005792
300, 2, 44, 0.005504, 0.008896, 0.006048
300, 2, 45, 0.005984, 0.008192, 0.0064
300, 2, 46, 0.005792, 0.008192, 0.006656
300, 2, 47, 0.005632, 0.008192, 0.006368
300, 2, 48, 0.005728, 0.008192, 0.006432
300, 2, 49, 0.005632, 0.008096, 0.006688
300, 4, 0, 0.005536, 0.00896, 0.007744
300, 4, 1, 0.005632, 0.008192, 0.007488
300, 4, 2, 0.005568, 0.008832, 0.007008
300, 4, 3, 0.00544, 0.007904, 0.007744
300, 4, 4, 0.005376, 0.00816, 0.007712
300, 4, 5, 0.005472, 0.008896, 0.007168
300, 4, 6, 0.005664, 0.008352, 0.007488
300, 4, 7, 0.005632, 0.008224, 0.007424
300, 4, 8, 0.006144, 0.007328, 0.00768
300, 4, 9, 0.00624, 0.008192, 0.006784
300, 4, 10, 0.0056, 0.014304, 0.008288
300, 4, 11, 0.00576, 0.009216, 0.006976
300, 4, 12, 0.005344, 0.008032, 0.008192
300, 4, 13, 0.00544, 0.008192, 0.00752
300, 4, 14, 0.005408, 0.009056, 0.006688
300, 4, 15, 0.005632, 0.008192, 0.007008
300, 4, 16, 0.005536, 0.008192, 0.007456
300, 4, 17, 0.0056, 0.008192, 0.007744
300, 4, 18, 0.005696, 0.008192, 0.00704
300, 4, 19, 0.00544, 0.008192, 0.007584
300, 4, 20, 0.005856, 0.008192, 0.007488
300, 4, 21, 0.005408, 0.00784, 0.007584
300, 4, 22, 0.005824, 0.008192, 0.0072
300, 4, 23, 0.00544, 0.008192, 0.0072
300, 4, 24, 0.005632, 0.008032, 0.00752
300, 4, 25, 0.005536, 0.008896, 0.006592
300, 4, 26, 0.005824, 0.008192, 0.006624
300, 4, 27, 0.005408, 0.008224, 0.007392
300, 4, 28, 0.0056, 0.00816, 0.007616
300, 4, 29, 0.005984, 0.008192, 0.006816
300, 4, 30, 0.005632, 0.008192, 0.006976
300, 4, 31, 0.00576, 0.008192, 0.006752
300, 4, 32, 0.005344, 0.008096, 0.007424
300, 4, 33, 0.005824, 0.009024, 0.00704
300, 4, 34, 0.005568, 0.008192, 0.007424
300, 4, 35, 0.00544, 0.008064, 0.007328
300, 4, 36, 0.005824, 0.008192, 0.0072
300, 4, 37, 0.005408, 0.008064, 0.013536
300, 4, 38, 0.00592, 0.008192, 0.00832
300, 4, 39, 0.00576, 0.008192, 0.00704
300, 4, 40, 0.005504, 0.008192, 0.007072
300, 4, 41, 0.005536, 0.008192, 0.007392
300, 4, 42, 0.006016, 0.008192, 0.006688
300, 4, 43, 0.005824, 0.008192, 0.006688
300, 4, 44, 0.005792, 0.008192, 0.006816
300, 4, 45, 0.005568, 0.008192, 0.00736
300, 4, 46, 0.006016, 0.008192, 0.007264
300, 4, 47, 0.00576, 0.008192, 0.006816
300, 4, 48, 0.00576, 0.00736, 0.007872
300, 4, 49, 0.005728, 0.008192, 0.006944
300, 8, 0, 0.005536, 0.01008, 0.008832
300, 8, 1, 0.005568, 0.008864, 0.008992
300, 8, 2, 0.005856, 0.008192, 0.00928
300, 8, 3, 0.006016, 0.008224, 0.009248
300, 8, 4, 0.005472, 0.008928, 0.008448
300, 8, 5, 0.005824, 0.009216, 0.014016
300, 8, 6, 0.006112, 0.009216, 0.009088
300, 8, 7, 0.005504, 0.00912, 0.00816
300, 8, 8, 0.005568, 0.008352, 0.0088
300, 8, 9, 0.005984, 0.008192, 0.00832
300, 8, 10, 0.005408, 0.008992, 0.008512
300, 8, 11, 0.005408, 0.007936, 0.00912
300, 8, 12, 0.011616, 0.009216, 0.010432
300, 8, 13, 0.005472, 0.008512, 0.011072
300, 8, 14, 0.005792, 0.008864, 0.0104
300, 8, 15, 0.005792, 0.008192, 0.008672
300, 8, 16, 0.005344, 0.008864, 0.008512
300, 8, 17, 0.005792, 0.008192, 0.008608
300, 8, 18, 0.006176, 0.008192, 0.008256
300, 8, 19, 0.005408, 0.00816, 0.008672
300, 8, 20, 0.00528, 0.009152, 0.008224
300, 8, 21, 0.0056, 0.008192, 0.008288
300, 8, 22, 0.00576, 0.008192, 0.008736
300, 8, 23, 0.005408, 0.008832, 0.008224
300, 8, 24, 0.0056, 0.008192, 0.008864
300, 8, 25, 0.005696, 0.008, 0.008928
300, 8, 26, 0.005632, 0.008192, 0.008512
300, 8, 27, 0.00608, 0.008192, 0.008416
300, 8, 28, 0.005536, 0.009088, 0.008032
300, 8, 29, 0.006016, 0.008192, 0.008448
300, 8, 30, 0.005408, 0.008224, 0.008768
300, 8, 31, 0.00592, 0.008192, 0.008544
300, 8, 32, 0.006272, 0.008192, 0.008288
300, 8, 33, 0.005312, 0.008288, 0.008576
300, 8, 34, 0.00544, 0.007968, 0.009664
300, 8, 35, 0.005472, 0.008928, 0.00848
300, 8, 36, 0.005376, 0.008192, 0.009248
300, 8, 37, 0.00576, 0.008192, 0.014816
300, 8, 38, 0.005984, 0.009216, 0.008928
300, 8, 39, 0.005472, 0.00848, 0.008544
300, 8, 40, 0.006048, 0.007168, 0.009728
300, 8, 41, 0.006304, 0.007168, 0.009024
300, 8, 42, 0.005728, 0.008192, 0.008384
300, 8, 43, 0.005376, 0.00816, 0.008896
300, 8, 44, 0.005312, 0.008864, 0.02448
300, 8, 45, 0.006112, 0.009216, 0.008864
300, 8, 46, 0.005504, 0.019456, 0.009536
300, 8, 47, 0.005696, 0.008448, 0.0088
300, 8, 48, 0.005696, 0.008192, 0.008928
300, 8, 49, 0.005888, 0.008192, 0.008448
300, 16, 0, 0.006336, 0.009216, 0.012032
300, 16, 1, 0.005568, 0.008992, 0.011456
300, 16, 2, 0.016992, 0.010112, 0.012736
300, 16, 3, 0.005504, 0.008864, 0.012384
300, 16, 4, 0.005504, 0.008128, 0.012096
300, 16, 5, 0.006048, 0.008192, 0.012512
300, 16, 6, 0.005472, 0.00816, 0.011936
300, 16, 7, 0.00544, 0.008192, 0.011776
300, 16, 8, 0.00576, 0.008192, 0.018496
300, 16, 9, 0.005408, 0.009312, 0.011712
300, 16, 10, 0.00576, 0.008192, 0.011648
300, 16, 11, 0.005504, 0.00912, 0.011552
300, 16, 12, 0.005152, 0.009216, 0.011392
300, 16, 13, 0.005472, 0.00816, 0.011968
300, 16, 14, 0.005984, 0.008192, 0.011744
300, 16, 15, 0.005536, 0.008192, 0.011936
300, 16, 16, 0.00592, 0.008192, 0.012064
300, 16, 17, 0.005728, 0.008192, 0.011616
300, 16, 18, 0.005856, 0.008192, 0.012672
300, 16, 19, 0.005824, 0.008192, 0.011744
300, 16, 20, 0.00544, 0.008, 0.012672
300, 16, 21, 0.006176, 0.008192, 0.011296
300, 16, 22, 0.005568, 0.008192, 0.01184
300, 16, 23, 0.006112, 0.008192, 0.011264
300, 16, 24, 0.005568, 0.008192, 0.011392
300, 16, 25, 0.005856, 0.008192, 0.012384
300, 16, 26, 0.00544, 0.008192, 0.012288
300, 16, 27, 0.006016, 0.008192, 0.011136
300, 16, 28, 0.005696, 0.008192, 0.012416
300, 16, 29, 0.005408, 0.008256, 0.011552
300, 16, 30, 0.005408, 0.008896, 0.01168
300, 16, 31, 0.009344, 0.009184, 0.012704
300, 16, 32, 0.006016, 0.008192, 0.011744
300, 16, 33, 0.005792, 0.008192, 0.01136
300, 16, 34, 0.005824, 0.008192, 0.011552
300, 16, 35, 0.00576, 0.008192, 0.011744
300, 16, 36, 0.006016, 0.008192, 0.011456
300, 16, 37, 0.005856, 0.008192, 0.011936
300, 16, 38, 0.00608, 0.008192, 0.011168
300, 16, 39, 0.006048, 0.008192, 0.010912
300, 16, 40, 0.005472, 0.00896, 0.0112
300, 16, 41, 0.005824, 0.008192, 0.012
300, 16, 42, 0.005792, 0.008192, 0.011008
300, 16, 43, 0.005408, 0.007936, 0.01184
300, 16, 44, 0.00528, 0.00816, 0.011584
300, 16, 45, 0.005408, 0.008064, 0.012288
300, 16, 46, 0.00592, 0.007168, 0.012
300, 16, 47, 0.005664, 0.008256, 0.011712
300, 16, 48, 0.005344, 0.008224, 0.01184
300, 16, 49, 0.006016, 0.008192, 0.011616
300, 32, 0, 0.005792, 0.009216, 0.019072
300, 32, 1, 0.00576, 0.009152, 0.019424
300, 32, 2, 0.005536, 0.008864, 0.01904
300, 32, 3, 0.005376, 0.008896, 0.01872
300, 32, 4, 0.005792, 0.008192, 0.019392
300, 32, 5, 0.006304, 0.008192, 0.017984
300, 32, 6, 0.005344, 0.008864, 0.018368
300, 32, 7, 0.005408, 0.00896, 0.0176
300, 32, 8, 0.00576, 0.008192, 0.018368
300, 32, 9, 0.005408, 0.00912, 0.019008
300, 32, 10, 0.005312, 0.008384, 0.01824
300, 32, 11, 0.0056, 0.008192, 0.018368
300, 32, 12, 0.00576, 0.008192, 0.018816
300, 32, 13, 0.005536, 0.008352, 0.018816
300, 32, 14, 0.00544, 0.008992, 0.019168
300, 32, 15, 0.005536, 0.008864, 0.017568
300, 32, 16, 0.0056, 0.008192, 0.018912
300, 32, 17, 0.006048, 0.008192, 0.019104
300, 32, 18, 0.00576, 0.008192, 0.0192
300, 32, 19, 0.005632, 0.009184, 0.018976
300, 32, 20, 0.005888, 0.008192, 0.01808
300, 32, 21, 0.00576, 0.008192, 0.01936
300, 32, 22, 0.005408, 0.008928, 0.017888
300, 32, 23, 0.005728, 0.008192, 0.01824
300, 32, 24, 0.005376, 0.008928, 0.019456
300, 32, 25, 0.006048, 0.008192, 0.018016
300, 32, 26, 0.0056, 0.008192, 0.0192
300, 32, 27, 0.005568, 0.008928, 0.018688
300, 32, 28, 0.005536, 0.008288, 0.018496
300, 32, 29, 0.00608, 0.008192, 0.018752
300, 32, 30, 0.005728, 0.008192, 0.0184
300, 32, 31, 0.005952, 0.008192, 0.018144
300, 32, 32, 0.005664, 0.008416, 0.0184
300, 32, 33, 0.005664, 0.008192, 0.01808
300, 32, 34, 0.00544, 0.009056, 0.0184
300, 32, 35, 0.00544, 0.00832, 0.018304
300, 32, 36, 0.0056, 0.008192, 0.018208
300, 32, 37, 0.006016, 0.012288, 0.018912
300, 32, 38, 0.005568, 0.009216, 0.01888
300, 32, 39, 0.005664, 0.007968, 0.019104
300, 32, 40, 0.00544, 0.008224, 0.0184
300, 32, 41, 0.006112, 0.008192, 0.019008
300, 32, 42, 0.00544, 0.008192, 0.0184
300, 32, 43, 0.00544, 0.008832, 0.0192
300, 32, 44, 0.005376, 0.008864, 0.017568
300, 32, 45, 0.006496, 0.011904, 0.022272
300, 32, 46, 0.00608, 0.013472, 0.024768
300, 32, 47, 0.005888, 0.01024, 0.021696
300, 32, 48, 0.005888, 0.009504, 0.020416
300, 32, 49, 0.005696, 0.009216, 0.01856
300, 64, 0, 0.006304, 0.010592, 0.038752
300, 64, 1, 0.00576, 0.011264, 0.030976
300, 64, 2, 0.005792, 0.009952, 0.03104
300, 64, 3, 0.00608, 0.01024, 0.0304
300, 64, 4, 0.005632, 0.01024, 0.032192
300, 64, 5, 0.005664, 0.01024, 0.03088
300, 64, 6, 0.005408, 0.010336, 0.031392
300, 64, 7, 0.0056, 0.009088, 0.032896
300, 64, 8, 0.005952, 0.009216, 0.03344
300, 64, 9, 0.005792, 0.009216, 0.033408
300, 64, 10, 0.005664, 0.009856, 0.0312
300, 64, 11, 0.005504, 0.009536, 0.032064
300, 64, 12, 0.005504, 0.011008, 0.031616
300, 64, 13, 0.011776, 0.009216, 0.03456
300, 64, 14, 0.006496, 0.009856, 0.031648
300, 64, 15, 0.005728, 0.010208, 0.03456
300, 64, 16, 0.0056, 0.009344, 0.034816
300, 64, 17, 0.006112, 0.009216, 0.031136
300, 64, 18, 0.005568, 0.010208, 0.033056
300, 64, 19, 0.005824, 0.01024, 0.03136
300, 64, 20, 0.006464, 0.009216, 0.0336
300, 64, 21, 0.005632, 0.009216, 0.03504
300, 64, 22, 0.005312, 0.01056, 0.033536
300, 64, 23, 0.005632, 0.009472, 0.031616
300, 64, 24, 0.005856, 0.009216, 0.031808
300, 64, 25, 0.006112, 0.009216, 0.031776
300, 64, 26, 0.006368, 0.009216, 0.03488
300, 64, 27, 0.005696, 0.009888, 0.031456
300, 64, 28, 0.0056, 0.008992, 0.035584
300, 64, 29, 0.005664, 0.009216, 0.032192
300, 64, 30, 0.005856, 0.009216, 0.03392
300, 64, 31, 0.006208, 0.009216, 0.032832
300, 64, 32, 0.005312, 0.0096, 0.03376
300, 64, 33, 0.005504, 0.010272, 0.031968
300, 64, 34, 0.005824, 0.009216, 0.031968
300, 64, 35, 0.00624, 0.009024, 0.03408
300, 64, 36, 0.005696, 0.01104, 0.034592
300, 64, 37, 0.00608, 0.010016, 0.03184
300, 64, 38, 0.005984, 0.009984, 0.036032
300, 64, 39, 0.006048, 0.009472, 0.031872
300, 64, 40, 0.005824, 0.010976, 0.033408
300, 64, 41, 0.005856, 0.009472, 0.032256
300, 64, 42, 0.00608, 0.009216, 0.031296
300, 64, 43, 0.005664, 0.010016, 0.031424
300, 64, 44, 0.005536, 0.010496, 0.03248
300, 64, 45, 0.005792, 0.009376, 0.03456
300, 64, 46, 0.005536, 0.009216, 0.034464
300, 64, 47, 0.005632, 0.009184, 0.032
300, 64, 48, 0.005792, 0.009216, 0.03248
300, 64, 49, 0.005696, 0.01008, 0.03104
300, 100, 0, 0.00656, 0.012224, 0.045472
300, 100, 1, 0.005696, 0.011264, 0.044
300, 100, 2, 0.005824, 0.01024, 0.05008
300, 100, 3, 0.007232, 0.014368, 0.047072
300, 100, 4, 0.007072, 0.011264, 0.049984
300, 100, 5, 0.00624, 0.011264, 0.048096
300, 100, 6, 0.00528, 0.011264, 0.045632
300, 100, 7, 0.01136, 0.011328, 0.048544
300, 100, 8, 0.00624, 0.011264, 0.0472
300, 100, 9, 0.006016, 0.011264, 0.045568
300, 100, 10, 0.00624, 0.01024, 0.045568
300, 100, 11, 0.006688, 0.01024, 0.049472
300, 100, 12, 0.006048, 0.01024, 0.046016
300, 100, 13, 0.005696, 0.010528, 0.04656
300, 100, 14, 0.006112, 0.011264, 0.049216
300, 100, 15, 0.005632, 0.011968, 0.04624
300, 100, 16, 0.005312, 0.012288, 0.048928
300, 100, 17, 0.006144, 0.012288, 0.050144
300, 100, 18, 0.005568, 0.012288, 0.045824
300, 100, 19, 0.005152, 0.011296, 0.052704
300, 100, 20, 0.006976, 0.011456, 0.05216
300, 100, 21, 0.00576, 0.012288, 0.05072
300, 100, 22, 0.006848, 0.012, 0.050528
300, 100, 23, 0.00608, 0.011264, 0.052448
300, 100, 24, 0.006624, 0.014336, 0.046368
300, 100, 25, 0.005792, 0.012256, 0.0472
300, 100, 26, 0.006784, 0.012288, 0.051168
300, 100, 27, 0.0064, 0.011648, 0.050048
300, 100, 28, 0.007008, 0.013312, 0.0456
300, 100, 29, 0.006976, 0.011264, 0.050656
300, 100, 30, 0.006208, 0.011264, 0.049248
300, 100, 31, 0.006528, 0.011264, 0.05216
300, 100, 32, 0.00624, 0.01024, 0.052192
300, 100, 33, 0.006944, 0.012608, 0.04624
300, 100, 34, 0.006816, 0.011264, 0.048768
300, 100, 35, 0.00624, 0.011264, 0.053216
300, 100, 36, 0.00576, 0.012192, 0.05136
300, 100, 37, 0.006592, 0.011168, 0.050944
300, 100, 38, 0.005728, 0.012128, 0.047776
300, 100, 39, 0.006528, 0.011264, 0.049216
300, 100, 40, 0.005856, 0.011296, 0.048288
300, 100, 41, 0.005632, 0.01024, 0.04608
300, 100, 42, 0.00592, 0.011264, 0.047648
300, 100, 43, 0.005888, 0.010176, 0.0464
300, 100, 44, 0.005888, 0.010496, 0.054208
300, 100, 45, 0.005952, 0.012288, 0.04672
300, 100, 46, 0.005664, 0.012, 0.048928
300, 100, 47, 0.005952, 0.01024, 0.049984
300, 100, 48, 0.006272, 0.01024, 0.046336
300, 100, 49, 0.005792, 0.011072, 0.047904
300, 200, 0, 0.006336, 0.0136, 0.087456
300, 200, 1, 0.00576, 0.012288, 0.083808
300, 200, 2, 0.005664, 0.012288, 0.089504
300, 200, 3, 0.0064, 0.012288, 0.089376
300, 200, 4, 0.005824, 0.012288, 0.090208
300, 200, 5, 0.00592, 0.013312, 0.09008
300, 200, 6, 0.006464, 0.012288, 0.08272
300, 200, 7, 0.005984, 0.012288, 0.086368
300, 200, 8, 0.005632, 0.012288, 0.090112
300, 200, 9, 0.005792, 0.013504, 0.090016
300, 200, 10, 0.006432, 0.012288, 0.082624
300, 200, 11, 0.006624, 0.012288, 0.089216
300, 200, 12, 0.005952, 0.012288, 0.09376
300, 200, 13, 0.006496, 0.013312, 0.083584
300, 200, 14, 0.005952, 0.012288, 0.089472
300, 200, 15, 0.005824, 0.012288, 0.111936
300, 200, 16, 0.008192, 0.018432, 0.10416
300, 200, 17, 0.006912, 0.013472, 0.09152
300, 200, 18, 0.0064, 0.014336, 0.084192
300, 200, 19, 0.006432, 0.012288, 0.085696
300, 200, 20, 0.006144, 0.012288, 0.082208
300, 200, 21, 0.006048, 0.013312, 0.082784
300, 200, 22, 0.005792, 0.012288, 0.088352
300, 200, 23, 0.006528, 0.01232, 0.083552
300, 200, 24, 0.006624, 0.011584, 0.08896
300, 200, 25, 0.006112, 0.012288, 0.088352
300, 200, 26, 0.00624, 0.012288, 0.08816
300, 200, 27, 0.006016, 0.012288, 0.100672
300, 200, 28, 0.006304, 0.013312, 0.0896
300, 200, 29, 0.006176, 0.01248, 0.089216
300, 200, 30, 0.006208, 0.012288, 0.083776
300, 200, 31, 0.006688, 0.013312, 0.08912
300, 200, 32, 0.006176, 0.012288, 0.088032
300, 200, 33, 0.00624, 0.012288, 0.082752
300, 200, 34, 0.006208, 0.012288, 0.09088
300, 200, 35, 0.00576, 0.013312, 0.089664
300, 200, 36, 0.006176, 0.012288, 0.087488
300, 200, 37, 0.005664, 0.012288, 0.08416
300, 200, 38, 0.00608, 0.012288, 0.08464
300, 200, 39, 0.005632, 0.012288, 0.084384
300, 200, 40, 0.006304, 0.012288, 0.084608
300, 200, 41, 0.006176, 0.013984, 0.089728
300, 200, 42, 0.005728, 0.012288, 0.082752
300, 200, 43, 0.0064, 0.011264, 0.088192
300, 200, 44, 0.006048, 0.012288, 0.082208
300, 200, 45, 0.006496, 0.012288, 0.082976
300, 200, 46, 0.006432, 0.012288, 0.08864
300, 200, 47, 0.005696, 0.013312, 0.082656
300, 200, 48, 0.005824, 0.012288, 0.082144
300, 200, 49, 0.006528, 0.012288, 0.08848
300, 400, 0, 0.007296, 0.01536, 0.171296
300, 400, 1, 0.006784, 0.014336, 0.182944
300, 400, 2, 0.00672, 0.014336, 0.166752
300, 400, 3, 0.007424, 0.013408, 0.180544
300, 400, 4, 0.007424, 0.013312, 0.18304
300, 400, 5, 0.007808, 0.01536, 0.179264
300, 400, 6, 0.007072, 0.013664, 0.180032
300, 400, 7, 0.00768, 0.013312, 0.27344
300, 400, 8, 0.006912, 0.014336, 0.176512
300, 400, 9, 0.0072, 0.013312, 0.17296
300, 400, 10, 0.006912, 0.013312, 0.1816
300, 400, 11, 0.007168, 0.013632, 0.181024
300, 400, 12, 0.007008, 0.014336, 0.163456
300, 400, 13, 0.006784, 0.014336, 0.163904
300, 400, 14, 0.006944, 0.013312, 0.179488
300, 400, 15, 0.0064, 0.01536, 0.175744
300, 400, 16, 0.006432, 0.013312, 0.163584
300, 400, 17, 0.007232, 0.013312, 0.17856
300, 400, 18, 0.006848, 0.014336, 0.172768
300, 400, 19, 0.007168, 0.014336, 0.17456
300, 400, 20, 0.006592, 0.014336, 0.169888
300, 400, 21, 0.007136, 0.014336, 0.16288
300, 400, 22, 0.006944, 0.013312, 0.173696
300, 400, 23, 0.006976, 0.013312, 0.163328
300, 400, 24, 0.007008, 0.013312, 0.179584
300, 400, 25, 0.006368, 0.014336, 0.163424
300, 400, 26, 0.006656, 0.013312, 0.16352
300, 400, 27, 0.007456, 0.012512, 0.169664
300, 400, 28, 0.006752, 0.013312, 0.177376
300, 400, 29, 0.00624, 0.01536, 0.181088
300, 400, 30, 0.0072, 0.014336, 0.175264
300, 400, 31, 0.006912, 0.014336, 0.164416
300, 400, 32, 0.006496, 0.013312, 0.175168
300, 400, 33, 0.006304, 0.014336, 0.162048
300, 400, 34, 0.006624, 0.013312, 0.164
300, 400, 35, 0.007136, 0.014336, 0.174464
300, 400, 36, 0.006912, 0.013312, 0.164
300, 400, 37, 0.007136, 0.013312, 0.163872
300, 400, 38, 0.00736, 0.01536, 0.181984
300, 400, 39, 0.006656, 0.014336, 0.17376
300, 400, 40, 0.00736, 0.013312, 0.174592
300, 400, 41, 0.007392, 0.013312, 0.17872
300, 400, 42, 0.00688, 0.013408, 0.163616
300, 400, 43, 0.006336, 0.014336, 0.162208
300, 400, 44, 0.006336, 0.014336, 0.17616
300, 400, 45, 0.0072, 0.013312, 0.17568
300, 400, 46, 0.006656, 0.014336, 0.175776
300, 400, 47, 0.0072, 0.013312, 0.17344
300, 400, 48, 0.006592, 0.014336, 0.168192
300, 400, 49, 0.007264, 0.013312, 0.165824
300, 800, 0, 0.009664, 0.023552, 0.302112
300, 800, 1, 0.009184, 0.020544, 0.327648
300, 800, 2, 0.00816, 0.021664, 0.324096
300, 800, 3, 0.008864, 0.021504, 0.294528
300, 800, 4, 0.008064, 0.02048, 0.323328
300, 800, 5, 0.008128, 0.022528, 0.316288
300, 800, 6, 0.008192, 0.021504, 0.297888
300, 800, 7, 0.008736, 0.021504, 0.314848
300, 800, 8, 0.008, 0.02048, 0.29824
300, 800, 9, 0.008096, 0.021856, 0.316064
300, 800, 10, 0.008608, 0.021504, 0.324352
300, 800, 11, 0.00912, 0.023552, 0.316256
300, 800, 12, 0.008544, 0.021504, 0.295008
300, 800, 13, 0.008352, 0.021504, 0.317632
300, 800, 14, 0.008448, 0.021504, 0.30288
300, 800, 15, 0.009504, 0.02064, 0.315136
300, 800, 16, 0.00816, 0.021504, 0.294048
300, 800, 17, 0.008352, 0.020576, 0.294016
300, 800, 18, 0.008768, 0.020864, 0.315392
300, 800, 19, 0.009312, 0.02048, 0.293344
300, 800, 20, 0.007808, 0.021504, 0.294656
300, 800, 21, 0.0088, 0.021504, 0.318464
300, 800, 22, 0.00864, 0.022528, 0.316896
300, 800, 23, 0.008992, 0.021504, 0.315392
300, 800, 24, 0.008352, 0.021504, 0.310016
300, 800, 25, 0.008512, 0.021504, 0.317504
300, 800, 26, 0.008384, 0.022528, 0.310624
300, 800, 27, 0.008896, 0.02048, 0.318528
300, 800, 28, 0.008736, 0.021504, 0.29392
300, 800, 29, 0.008448, 0.020512, 0.31712
300, 800, 30, 0.008864, 0.021504, 0.296128
300, 800, 31, 0.008832, 0.021664, 0.326944
300, 800, 32, 0.00896, 0.019456, 0.302528
300, 800, 33, 0.008768, 0.019456, 0.32544
300, 800, 34, 0.008448, 0.021504, 0.318112
300, 800, 35, 0.008256, 0.020544, 0.298336
300, 800, 36, 0.00816, 0.021504, 0.313312
300, 800, 37, 0.007936, 0.02048, 0.298944
300, 800, 38, 0.008416, 0.020864, 0.317312
300, 800, 39, 0.008512, 0.022624, 0.321824
300, 800, 40, 0.008864, 0.021504, 0.317024
300, 800, 41, 0.008032, 0.02048, 0.325376
300, 800, 42, 0.00864, 0.02048, 0.2952
300, 800, 43, 0.007904, 0.021504, 0.297888
300, 800, 44, 0.008672, 0.019456, 0.297504
300, 800, 45, 0.00816, 0.02048, 0.299136
300, 800, 46, 0.008928, 0.02048, 0.318272
300, 800, 47, 0.008224, 0.019456, 0.331968
300, 800, 48, 0.008224, 0.021664, 0.295328
300, 800, 49, 0.00864, 0.02048, 0.320608
300, 1600, 0, 0.00896, 0.022528, 0.29952
300, 1600, 1, 0.008832, 0.02048, 0.317088
300, 1600, 2, 0.00896, 0.02048, 0.322304
300, 1600, 3, 0.008416, 0.020704, 0.312928
300, 1600, 4, 0.008512, 0.020864, 0.316192
300, 1600, 5, 0.008512, 0.02048, 0.295552
300, 1600, 6, 0.008608, 0.021504, 0.315776
300, 1600, 7, 0.00816, 0.019456, 0.32048
300, 1600, 8, 0.008416, 0.021504, 0.319584
300, 1600, 9, 0.008224, 0.021504, 0.293664
300, 1600, 10, 0.00848, 0.022528, 0.319296
300, 1600, 11, 0.008288, 0.020608, 0.295712
300, 1600, 12, 0.008096, 0.021504, 0.294272
300, 1600, 13, 0.007936, 0.021504, 0.293536
300, 1600, 14, 0.008928, 0.02048, 0.292896
300, 1600, 15, 0.00832, 0.02048, 0.32352
300, 1600, 16, 0.008608, 0.021696, 0.317984
300, 1600, 17, 0.009216, 0.02048, 0.304544
300, 1600, 18, 0.008128, 0.02176, 0.299488
300, 1600, 19, 0.008192, 0.02048, 0.316192
300, 1600, 20, 0.008064, 0.02048, 0.299872
300, 1600, 21, 0.008064, 0.020864, 0.297824
300, 1600, 22, 0.008704, 0.02048, 0.324064
300, 1600, 23, 0.00848, 0.021504, 0.316064
300, 1600, 24, 0.008128, 0.02048, 0.300032
300, 1600, 25, 0.008448, 0.02048, 0.294656
300, 1600, 26, 0.008416, 0.02048, 0.302592
300, 1600, 27, 0.007968, 0.021504, 0.314912
300, 1600, 28, 0.008288, 0.021504, 0.320128
300, 1600, 29, 0.008288, 0.021504, 0.299552
300, 1600, 30, 0.007968, 0.02064, 0.322656
300, 1600, 31, 0.007904, 0.021504, 0.293504
300, 1600, 32, 0.008224, 0.02048, 0.320096
300, 1600, 33, 0.00816, 0.021504, 0.32816
300, 1600, 34, 0.00832, 0.022528, 0.32704
300, 1600, 35, 0.008864, 0.021504, 0.31984
300, 1600, 36, 0.008384, 0.021504, 0.326784
300, 1600, 37, 0.008704, 0.021504, 0.295104
300, 1600, 38, 0.00816, 0.0256, 0.292928
300, 1600, 39, 0.008768, 0.018432, 0.316
300, 1600, 40, 0.011936, 0.021504, 0.29568
300, 1600, 41, 0.008384, 0.020512, 0.29392
300, 1600, 42, 0.008576, 0.019456, 0.299712
300, 1600, 43, 0.00848, 0.020608, 0.314976
300, 1600, 44, 0.012512, 0.021504, 0.320192
300, 1600, 45, 0.008736, 0.021504, 0.31776
300, 1600, 46, 0.008544, 0.021504, 0.297856
300, 1600, 47, 0.008448, 0.021504, 0.296448
300, 1600, 48, 0.008352, 0.021504, 0.319104
300, 1600, 49, 0.008096, 0.021504, 0.327168
300, 3200, 0, 0.008448, 0.022528, 0.319584
300, 3200, 1, 0.0088, 0.02048, 0.31776
300, 3200, 2, 0.008992, 0.019456, 0.328544
300, 3200, 3, 0.008928, 0.023552, 0.32272
300, 3200, 4, 0.009024, 0.024576, 0.315872
300, 3200, 5, 0.008288, 0.02048, 0.322784
300, 3200, 6, 0.008416, 0.021728, 0.295648
300, 3200, 7, 0.008256, 0.02048, 0.300128
300, 3200, 8, 0.008768, 0.0208, 0.31632
300, 3200, 9, 0.008416, 0.02048, 0.32304
300, 3200, 10, 0.008544, 0.021504, 0.319936
300, 3200, 11, 0.00864, 0.021824, 0.323776
300, 3200, 12, 0.0088, 0.02048, 0.318624
300, 3200, 13, 0.010944, 0.022528, 0.31504
300, 3200, 14, 0.008416, 0.02048, 0.293664
300, 3200, 15, 0.008768, 0.02048, 0.31536
300, 3200, 16, 0.008032, 0.0208, 0.294592
300, 3200, 17, 0.008512, 0.021504, 0.294048
300, 3200, 18, 0.008288, 0.020576, 0.294272
300, 3200, 19, 0.008576, 0.020704, 0.293696
300, 3200, 20, 0.008256, 0.019456, 0.316416
300, 3200, 21, 0.008096, 0.021504, 0.316128
300, 3200, 22, 0.00832, 0.02048, 0.315872
300, 3200, 23, 0.0088, 0.020768, 0.293472
300, 3200, 24, 0.008672, 0.019456, 0.31696
300, 3200, 25, 0.00816, 0.02048, 0.314752
300, 3200, 26, 0.008864, 0.02048, 0.31728
300, 3200, 27, 0.008096, 0.020736, 0.315296
300, 3200, 28, 0.00832, 0.019456, 0.295264
300, 3200, 29, 0.008, 0.021504, 0.2944
300, 3200, 30, 0.008704, 0.02048, 0.315552
300, 3200, 31, 0.007968, 0.021504, 0.313728
300, 3200, 32, 0.008064, 0.02048, 0.315328
300, 3200, 33, 0.008224, 0.02048, 0.338336
300, 3200, 34, 0.008672, 0.021504, 0.31536
300, 3200, 35, 0.00832, 0.022528, 0.339744
300, 3200, 36, 0.008256, 0.022528, 0.296032
300, 3200, 37, 0.008352, 0.021504, 0.294112
300, 3200, 38, 0.008064, 0.019456, 0.296512
300, 3200, 39, 0.009056, 0.02048, 0.294656
300, 3200, 40, 0.008416, 0.02048, 0.299136
300, 3200, 41, 0.008704, 0.021504, 0.311904
300, 3200, 42, 0.009088, 0.019456, 0.316288
300, 3200, 43, 0.008608, 0.02064, 0.296128
300, 3200, 44, 0.00896, 0.01968, 0.319456
300, 3200, 45, 0.008224, 0.021504, 0.29376
300, 3200, 46, 0.00848, 0.020576, 0.315744
300, 3200, 47, 0.009376, 0.018432, 0.327616
300, 3200, 48, 0.008992, 0.021504, 0.304032
300, 3200, 49, 0.008256, 0.021504, 0.318784
300, 6400, 0, 0.009088, 0.0256, 0.295904
300, 6400, 1, 0.008928, 0.020672, 0.29632
300, 6400, 2, 0.008896, 0.021504, 0.314912
300, 6400, 3, 0.008736, 0.020544, 0.317184
300, 6400, 4, 0.008352, 0.020512, 0.316768
300, 6400, 5, 0.008448, 0.021792, 0.296832
300, 6400, 6, 0.008736, 0.02048, 0.295776
300, 6400, 7, 0.00832, 0.02048, 0.317216
300, 6400, 8, 0.008288, 0.02048, 0.295552
300, 6400, 9, 0.008128, 0.02048, 0.316864
300, 6400, 10, 0.009056, 0.0256, 0.299136
300, 6400, 11, 0.008832, 0.02048, 0.319712
300, 6400, 12, 0.008384, 0.022528, 0.313792
300, 6400, 13, 0.0088, 0.02048, 0.300064
300, 6400, 14, 0.008224, 0.022528, 0.31552
300, 6400, 15, 0.00816, 0.02048, 0.406848
300, 6400, 16, 0.008928, 0.021504, 0.326944
300, 6400, 17, 0.009248, 0.019456, 0.33168
300, 6400, 18, 0.008512, 0.019456, 0.32544
300, 6400, 19, 0.008608, 0.021504, 0.305376
300, 6400, 20, 0.009088, 0.022528, 0.327328
300, 6400, 21, 0.00928, 0.020576, 0.330496
300, 6400, 22, 0.00928, 0.019456, 0.30368
300, 6400, 23, 0.009504, 0.02048, 0.33088
300, 6400, 24, 0.008704, 0.019456, 0.3296
300, 6400, 25, 0.00864, 0.02048, 0.295296
300, 6400, 26, 0.0088, 0.019744, 0.295488
300, 6400, 27, 0.008256, 0.021504, 0.292416
300, 6400, 28, 0.008288, 0.02048, 0.315072
300, 6400, 29, 0.00832, 0.020672, 0.29536
300, 6400, 30, 0.008672, 0.022528, 0.320224
300, 6400, 31, 0.008576, 0.021504, 0.317984
300, 6400, 32, 0.008544, 0.02048, 0.295584
300, 6400, 33, 0.009024, 0.021504, 0.316352
300, 6400, 34, 0.008576, 0.02048, 0.320992
300, 6400, 35, 0.00848, 0.021504, 0.296416
300, 6400, 36, 0.008576, 0.02048, 0.316576
300, 6400, 37, 0.00864, 0.02048, 0.316416
300, 6400, 38, 0.0088, 0.019456, 0.295456
300, 6400, 39, 0.008288, 0.02048, 0.294144
300, 6400, 40, 0.008736, 0.02048, 0.294688
300, 6400, 41, 0.00848, 0.02048, 0.320928
300, 6400, 42, 0.008384, 0.02048, 0.294944
300, 6400, 43, 0.008544, 0.019456, 0.300832
300, 6400, 44, 0.008224, 0.022528, 0.297344
300, 6400, 45, 0.008832, 0.021504, 0.293984
300, 6400, 46, 0.008096, 0.021504, 0.316288
300, 6400, 47, 0.008032, 0.021504, 0.316256
300, 6400, 48, 0.00832, 0.02048, 0.316512
300, 6400, 49, 0.008544, 0.021504, 0.29664
300, 10000, 0, 0.009024, 0.024576, 0.299456
300, 10000, 1, 0.008896, 0.021504, 0.322112
300, 10000, 2, 0.00816, 0.021504, 0.295328
300, 10000, 3, 0.009088, 0.02048, 0.317504
300, 10000, 4, 0.008128, 0.02064, 0.319008
300, 10000, 5, 0.00848, 0.02048, 0.31872
300, 10000, 6, 0.009056, 0.02048, 0.298272
300, 10000, 7, 0.008352, 0.020672, 0.294848
300, 10000, 8, 0.008, 0.021536, 0.294112
300, 10000, 9, 0.008576, 0.021504, 0.313408
300, 10000, 10, 0.008192, 0.02048, 0.316704
300, 10000, 11, 0.008032, 0.020704, 0.322784
300, 10000, 12, 0.008704, 0.02048, 0.315168
300, 10000, 13, 0.009056, 0.022528, 0.30064
300, 10000, 14, 0.009056, 0.021504, 0.316928
300, 10000, 15, 0.009088, 0.02048, 0.299392
300, 10000, 16, 0.008736, 0.02048, 0.295744
300, 10000, 17, 0.008192, 0.019456, 0.298848
300, 10000, 18, 0.008832, 0.019456, 0.317856
300, 10000, 19, 0.008608, 0.018432, 0.321088
300, 10000, 20, 0.008576, 0.02048, 0.297248
300, 10000, 21, 0.008096, 0.021888, 0.31968
300, 10000, 22, 0.008352, 0.020576, 0.315488
300, 10000, 23, 0.007904, 0.021504, 0.298048
300, 10000, 24, 0.008224, 0.019456, 0.329664
300, 10000, 25, 0.008352, 0.021504, 0.329664
300, 10000, 26, 0.008384, 0.022528, 0.29392
300, 10000, 27, 0.008512, 0.02048, 0.321472
300, 10000, 28, 0.008608, 0.020512, 0.305312
300, 10000, 29, 0.008512, 0.02048, 0.321728
300, 10000, 30, 0.008416, 0.02048, 0.31488
300, 10000, 31, 0.00848, 0.02048, 0.316288
300, 10000, 32, 0.00832, 0.02048, 0.317664
300, 10000, 33, 0.008512, 0.019456, 0.29504
300, 10000, 34, 0.008736, 0.018432, 0.297984
300, 10000, 35, 0.008128, 0.019456, 0.324448
300, 10000, 36, 0.008704, 0.019456, 0.30736
300, 10000, 37, 0.00864, 0.021504, 0.315776
300, 10000, 38, 0.008416, 0.02048, 0.31552
300, 10000, 39, 0.008864, 0.02048, 0.316416
300, 10000, 40, 0.00816, 0.02048, 0.294752
300, 10000, 41, 0.008832, 0.02048, 0.295168
300, 10000, 42, 0.00816, 0.02048, 0.295168
300, 10000, 43, 0.008576, 0.022528, 0.31472
300, 10000, 44, 0.007872, 0.021504, 0.32064
300, 10000, 45, 0.008608, 0.02048, 0.31728
300, 10000, 46, 0.008544, 0.02048, 0.296352
300, 10000, 47, 0.008256, 0.021504, 0.29312
300, 10000, 48, 0.009408, 0.019456, 0.296
300, 10000, 49, 0.008288, 0.02064, 0.315872
201, 1, 0, 0.006336, 0.012288, 0.009376
201, 1, 1, 0.010944, 0.010016, 0.00736
201, 1, 2, 0.005472, 0.00896, 0.00608
201, 1, 3, 0.0056, 0.00896, 0.005792
201, 1, 4, 0.005408, 0.007936, 0.00672
201, 1, 5, 0.005888, 0.008192, 0.006016
201, 1, 6, 0.005376, 0.008032, 0.006272
201, 1, 7, 0.006848, 0.008192, 0.00624
201, 1, 8, 0.005696, 0.008192, 0.006304
201, 1, 9, 0.006208, 0.007168, 0.00656
201, 1, 10, 0.005824, 0.008192, 0.006304
201, 1, 11, 0.005984, 0.008192, 0.00592
201, 1, 12, 0.005664, 0.008192, 0.00608
201, 1, 13, 0.005504, 0.008064, 0.006528
201, 1, 14, 0.006112, 0.007168, 0.006592
201, 1, 15, 0.005344, 0.008032, 0.006368
201, 1, 16, 0.006144, 0.007168, 0.006624
201, 1, 17, 0.005536, 0.008192, 0.005888
201, 1, 18, 0.005568, 0.007168, 0.006976
201, 1, 19, 0.005792, 0.007424, 0.006304
201, 1, 20, 0.00592, 0.007424, 0.006336
201, 1, 21, 0.00592, 0.00752, 0.006368
201, 1, 22, 0.005856, 0.007168, 0.006688
201, 1, 23, 0.006048, 0.007296, 0.006432
201, 1, 24, 0.005376, 0.008096, 0.00688
201, 1, 25, 0.005696, 0.008192, 0.006176
201, 1, 26, 0.005376, 0.008192, 0.006016
201, 1, 27, 0.005568, 0.008192, 0.00592
201, 1, 28, 0.005856, 0.007168, 0.0064
201, 1, 29, 0.005376, 0.008192, 0.005888
201, 1, 30, 0.005728, 0.008192, 0.006656
201, 1, 31, 0.005568, 0.008192, 0.006176
201, 1, 32, 0.005344, 0.00784, 0.006624
201, 1, 33, 0.006208, 0.007296, 0.006464
201, 1, 34, 0.006144, 0.007424, 0.006368
201, 1, 35, 0.005376, 0.007936, 0.00624
201, 1, 36, 0.005504, 0.007168, 0.006624
201, 1, 37, 0.005344, 0.00816, 0.006176
201, 1, 38, 0.005536, 0.008192, 0.005728
201, 1, 39, 0.0056, 0.007168, 0.006656
201, 1, 40, 0.005696, 0.008192, 0.005952
201, 1, 41, 0.005792, 0.007168, 0.006592
201, 1, 42, 0.005824, 0.007168, 0.006624
201, 1, 43, 0.005824, 0.007392, 0.006528
201, 1, 44, 0.005856, 0.007168, 0.006816
201, 1, 45, 0.005408, 0.008192, 0.006176
201, 1, 46, 0.005568, 0.008192, 0.005856
201, 1, 47, 0.005408, 0.008064, 0.006144
201, 1, 48, 0.005312, 0.008064, 0.006336
201, 1, 49, 0.005344, 0.007936, 0.006272
201, 2, 0, 0.00544, 0.009056, 0.006752
201, 2, 1, 0.005952, 0.008192, 0.006304
201, 2, 2, 0.00544, 0.008864, 0.006208
201, 2, 3, 0.005696, 0.008064, 0.00656
201, 2, 4, 0.005344, 0.00832, 0.006592
201, 2, 5, 0.006016, 0.008192, 0.006048
201, 2, 6, 0.005504, 0.008128, 0.006656
201, 2, 7, 0.005408, 0.008096, 0.006368
201, 2, 8, 0.005568, 0.008224, 0.00672
201, 2, 9, 0.005632, 0.008064, 0.006624
201, 2, 10, 0.005376, 0.008192, 0.006624
201, 2, 11, 0.005344, 0.008256, 0.006528
201, 2, 12, 0.005504, 0.008192, 0.006464
201, 2, 13, 0.005696, 0.008192, 0.00624
201, 2, 14, 0.00592, 0.007168, 0.010496
201, 2, 15, 0.005536, 0.00784, 0.007424
201, 2, 16, 0.005376, 0.008192, 0.00688
201, 2, 17, 0.005408, 0.008192, 0.006304
201, 2, 18, 0.005824, 0.008192, 0.006528
201, 2, 19, 0.005504, 0.008192, 0.006624
201, 2, 20, 0.005472, 0.008192, 0.007136
201, 2, 21, 0.005472, 0.007968, 0.006912
201, 2, 22, 0.00528, 0.007904, 0.007616
201, 2, 23, 0.005664, 0.008192, 0.00656
201, 2, 24, 0.005632, 0.008192, 0.0072
201, 2, 25, 0.006016, 0.008192, 0.006144
201, 2, 26, 0.00608, 0.008192, 0.00672
201, 2, 27, 0.005472, 0.00832, 0.006464
201, 2, 28, 0.0056, 0.008192, 0.006304
201, 2, 29, 0.00592, 0.008192, 0.005952
201, 2, 30, 0.005376, 0.008128, 0.006688
201, 2, 31, 0.005792, 0.008032, 0.006432
201, 2, 32, 0.00576, 0.008192, 0.006048
201, 2, 33, 0.005728, 0.008192, 0.006496
201, 2, 34, 0.005632, 0.007168, 0.006912
201, 2, 35, 0.005376, 0.008192, 0.005984
201, 2, 36, 0.005408, 0.01248, 0.007072
201, 2, 37, 0.005408, 0.008064, 0.007296
201, 2, 38, 0.005632, 0.008192, 0.006496
201, 2, 39, 0.005696, 0.008192, 0.006144
201, 2, 40, 0.005792, 0.008192, 0.006144
201, 2, 41, 0.00544, 0.007872, 0.006752
201, 2, 42, 0.005376, 0.008224, 0.00672
201, 2, 43, 0.005408, 0.008384, 0.006624
201, 2, 44, 0.005408, 0.008064, 0.006688
201, 2, 45, 0.005376, 0.00816, 0.006688
201, 2, 46, 0.005504, 0.008192, 0.0064
201, 2, 47, 0.005824, 0.008192, 0.006432
201, 2, 48, 0.005792, 0.008192, 0.0064
201, 2, 49, 0.0056, 0.008192, 0.006848
201, 4, 0, 0.005536, 0.008992, 0.007584
201, 4, 1, 0.005472, 0.00896, 0.006336
201, 4, 2, 0.005312, 0.008192, 0.00688
201, 4, 3, 0.005472, 0.008128, 0.006912
201, 4, 4, 0.005376, 0.008224, 0.007072
201, 4, 5, 0.005984, 0.007168, 0.006784
201, 4, 6, 0.00544, 0.00832, 0.007008
201, 4, 7, 0.005472, 0.00816, 0.006752
201, 4, 8, 0.00544, 0.008192, 0.006976
201, 4, 9, 0.005376, 0.008, 0.007168
201, 4, 10, 0.005952, 0.007168, 0.0072
201, 4, 11, 0.005376, 0.008192, 0.00672
201, 4, 12, 0.005696, 0.008192, 0.00656
201, 4, 13, 0.006112, 0.011264, 0.00752
201, 4, 14, 0.005632, 0.008864, 0.006272
201, 4, 15, 0.00608, 0.007392, 0.0072
201, 4, 16, 0.005824, 0.008192, 0.00656
201, 4, 17, 0.005568, 0.008192, 0.006912
201, 4, 18, 0.005568, 0.008192, 0.006528
201, 4, 19, 0.005984, 0.008192, 0.005952
201, 4, 20, 0.005632, 0.011264, 0.00688
201, 4, 21, 0.005824, 0.008224, 0.007296
201, 4, 22, 0.006016, 0.008192, 0.006784
201, 4, 23, 0.005856, 0.008192, 0.00608
201, 4, 24, 0.00576, 0.007168, 0.007328
201, 4, 25, 0.005568, 0.008128, 0.006848
201, 4, 26, 0.005824, 0.008192, 0.00672
201, 4, 27, 0.00592, 0.008192, 0.00624
201, 4, 28, 0.00528, 0.00816, 0.006624
201, 4, 29, 0.005984, 0.008192, 0.006112
201, 4, 30, 0.005664, 0.008192, 0.006784
201, 4, 31, 0.005888, 0.007168, 0.007008
201, 4, 32, 0.005664, 0.008192, 0.006464
201, 4, 33, 0.005824, 0.008192, 0.006304
201, 4, 34, 0.00624, 0.008192, 0.006272
201, 4, 35, 0.0056, 0.008032, 0.007008
201, 4, 36, 0.006144, 0.007552, 0.006944
201, 4, 37, 0.005728, 0.00816, 0.006624
201, 4, 38, 0.005664, 0.008192, 0.006816
201, 4, 39, 0.005728, 0.007872, 0.007104
201, 4, 40, 0.0056, 0.008192, 0.006336
201, 4, 41, 0.005536, 0.008096, 0.007328
201, 4, 42, 0.005888, 0.008192, 0.0064
201, 4, 43, 0.0064, 0.007168, 0.007168
201, 4, 44, 0.005312, 0.008256, 0.006784
201, 4, 45, 0.005312, 0.008128, 0.006752
201, 4, 46, 0.005952, 0.008192, 0.006272
201, 4, 47, 0.005376, 0.007968, 0.007104
201, 4, 48, 0.005536, 0.008192, 0.006592
201, 4, 49, 0.005376, 0.00784, 0.007456
201, 8, 0, 0.005408, 0.00992, 0.008224
201, 8, 1, 0.0056, 0.008192, 0.008288
201, 8, 2, 0.005696, 0.008192, 0.00816
201, 8, 3, 0.00544, 0.008864, 0.007488
201, 8, 4, 0.005408, 0.008928, 0.007136
201, 8, 5, 0.00576, 0.008192, 0.00752
201, 8, 6, 0.005952, 0.008192, 0.008192
201, 8, 7, 0.005824, 0.008352, 0.00784
201, 8, 8, 0.005504, 0.008192, 0.008256
201, 8, 9, 0.006016, 0.008192, 0.008288
201, 8, 10, 0.005408, 0.008192, 0.00816
201, 8, 11, 0.005472, 0.008288, 0.007904
201, 8, 12, 0.005664, 0.008192, 0.007904
201, 8, 13, 0.005984, 0.008192, 0.007456
201, 8, 14, 0.006048, 0.008192, 0.00768
201, 8, 15, 0.005888, 0.008192, 0.007872
201, 8, 16, 0.005536, 0.01264, 0.008672
201, 8, 17, 0.00592, 0.009216, 0.008032
201, 8, 18, 0.00576, 0.008288, 0.008256
201, 8, 19, 0.005408, 0.008128, 0.008
201, 8, 20, 0.005728, 0.008192, 0.007552
201, 8, 21, 0.006304, 0.01008, 0.00848
201, 8, 22, 0.005888, 0.008192, 0.00768
201, 8, 23, 0.006016, 0.008192, 0.007424
201, 8, 24, 0.005376, 0.008992, 0.007392
201, 8, 25, 0.005504, 0.00816, 0.00832
201, 8, 26, 0.00544, 0.008384, 0.007776
201, 8, 27, 0.005632, 0.008192, 0.008
201, 8, 28, 0.005536, 0.008192, 0.008352
201, 8, 29, 0.00544, 0.007936, 0.00832
201, 8, 30, 0.005408, 0.008352, 0.008032
201, 8, 31, 0.005728, 0.008288, 0.00832
201, 8, 32, 0.005248, 0.008896, 0.007584
201, 8, 33, 0.0056, 0.008128, 0.008224
201, 8, 34, 0.00528, 0.008224, 0.007808
201, 8, 35, 0.005824, 0.008192, 0.007808
201, 8, 36, 0.005952, 0.008192, 0.007392
201, 8, 37, 0.005472, 0.008128, 0.007936
201, 8, 38, 0.005696, 0.008192, 0.008224
201, 8, 39, 0.0056, 0.008192, 0.008192
201, 8, 40, 0.005568, 0.008896, 0.00752
201, 8, 41, 0.00544, 0.008256, 0.008256
201, 8, 42, 0.005376, 0.01312, 0.008608
201, 8, 43, 0.005472, 0.009056, 0.007328
201, 8, 44, 0.0056, 0.008864, 0.007392
201, 8, 45, 0.006016, 0.008192, 0.007872
201, 8, 46, 0.005504, 0.008192, 0.008128
201, 8, 47, 0.005696, 0.008192, 0.008192
201, 8, 48, 0.0056, 0.008192, 0.008256
201, 8, 49, 0.005504, 0.008192, 0.007968
201, 16, 0, 0.005568, 0.009024, 0.010656
201, 16, 1, 0.005568, 0.008064, 0.010688
201, 16, 2, 0.005632, 0.008064, 0.010464
201, 16, 3, 0.006016, 0.008192, 0.010208
201, 16, 4, 0.005664, 0.008192, 0.010112
201, 16, 5, 0.005664, 0.008192, 0.0104
201, 16, 6, 0.005408, 0.008032, 0.010336
201, 16, 7, 0.0056, 0.008192, 0.009856
201, 16, 8, 0.005376, 0.008928, 0.009952
201, 16, 9, 0.005504, 0.008192, 0.010112
201, 16, 10, 0.005792, 0.008192, 0.009856
201, 16, 11, 0.006208, 0.007168, 0.01056
201, 16, 12, 0.005472, 0.008256, 0.010304
201, 16, 13, 0.005536, 0.00816, 0.010112
201, 16, 14, 0.005536, 0.008224, 0.015008
201, 16, 15, 0.005984, 0.008192, 0.010304
201, 16, 16, 0.005728, 0.008192, 0.01008
201, 16, 17, 0.00592, 0.008192, 0.01008
201, 16, 18, 0.005536, 0.008256, 0.010208
201, 16, 19, 0.00576, 0.008192, 0.009984
201, 16, 20, 0.005312, 0.008864, 0.009792
201, 16, 21, 0.005632, 0.008352, 0.00992
201, 16, 22, 0.005728, 0.008192, 0.010208
201, 16, 23, 0.005504, 0.008192, 0.010336
201, 16, 24, 0.005728, 0.008192, 0.010656
201, 16, 25, 0.005376, 0.008288, 0.010272
201, 16, 26, 0.00544, 0.008192, 0.009824
201, 16, 27, 0.005888, 0.008192, 0.009472
201, 16, 28, 0.005408, 0.00816, 0.010336
201, 16, 29, 0.005408, 0.008064, 0.010368
201, 16, 30, 0.005504, 0.008192, 0.010208
201, 16, 31, 0.005664, 0.00832, 0.01008
201, 16, 32, 0.005632, 0.008192, 0.010336
201, 16, 33, 0.005472, 0.007904, 0.010656
201, 16, 34, 0.005376, 0.008416, 0.010048
201, 16, 35, 0.005504, 0.008192, 0.01008
201, 16, 36, 0.005888, 0.008192, 0.009824
201, 16, 37, 0.00592, 0.008192, 0.010176
201, 16, 38, 0.005888, 0.012288, 0.011168
201, 16, 39, 0.006144, 0.008192, 0.009952
201, 16, 40, 0.005664, 0.008192, 0.010432
201, 16, 41, 0.005696, 0.008192, 0.009856
201, 16, 42, 0.005408, 0.008256, 0.010368
201, 16, 43, 0.005408, 0.008128, 0.010592
201, 16, 44, 0.005344, 0.007968, 0.010176
201, 16, 45, 0.00576, 0.008192, 0.011168
201, 16, 46, 0.005344, 0.008192, 0.010048
201, 16, 47, 0.005376, 0.008256, 0.009824
201, 16, 48, 0.005696, 0.008192, 0.010176
201, 16, 49, 0.005824, 0.008192, 0.009536
201, 32, 0, 0.005728, 0.009152, 0.014784
201, 32, 1, 0.006528, 0.008192, 0.014528
201, 32, 2, 0.005376, 0.00816, 0.014944
201, 32, 3, 0.005472, 0.008, 0.014592
201, 32, 4, 0.005824, 0.008192, 0.015264
201, 32, 5, 0.005536, 0.008224, 0.015168
201, 32, 6, 0.005376, 0.008032, 0.01552
201, 32, 7, 0.005696, 0.008192, 0.019008
201, 32, 8, 0.005664, 0.00848, 0.01536
201, 32, 9, 0.006016, 0.008192, 0.013728
201, 32, 10, 0.0056, 0.008288, 0.015616
201, 32, 11, 0.005536, 0.008192, 0.014368
201, 32, 12, 0.005792, 0.008192, 0.01536
201, 32, 13, 0.005344, 0.008032, 0.014144
201, 32, 14, 0.005472, 0.008192, 0.01504
201, 32, 15, 0.00592, 0.008192, 0.014592
201, 32, 16, 0.005696, 0.008192, 0.014336
201, 32, 17, 0.005536, 0.008992, 0.0136
201, 32, 18, 0.005728, 0.008192, 0.01488
201, 32, 19, 0.005792, 0.008192, 0.013984
201, 32, 20, 0.005568, 0.00816, 0.014368
201, 32, 21, 0.005472, 0.008128, 0.014208
201, 32, 22, 0.006016, 0.007168, 0.01456
201, 32, 23, 0.00544, 0.008096, 0.014208
201, 32, 24, 0.005024, 0.008192, 0.01488
201, 32, 25, 0.005504, 0.008192, 0.014976
201, 32, 26, 0.005568, 0.008192, 0.014048
201, 32, 27, 0.005792, 0.008192, 0.018336
201, 32, 28, 0.005536, 0.008192, 0.014816
201, 32, 29, 0.005536, 0.008416, 0.014464
201, 32, 30, 0.005664, 0.008192, 0.014144
201, 32, 31, 0.006336, 0.008192, 0.0144
201, 32, 32, 0.006144, 0.007552, 0.014144
201, 32, 33, 0.005888, 0.008096, 0.015104
201, 32, 34, 0.005312, 0.00816, 0.015072
201, 32, 35, 0.006208, 0.007168, 0.015136
201, 32, 36, 0.00544, 0.00816, 0.01504
201, 32, 37, 0.0056, 0.008224, 0.015584
201, 32, 38, 0.005536, 0.008192, 0.014144
201, 32, 39, 0.005664, 0.008192, 0.013728
201, 32, 40, 0.005632, 0.008192, 0.01456
201, 32, 41, 0.005984, 0.007488, 0.015104
201, 32, 42, 0.005248, 0.008896, 0.015424
201, 32, 43, 0.006016, 0.007168, 0.015424
201, 32, 44, 0.005376, 0.008096, 0.014752
201, 32, 45, 0.0056, 0.008192, 0.01408
201, 32, 46, 0.0056, 0.008192, 0.01504
201, 32, 47, 0.005472, 0.012288, 0.014912
201, 32, 48, 0.005792, 0.008192, 0.014496
201, 32, 49, 0.005472, 0.008192, 0.014592
201, 64, 0, 0.005952, 0.00992, 0.023328
201, 64, 1, 0.005632, 0.008864, 0.024544
201, 64, 2, 0.006016, 0.008192, 0.024736
201, 64, 3, 0.005632, 0.008832, 0.022496
201, 64, 4, 0.005664, 0.00848, 0.023872
201, 64, 5, 0.005856, 0.008192, 0.024736
201, 64, 6, 0.005664, 0.008, 0.023872
201, 64, 7, 0.00544, 0.008096, 0.025248
201, 64, 8, 0.00544, 0.008896, 0.023168
201, 64, 9, 0.005664, 0.008032, 0.029312
201, 64, 10, 0.0056, 0.008928, 0.0256
201, 64, 11, 0.006112, 0.008928, 0.02304
201, 64, 12, 0.005472, 0.009216, 0.023136
201, 64, 13, 0.0056, 0.009184, 0.022784
201, 64, 14, 0.005344, 0.009216, 0.022912
201, 64, 15, 0.005664, 0.008928, 0.024032
201, 64, 16, 0.005728, 0.008192, 0.023808
201, 64, 17, 0.005568, 0.008896, 0.022656
201, 64, 18, 0.005632, 0.008192, 0.02384
201, 64, 19, 0.00576, 0.008928, 0.024192
201, 64, 20, 0.005568, 0.008512, 0.023392
201, 64, 21, 0.006016, 0.008192, 0.023424
201, 64, 22, 0.005824, 0.008192, 0.023968
201, 64, 23, 0.005856, 0.008192, 0.02416
201, 64, 24, 0.005408, 0.008928, 0.027616
201, 64, 25, 0.006112, 0.008416, 0.023616
201, 64, 26, 0.00544, 0.008416, 0.023328
201, 64, 27, 0.005696, 0.008288, 0.024608
201, 64, 28, 0.005632, 0.008928, 0.023712
201, 64, 29, 0.005504, 0.007968, 0.023872
201, 64, 30, 0.006048, 0.008192, 0.023072
201, 64, 31, 0.005568, 0.009024, 0.022688
201, 64, 32, 0.0056, 0.008448, 0.025024
201, 64, 33, 0.00608, 0.008192, 0.02416
201, 64, 34, 0.005984, 0.008192, 0.024864
201, 64, 35, 0.005952, 0.008384, 0.024576
201, 64, 36, 0.00608, 0.008192, 0.023008
201, 64, 37, 0.005888, 0.008192, 0.024448
201, 64, 38, 0.005568, 0.00848, 0.023008
201, 64, 39, 0.005472, 0.008416, 0.028736
201, 64, 40, 0.005536, 0.009216, 0.023072
201, 64, 41, 0.005696, 0.00896, 0.023968
201, 64, 42, 0.005504, 0.008192, 0.023776
201, 64, 43, 0.005856, 0.008192, 0.023008
201, 64, 44, 0.005824, 0.008192, 0.024096
201, 64, 45, 0.006048, 0.008192, 0.024096
201, 64, 46, 0.005568, 0.008864, 0.022752
201, 64, 47, 0.006048, 0.008192, 0.023104
201, 64, 48, 0.005664, 0.008192, 0.023808
201, 64, 49, 0.005728, 0.008192, 0.024256
201, 100, 0, 0.00576, 0.010144, 0.03376
201, 100, 1, 0.005632, 0.00928, 0.034208
201, 100, 2, 0.005888, 0.009216, 0.039968
201, 100, 3, 0.006176, 0.01024, 0.031808
201, 100, 4, 0.006208, 0.009216, 0.034144
201, 100, 5, 0.00608, 0.009216, 0.03392
201, 100, 6, 0.006144, 0.009216, 0.032224
201, 100, 7, 0.006336, 0.009216, 0.033184
201, 100, 8, 0.006048, 0.009216, 0.032064
201, 100, 9, 0.005888, 0.009216, 0.032448
201, 100, 10, 0.006208, 0.009216, 0.03488
201, 100, 11, 0.006208, 0.00944, 0.03312
201, 100, 12, 0.005632, 0.009856, 0.033728
201, 100, 13, 0.005888, 0.009216, 0.031872
201, 100, 14, 0.005248, 0.00944, 0.034464
201, 100, 15, 0.005856, 0.009216, 0.03152
201, 100, 16, 0.005504, 0.009216, 0.033824
201, 100, 17, 0.005792, 0.009184, 0.032032
201, 100, 18, 0.005344, 0.009216, 0.034976
201, 100, 19, 0.006336, 0.008192, 0.034944
201, 100, 20, 0.005408, 0.009216, 0.03408
201, 100, 21, 0.006272, 0.009216, 0.032192
201, 100, 22, 0.005312, 0.009376, 0.032384
201, 100, 23, 0.005696, 0.009248, 0.034144
201, 100, 24, 0.005888, 0.009216, 0.032192
201, 100, 25, 0.006016, 0.009216, 0.032
201, 100, 26, 0.005696, 0.009216, 0.03184
201, 100, 27, 0.0056, 0.009152, 0.031872
201, 100, 28, 0.005792, 0.009184, 0.031936
201, 100, 29, 0.006144, 0.008192, 0.032224
201, 100, 30, 0.005824, 0.009216, 0.033632
201, 100, 31, 0.005728, 0.009216, 0.034272
201, 100, 32, 0.00592, 0.009216, 0.036448
201, 100, 33, 0.006016, 0.009216, 0.032032
201, 100, 34, 0.005568, 0.009088, 0.031936
201, 100, 35, 0.005632, 0.009216, 0.03504
201, 100, 36, 0.005984, 0.009216, 0.033152
201, 100, 37, 0.005568, 0.009216, 0.03216
201, 100, 38, 0.0056, 0.009216, 0.032064
201, 100, 39, 0.005696, 0.008864, 0.033152
201, 100, 40, 0.005888, 0.009216, 0.031968
201, 100, 41, 0.005952, 0.008192, 0.03392
201, 100, 42, 0.005472, 0.009216, 0.032288
201, 100, 43, 0.006176, 0.009216, 0.033312
201, 100, 44, 0.005664, 0.009216, 0.03168
201, 100, 45, 0.006432, 0.008512, 0.033408
201, 100, 46, 0.005856, 0.009216, 0.036384
201, 100, 47, 0.00592, 0.009856, 0.03392
201, 100, 48, 0.006176, 0.008192, 0.032832
201, 100, 49, 0.005952, 0.009216, 0.033984
201, 200, 0, 0.006368, 0.011264, 0.062912
201, 200, 1, 0.00624, 0.010336, 0.058016
201, 200, 2, 0.006528, 0.01024, 0.057088
201, 200, 3, 0.005792, 0.010336, 0.059776
201, 200, 4, 0.005984, 0.01024, 0.061888
201, 200, 5, 0.005568, 0.01024, 0.061984
201, 200, 6, 0.005952, 0.01024, 0.057536
201, 200, 7, 0.006208, 0.01024, 0.056896
201, 200, 8, 0.00768, 0.011264, 0.06176
201, 200, 9, 0.006144, 0.01024, 0.057504
201, 200, 10, 0.005856, 0.010272, 0.05744
201, 200, 11, 0.006368, 0.01024, 0.060416
201, 200, 12, 0.006336, 0.01024, 0.062304
201, 200, 13, 0.006912, 0.01024, 0.06096
201, 200, 14, 0.006464, 0.01024, 0.057024
201, 200, 15, 0.0056, 0.011264, 0.057856
201, 200, 16, 0.006112, 0.01024, 0.059232
201, 200, 17, 0.006112, 0.01024, 0.057792
201, 200, 18, 0.006144, 0.01024, 0.061632
201, 200, 19, 0.00608, 0.010528, 0.057856
201, 200, 20, 0.006176, 0.01024, 0.062592
201, 200, 21, 0.005536, 0.010624, 0.062304
201, 200, 22, 0.0056, 0.01024, 0.057696
201, 200, 23, 0.005664, 0.011264, 0.061376
201, 200, 24, 0.005568, 0.01024, 0.057664
201, 200, 25, 0.00624, 0.0104, 0.058048
201, 200, 26, 0.0064, 0.01024, 0.060928
201, 200, 27, 0.00656, 0.01024, 0.059904
201, 200, 28, 0.0056, 0.01024, 0.058016
201, 200, 29, 0.006368, 0.01024, 0.061216
201, 200, 30, 0.006336, 0.01024, 0.061472
201, 200, 31, 0.005664, 0.012288, 0.064864
201, 200, 32, 0.006368, 0.011264, 0.06096
201, 200, 33, 0.006336, 0.010272, 0.057024
201, 200, 34, 0.006112, 0.01024, 0.058336
201, 200, 35, 0.006304, 0.01024, 0.056672
201, 200, 36, 0.005728, 0.01024, 0.057344
201, 200, 37, 0.005408, 0.011264, 0.057344
201, 200, 38, 0.006816, 0.010368, 0.05792
201, 200, 39, 0.0056, 0.011264, 0.061152
201, 200, 40, 0.005856, 0.01024, 0.0648
201, 200, 41, 0.006176, 0.011264, 0.058912
201, 200, 42, 0.005824, 0.01024, 0.058368
201, 200, 43, 0.00608, 0.01024, 0.057728
201, 200, 44, 0.006272, 0.01024, 0.063488
201, 200, 45, 0.005984, 0.01024, 0.0624
201, 200, 46, 0.00592, 0.01024, 0.062176
201, 200, 47, 0.005632, 0.010592, 0.057984
201, 200, 48, 0.005952, 0.01024, 0.062976
201, 200, 49, 0.006048, 0.01024, 0.061408
201, 400, 0, 0.0072, 0.012288, 0.112992
201, 400, 1, 0.007008, 0.011264, 0.121376
201, 400, 2, 0.006752, 0.011264, 0.111968
201, 400, 3, 0.006496, 0.011264, 0.112384
201, 400, 4, 0.006944, 0.01024, 0.120256
201, 400, 5, 0.006976, 0.011264, 0.120288
201, 400, 6, 0.006848, 0.011264, 0.12032
201, 400, 7, 0.007136, 0.01536, 0.122304
201, 400, 8, 0.007392, 0.01024, 0.118912
201, 400, 9, 0.006656, 0.011264, 0.125824
201, 400, 10, 0.006752, 0.011264, 0.111392
201, 400, 11, 0.0064, 0.011296, 0.12112
201, 400, 12, 0.007232, 0.01024, 0.121568
201, 400, 13, 0.00672, 0.011264, 0.111936
201, 400, 14, 0.006944, 0.011264, 0.112576
201, 400, 15, 0.007392, 0.010592, 0.112768
201, 400, 16, 0.006656, 0.011264, 0.111232
201, 400, 17, 0.006304, 0.011456, 0.120128
201, 400, 18, 0.006976, 0.011264, 0.120032
201, 400, 19, 0.006816, 0.011264, 0.112064
201, 400, 20, 0.00736, 0.01024, 0.111968
201, 400, 21, 0.006912, 0.01024, 0.112256
201, 400, 22, 0.006688, 0.011264, 0.121984
201, 400, 23, 0.007296, 0.012288, 0.112736
201, 400, 24, 0.00736, 0.012288, 0.111712
201, 400, 25, 0.007296, 0.0104, 0.121056
201, 400, 26, 0.006272, 0.011264, 0.124544
201, 400, 27, 0.007232, 0.011264, 0.12032
201, 400, 28, 0.006624, 0.011264, 0.11216
201, 400, 29, 0.006624, 0.011264, 0.120384
201, 400, 30, 0.007168, 0.01024, 0.11168
201, 400, 31, 0.00704, 0.011264, 0.120224
201, 400, 32, 0.007808, 0.01536, 0.11248
201, 400, 33, 0.007104, 0.011264, 0.120416
201, 400, 34, 0.006336, 0.011264, 0.111296
201, 400, 35, 0.007328, 0.01024, 0.112352
201, 400, 36, 0.006624, 0.011264, 0.111296
201, 400, 37, 0.006464, 0.011264, 0.111456
201, 400, 38, 0.00672, 0.011264, 0.111232
201, 400, 39, 0.00656, 0.011264, 0.119136
201, 400, 40, 0.006944, 0.012288, 0.120224
201, 400, 41, 0.00672, 0.011264, 0.112352
201, 400, 42, 0.00704, 0.011584, 0.11232
201, 400, 43, 0.006624, 0.012288, 0.12656
201, 400, 44, 0.007072, 0.012288, 0.119584
201, 400, 45, 0.0072, 0.010368, 0.112192
201, 400, 46, 0.007232, 0.01024, 0.111616
201, 400, 47, 0.006752, 0.011264, 0.233536
201, 400, 48, 0.00688, 0.012288, 0.126752
201, 400, 49, 0.007328, 0.011264, 0.125248
201, 800, 0, 0.008896, 0.013312, 0.22896
201, 800, 1, 0.009056, 0.012288, 0.209216
201, 800, 2, 0.008384, 0.012288, 0.210752
201, 800, 3, 0.008416, 0.012576, 0.228512
201, 800, 4, 0.008608, 0.012288, 0.208928
201, 800, 5, 0.00896, 0.012288, 0.329728
201, 800, 6, 0.008192, 0.013312, 0.219872
201, 800, 7, 0.008128, 0.01232, 0.222528
201, 800, 8, 0.008512, 0.012288, 0.211744
201, 800, 9, 0.008928, 0.012288, 0.219936
201, 800, 10, 0.008128, 0.012288, 0.203904
201, 800, 11, 0.008096, 0.012288, 0.203328
201, 800, 12, 0.008192, 0.011264, 0.225952
201, 800, 13, 0.008128, 0.014336, 0.242848
201, 800, 14, 0.008544, 0.013312, 0.225088
201, 800, 15, 0.009152, 0.012288, 0.218272
201, 800, 16, 0.008832, 0.011264, 0.210208
201, 800, 17, 0.008832, 0.011552, 0.220704
201, 800, 18, 0.008192, 0.012288, 0.204256
201, 800, 19, 0.008288, 0.011552, 0.205216
201, 800, 20, 0.008384, 0.012288, 0.2192
201, 800, 21, 0.007968, 0.012288, 0.219008
201, 800, 22, 0.0088, 0.01152, 0.204672
201, 800, 23, 0.00864, 0.011264, 0.221312
201, 800, 24, 0.008992, 0.011264, 0.203936
201, 800, 25, 0.007904, 0.012288, 0.20864
201, 800, 26, 0.00864, 0.011392, 0.204832
201, 800, 27, 0.00832, 0.012288, 0.218848
201, 800, 28, 0.008576, 0.011264, 0.219936
201, 800, 29, 0.007808, 0.012288, 0.204288
201, 800, 30, 0.008096, 0.012288, 0.217984
201, 800, 31, 0.008064, 0.012288, 0.218016
201, 800, 32, 0.008864, 0.011264, 0.219488
201, 800, 33, 0.00832, 0.012288, 0.213632
201, 800, 34, 0.00816, 0.012288, 0.209792
201, 800, 35, 0.008, 0.012288, 0.205536
201, 800, 36, 0.008672, 0.011488, 0.22128
201, 800, 37, 0.007936, 0.012288, 0.205568
201, 800, 38, 0.009248, 0.01024, 0.218944
201, 800, 39, 0.008512, 0.011264, 0.207936
201, 800, 40, 0.007776, 0.012288, 0.20384
201, 800, 41, 0.008096, 0.012288, 0.203424
201, 800, 42, 0.008832, 0.011296, 0.20512
201, 800, 43, 0.00896, 0.011456, 0.218848
201, 800, 44, 0.008864, 0.011264, 0.208992
201, 800, 45, 0.00832, 0.012288, 0.219872
201, 800, 46, 0.008896, 0.011264, 0.21968
201, 800, 47, 0.008288, 0.012288, 0.205568
201, 800, 48, 0.008064, 0.012288, 0.205312
201, 800, 49, 0.008736, 0.011264, 0.22272
201, 1600, 0, 0.008448, 0.013312, 0.220384
201, 1600, 1, 0.008288, 0.01248, 0.224
201, 1600, 2, 0.00864, 0.011264, 0.218784
201, 1600, 3, 0.008128, 0.013312, 0.218112
201, 1600, 4, 0.008384, 0.011584, 0.204416
201, 1600, 5, 0.008, 0.012288, 0.203776
201, 1600, 6, 0.00896, 0.011264, 0.209344
201, 1600, 7, 0.00832, 0.012288, 0.219808
201, 1600, 8, 0.008416, 0.011264, 0.2056
201, 1600, 9, 0.008288, 0.012288, 0.216288
201, 1600, 10, 0.00928, 0.011264, 0.204832
201, 1600, 11, 0.008128, 0.012288, 0.21312
201, 1600, 12, 0.008192, 0.012288, 0.203552
201, 1600, 13, 0.00896, 0.011264, 0.20288
201, 1600, 14, 0.008864, 0.012288, 0.204928
201, 1600, 15, 0.008896, 0.011264, 0.203808
201, 1600, 16, 0.008256, 0.011264, 0.203744
201, 1600, 17, 0.008512, 0.013312, 0.218624
201, 1600, 18, 0.0088, 0.011264, 0.220992
201, 1600, 19, 0.008512, 0.012288, 0.225088
201, 1600, 20, 0.010304, 0.017728, 0.277696
201, 1600, 21, 0.008832, 0.014336, 0.220224
201, 1600, 22, 0.008416, 0.012288, 0.204384
201, 1600, 23, 0.008192, 0.012288, 0.207648
201, 1600, 24, 0.008352, 0.012288, 0.217344
201, 1600, 25, 0.008768, 0.011264, 0.205504
201, 1600, 26, 0.008128, 0.012288, 0.20336
201, 1600, 27, 0.007872, 0.012288, 0.203872
201, 1600, 28, 0.008416, 0.013312, 0.22464
201, 1600, 29, 0.008768, 0.012288, 0.204224
201, 1600, 30, 0.008256, 0.011264, 0.218944
201, 1600, 31, 0.00832, 0.012288, 0.21632
201, 1600, 32, 0.008736, 0.011264, 0.220064
201, 1600, 33, 0.008832, 0.011264, 0.22256
201, 1600, 34, 0.008576, 0.012288, 0.203936
201, 1600, 35, 0.00864, 0.011264, 0.219104
201, 1600, 36, 0.008288, 0.012288, 0.2048
201, 1600, 37, 0.008256, 0.011456, 0.203808
201, 1600, 38, 0.008288, 0.011264, 0.22112
201, 1600, 39, 0.008736, 0.011264, 0.219232
201, 1600, 40, 0.008672, 0.011264, 0.220352
201, 1600, 41, 0.008512, 0.01152, 0.21968
201, 1600, 42, 0.00848, 0.011264, 0.204864
201, 1600, 43, 0.008704, 0.011264, 0.222368
201, 1600, 44, 0.008, 0.01232, 0.22144
201, 1600, 45, 0.008416, 0.011264, 0.204768
201, 1600, 46, 0.008672, 0.011392, 0.204704
201, 1600, 47, 0.008608, 0.011264, 0.220544
201, 1600, 48, 0.008064, 0.011264, 0.209792
201, 1600, 49, 0.008128, 0.012288, 0.22064
201, 3200, 0, 0.008608, 0.013312, 0.223488
201, 3200, 1, 0.008544, 0.012288, 0.204704
201, 3200, 2, 0.00832, 0.011424, 0.219072
201, 3200, 3, 0.008384, 0.012288, 0.204192
201, 3200, 4, 0.008448, 0.011264, 0.208736
201, 3200, 5, 0.008928, 0.011264, 0.216608
201, 3200, 6, 0.008832, 0.012288, 0.220864
201, 3200, 7, 0.008896, 0.011264, 0.219488
201, 3200, 8, 0.008352, 0.012288, 0.21776
201, 3200, 9, 0.008384, 0.011424, 0.205056
201, 3200, 10, 0.008032, 0.012288, 0.20752
201, 3200, 11, 0.008544, 0.011488, 0.205088
201, 3200, 12, 0.008576, 0.011392, 0.21856
201, 3200, 13, 0.009152, 0.011264, 0.219584
201, 3200, 14, 0.008576, 0.011264, 0.217376
201, 3200, 15, 0.008416, 0.011264, 0.209824
201, 3200, 16, 0.00816, 0.012288, 0.204448
201, 3200, 17, 0.00864, 0.011296, 0.20544
201, 3200, 18, 0.008032, 0.012288, 0.22016
201, 3200, 19, 0.008, 0.012288, 0.203872
201, 3200, 20, 0.008896, 0.011264, 0.22192
201, 3200, 21, 0.007968, 0.012288, 0.218432
201, 3200, 22, 0.00816, 0.012672, 0.225056
201, 3200, 23, 0.008384, 0.012288, 0.22128
201, 3200, 24, 0.008864, 0.011264, 0.221312
201, 3200, 25, 0.00896, 0.011264, 0.205248
201, 3200, 26, 0.00864, 0.011264, 0.203744
201, 3200, 27, 0.014304, 0.012288, 0.209248
201, 3200, 28, 0.008032, 0.012288, 0.220512
201, 3200, 29, 0.009056, 0.011264, 0.217888
201, 3200, 30, 0.008608, 0.01136, 0.219264
201, 3200, 31, 0.00832, 0.011264, 0.219648
201, 3200, 32, 0.008608, 0.011264, 0.204896
201, 3200, 33, 0.00832, 0.012288, 0.20448
201, 3200, 34, 0.00832, 0.011552, 0.220672
201, 3200, 35, 0.008128, 0.012288, 0.204896
201, 3200, 36, 0.008352, 0.012288, 0.2192
201, 3200, 37, 0.00864, 0.011264, 0.205184
201, 3200, 38, 0.00832, 0.011264, 0.221504
201, 3200, 39, 0.008032, 0.012288, 0.20336
201, 3200, 40, 0.007968, 0.012288, 0.219232
201, 3200, 41, 0.008864, 0.011264, 0.203776
201, 3200, 42, 0.008544, 0.011456, 0.205504
201, 3200, 43, 0.007776, 0.012288, 0.20496
201, 3200, 44, 0.008128, 0.011616, 0.224384
201, 3200, 45, 0.008416, 0.012288, 0.218944
201, 3200, 46, 0.008736, 0.011264, 0.220576
201, 3200, 47, 0.0088, 0.012288, 0.22512
201, 3200, 48, 0.008928, 0.011264, 0.218496
201, 3200, 49, 0.009344, 0.011264, 0.20464
201, 6400, 0, 0.008512, 0.012288, 0.222496
201, 6400, 1, 0.00864, 0.011264, 0.2048
201, 6400, 2, 0.008384, 0.012288, 0.218304
201, 6400, 3, 0.008832, 0.011296, 0.204544
201, 6400, 4, 0.009184, 0.011264, 0.203872
201, 6400, 5, 0.008608, 0.011264, 0.220544
201, 6400, 6, 0.008512, 0.011264, 0.221376
201, 6400, 7, 0.008544, 0.012288, 0.218304
201, 6400, 8, 0.008416, 0.011488, 0.2192
201, 6400, 9, 0.008192, 0.012288, 0.223296
201, 6400, 10, 0.008448, 0.012288, 0.22224
201, 6400, 11, 0.008512, 0.011328, 0.205696
201, 6400, 12, 0.008736, 0.011392, 0.220928
201, 6400, 13, 0.008032, 0.012288, 0.206048
201, 6400, 14, 0.008672, 0.011264, 0.223776
201, 6400, 15, 0.008352, 0.012288, 0.217088
201, 6400, 16, 0.008512, 0.011264, 0.226752
201, 6400, 17, 0.008544, 0.01264, 0.220032
201, 6400, 18, 0.008704, 0.011264, 0.204768
201, 6400, 19, 0.0088, 0.011264, 0.210112
201, 6400, 20, 0.00848, 0.011488, 0.221344
201, 6400, 21, 0.008448, 0.011296, 0.22064
201, 6400, 22, 0.00816, 0.012544, 0.222496
201, 6400, 23, 0.008096, 0.012288, 0.204864
201, 6400, 24, 0.008544, 0.011264, 0.2104
201, 6400, 25, 0.008064, 0.012288, 0.204
201, 6400, 26, 0.0088, 0.011264, 0.205344
201, 6400, 27, 0.008352, 0.012288, 0.218016
201, 6400, 28, 0.008832, 0.011264, 0.219936
201, 6400, 29, 0.00784, 0.012288, 0.208416
201, 6400, 30, 0.008704, 0.012288, 0.220416
201, 6400, 31, 0.008704, 0.011264, 0.224224
201, 6400, 32, 0.008064, 0.013312, 0.222176
201, 6400, 33, 0.008, 0.013312, 0.21776
201, 6400, 34, 0.00848, 0.012288, 0.2312
201, 6400, 35, 0.010208, 0.018432, 0.278752
201, 6400, 36, 0.011104, 0.018432, 0.249312
201, 6400, 37, 0.007872, 0.013536, 0.204512
201, 6400, 38, 0.008416, 0.012288, 0.226304
201, 6400, 39, 0.00816, 0.012288, 0.20544
201, 6400, 40, 0.008096, 0.012288, 0.221696
201, 6400, 41, 0.009312, 0.012288, 0.218016
201, 6400, 42, 0.008384, 0.011584, 0.218528
201, 6400, 43, 0.008032, 0.012288, 0.225216
201, 6400, 44, 0.00832, 0.012288, 0.205952
201, 6400, 45, 0.008448, 0.011456, 0.204992
201, 6400, 46, 0.008608, 0.012288, 0.219488
201, 6400, 47, 0.008512, 0.012288, 0.219136
201, 6400, 48, 0.008608, 0.011424, 0.226464
201, 6400, 49, 0.008576, 0.012384, 0.222176
201, 10000, 0, 0.008672, 0.013312, 0.22592
201, 10000, 1, 0.008672, 0.012288, 0.218016
201, 10000, 2, 0.008288, 0.01152, 0.210752
201, 10000, 3, 0.008224, 0.012288, 0.219104
201, 10000, 4, 0.008864, 0.011264, 0.216512
201, 10000, 5, 0.011936, 0.012288, 0.204064
201, 10000, 6, 0.008896, 0.011264, 0.219488
201, 10000, 7, 0.009184, 0.011264, 0.220096
201, 10000, 8, 0.007968, 0.01248, 0.206304
201, 10000, 9, 0.008416, 0.012288, 0.219296
201, 10000, 10, 0.008736, 0.012288, 0.219136
201, 10000, 11, 0.007904, 0.012288, 0.218752
201, 10000, 12, 0.008576, 0.012288, 0.203168
201, 10000, 13, 0.008736, 0.011648, 0.219744
201, 10000, 14, 0.008224, 0.01152, 0.204224
201, 10000, 15, 0.008, 0.012288, 0.22096
201, 10000, 16, 0.008704, 0.011264, 0.219552
201, 10000, 17, 0.007904, 0.012288, 0.208224
201, 10000, 18, 0.00832, 0.012288, 0.204672
201, 10000, 19, 0.008256, 0.012288, 0.220768
201, 10000, 20, 0.008736, 0.011264, 0.204768
201, 10000, 21, 0.00864, 0.012352, 0.219552
201, 10000, 22, 0.008224, 0.012288, 0.211968
201, 10000, 23, 0.008416, 0.012288, 0.204576
201, 10000, 24, 0.008704, 0.011264, 0.219744
201, 10000, 25, 0.00912, 0.011264, 0.2048
201, 10000, 26, 0.008256, 0.012288, 0.20368
201, 10000, 27, 0.00848, 0.01136, 0.21392
201, 10000, 28, 0.007904, 0.012288, 0.222304
201, 10000, 29, 0.007872, 0.012288, 0.203776
201, 10000, 30, 0.008672, 0.012288, 0.21936
201, 10000, 31, 0.008128, 0.011648, 0.204384
201, 10000, 32, 0.008384, 0.012288, 0.335712
201, 10000, 33, 0.008448, 0.012288, 0.211392
201, 10000, 34, 0.009056, 0.011264, 0.32176
201, 10000, 35, 0.00896, 0.012288, 0.20784
201, 10000, 36, 0.008512, 0.011648, 0.205856
201, 10000, 37, 0.0088, 0.011264, 0.220832
201, 10000, 38, 0.008416, 0.012288, 0.204384
201, 10000, 39, 0.008576, 0.011264, 0.223008
201, 10000, 40, 0.008672, 0.011264, 0.204512
201, 10000, 41, 0.008256, 0.011264, 0.205312
201, 10000, 42, 0.008224, 0.012288, 0.204896
201, 10000, 43, 0.008768, 0.011264, 0.205472
201, 10000, 44, 0.00896, 0.012288, 0.226336
201, 10000, 45, 0.008544, 0.012288, 0.218144
201, 10000, 46, 0.009152, 0.01024, 0.221088
201, 10000, 47, 0.007808, 0.012384, 0.2216
201, 10000, 48, 0.008288, 0.011264, 0.204128
201, 10000, 49, 0.008288, 0.011264, 0.223104
99, 1, 0, 0.006208, 0.013312, 0.008672
99, 1, 1, 0.006176, 0.008576, 0.007136
99, 1, 2, 0.005888, 0.008192, 0.006368
99, 1, 3, 0.005728, 0.008192, 0.00624
99, 1, 4, 0.005312, 0.007936, 0.006848
99, 1, 5, 0.005952, 0.007168, 0.00672
99, 1, 6, 0.00592, 0.007296, 0.006816
99, 1, 7, 0.005696, 0.007168, 0.006592
99, 1, 8, 0.005984, 0.007168, 0.007008
99, 1, 9, 0.006144, 0.007168, 0.006432
99, 1, 10, 0.005312, 0.007936, 0.006656
99, 1, 11, 0.006112, 0.007328, 0.006592
99, 1, 12, 0.006016, 0.00736, 0.006816
99, 1, 13, 0.006048, 0.007328, 0.006592
99, 1, 14, 0.005312, 0.008, 0.006656
99, 1, 15, 0.005984, 0.007296, 0.006624
99, 1, 16, 0.005952, 0.007168, 0.00688
99, 1, 17, 0.01904, 0.015136, 0.007744
99, 1, 18, 0.005472, 0.008288, 0.006912
99, 1, 19, 0.005888, 0.009216, 0.006464
99, 1, 20, 0.007264, 0.011264, 0.007168
99, 1, 21, 0.005888, 0.008192, 0.00608
99, 1, 22, 0.005504, 0.008192, 0.006144
99, 1, 23, 0.005824, 0.007328, 0.007008
99, 1, 24, 0.00576, 0.008032, 0.006496
99, 1, 25, 0.005344, 0.008128, 0.014848
99, 1, 26, 0.005888, 0.007264, 0.007296
99, 1, 27, 0.005472, 0.008064, 0.006464
99, 1, 28, 0.005376, 0.007872, 0.006592
99, 1, 29, 0.00544, 0.008, 0.006912
99, 1, 30, 0.005792, 0.007328, 0.006688
99, 1, 31, 0.005728, 0.008192, 0.00624
99, 1, 32, 0.005664, 0.007936, 0.006496
99, 1, 33, 0.005696, 0.008192, 0.006048
99, 1, 34, 0.005696, 0.007424, 0.006656
99, 1, 35, 0.006016, 0.019456, 0.00752
99, 1, 36, 0.005888, 0.011264, 0.008768
99, 1, 37, 0.005408, 0.008192, 0.006432
99, 1, 38, 0.005248, 0.008192, 0.006208
99, 1, 39, 0.005472, 0.008192, 0.006304
99, 1, 40, 0.00528, 0.008192, 0.006048
99, 1, 41, 0.005792, 0.008384, 0.014592
99, 1, 42, 0.005376, 0.008, 0.01472
99, 1, 43, 0.006016, 0.00736, 0.006368
99, 1, 44, 0.005568, 0.007808, 0.011584
99, 1, 45, 0.005728, 0.008192, 0.006208
99, 1, 46, 0.00544, 0.008192, 0.006144
99, 1, 47, 0.005792, 0.007456, 0.006464
99, 1, 48, 0.006016, 0.007168, 0.006464
99, 1, 49, 0.005536, 0.007168, 0.006752
99, 2, 0, 0.00576, 0.008832, 0.006752
99, 2, 1, 0.005408, 0.007936, 0.00704
99, 2, 2, 0.005632, 0.008192, 0.006464
99, 2, 3, 0.005504, 0.008192, 0.006592
99, 2, 4, 0.005728, 0.007456, 0.006496
99, 2, 5, 0.005376, 0.008032, 0.006304
99, 2, 6, 0.00528, 0.007904, 0.006848
99, 2, 7, 0.00544, 0.008192, 0.006272
99, 2, 8, 0.00528, 0.007872, 0.00656
99, 2, 9, 0.005408, 0.007872, 0.006592
99, 2, 10, 0.0056, 0.008192, 0.005856
99, 2, 11, 0.005632, 0.00752, 0.00656
99, 2, 12, 0.00544, 0.008192, 0.006176
99, 2, 13, 0.005504, 0.007968, 0.0064
99, 2, 14, 0.005376, 0.007904, 0.006592
99, 2, 15, 0.005856, 0.008192, 0.005824
99, 2, 16, 0.005408, 0.008032, 0.006432
99, 2, 17, 0.005728, 0.008192, 0.006016
99, 2, 18, 0.005504, 0.008192, 0.014144
99, 2, 19, 0.005408, 0.008192, 0.00608
99, 2, 20, 0.005472, 0.008192, 0.006176
99, 2, 21, 0.006304, 0.007168, 0.006432
99, 2, 22, 0.005984, 0.012288, 0.007136
99, 2, 23, 0.005568, 0.008192, 0.006432
99, 2, 24, 0.005984, 0.007168, 0.006624
99, 2, 25, 0.005856, 0.007168, 0.006688
99, 2, 26, 0.005376, 0.008192, 0.00688
99, 2, 27, 0.00576, 0.008064, 0.00656
99, 2, 28, 0.005984, 0.007424, 0.006752
99, 2, 29, 0.00544, 0.008192, 0.00624
99, 2, 30, 0.005312, 0.008, 0.006752
99, 2, 31, 0.005824, 0.007168, 0.006912
99, 2, 32, 0.005408, 0.008192, 0.006752
99, 2, 33, 0.00544, 0.007968, 0.006528
99, 2, 34, 0.00592, 0.007424, 0.006656
99, 2, 35, 0.0056, 0.008192, 0.005984
99, 2, 36, 0.00528, 0.00816, 0.006592
99, 2, 37, 0.005856, 0.007552, 0.00656
99, 2, 38, 0.005344, 0.008192, 0.006208
99, 2, 39, 0.005344, 0.008128, 0.006432
99, 2, 40, 0.005888, 0.007296, 0.006688
99, 2, 41, 0.005632, 0.007168, 0.0072
99, 2, 42, 0.00528, 0.008064, 0.006272
99, 2, 43, 0.006016, 0.007296, 0.006656
99, 2, 44, 0.005568, 0.008192, 0.006304
99, 2, 45, 0.005792, 0.008192, 0.00608
99, 2, 46, 0.005376, 0.008096, 0.006496
99, 2, 47, 0.005088, 0.008192, 0.006816
99, 2, 48, 0.005248, 0.007904, 0.006528
99, 2, 49, 0.005344, 0.007936, 0.006752
99, 4, 0, 0.010656, 0.009216, 0.006752
99, 4, 1, 0.005504, 0.008192, 0.007072
99, 4, 2, 0.005344, 0.008128, 0.006848
99, 4, 3, 0.00544, 0.008832, 0.005728
99, 4, 4, 0.005888, 0.007168, 0.006688
99, 4, 5, 0.005408, 0.00816, 0.006208
99, 4, 6, 0.005472, 0.008192, 0.00608
99, 4, 7, 0.005632, 0.008192, 0.006272
99, 4, 8, 0.005376, 0.008096, 0.006464
99, 4, 9, 0.00576, 0.008192, 0.006016
99, 4, 10, 0.005728, 0.008192, 0.006464
99, 4, 11, 0.005408, 0.008064, 0.006272
99, 4, 12, 0.006048, 0.008192, 0.006112
99, 4, 13, 0.005376, 0.008192, 0.006176
99, 4, 14, 0.005312, 0.008, 0.006272
99, 4, 15, 0.00544, 0.007936, 0.006304
99, 4, 16, 0.005376, 0.008192, 0.008928
99, 4, 17, 0.00544, 0.01008, 0.006304
99, 4, 18, 0.006016, 0.007168, 0.006816
99, 4, 19, 0.006048, 0.008192, 0.005824
99, 4, 20, 0.00576, 0.008192, 0.006048
99, 4, 21, 0.005728, 0.008192, 0.006304
99, 4, 22, 0.005376, 0.008096, 0.006176
99, 4, 23, 0.005536, 0.008256, 0.006176
99, 4, 24, 0.005344, 0.008192, 0.0064
99, 4, 25, 0.005952, 0.007456, 0.006336
99, 4, 26, 0.005856, 0.008192, 0.005824
99, 4, 27, 0.00608, 0.007168, 0.006848
99, 4, 28, 0.005344, 0.012, 0.007296
99, 4, 29, 0.005536, 0.008192, 0.00608
99, 4, 30, 0.005472, 0.008192, 0.006144
99, 4, 31, 0.00576, 0.008192, 0.005824
99, 4, 32, 0.005952, 0.007168, 0.006848
99, 4, 33, 0.0056, 0.008192, 0.00608
99, 4, 34, 0.005664, 0.008192, 0.006304
99, 4, 35, 0.00544, 0.008192, 0.00592
99, 4, 36, 0.00576, 0.008192, 0.005952
99, 4, 37, 0.006112, 0.007168, 0.0064
99, 4, 38, 0.005248, 0.008192, 0.006304
99, 4, 39, 0.005984, 0.007424, 0.006432
99, 4, 40, 0.005312, 0.008064, 0.006368
99, 4, 41, 0.005632, 0.008064, 0.006304
99, 4, 42, 0.006016, 0.007168, 0.006656
99, 4, 43, 0.0056, 0.007808, 0.006528
99, 4, 44, 0.00544, 0.008096, 0.006432
99, 4, 45, 0.00544, 0.008192, 0.006304
99, 4, 46, 0.005472, 0.008192, 0.00672
99, 4, 47, 0.005984, 0.007488, 0.006592
99, 4, 48, 0.005952, 0.00752, 0.0064
99, 4, 49, 0.005952, 0.008192, 0.005696
99, 8, 0, 0.005408, 0.009248, 0.007552
99, 8, 1, 0.005856, 0.008256, 0.00688
99, 8, 2, 0.005408, 0.008896, 0.006432
99, 8, 3, 0.006048, 0.007168, 0.008224
99, 8, 4, 0.0056, 0.00832, 0.00688
99, 8, 5, 0.005632, 0.009216, 0.00704
99, 8, 6, 0.005632, 0.008192, 0.007104
99, 8, 7, 0.005664, 0.008192, 0.006816
99, 8, 8, 0.005376, 0.008288, 0.006944
99, 8, 9, 0.005984, 0.008192, 0.006624
99, 8, 10, 0.005408, 0.007968, 0.006848
99, 8, 11, 0.006112, 0.007168, 0.006944
99, 8, 12, 0.006144, 0.00736, 0.006944
99, 8, 13, 0.005984, 0.008192, 0.006048
99, 8, 14, 0.005888, 0.008192, 0.006464
99, 8, 15, 0.0056, 0.008192, 0.006336
99, 8, 16, 0.005504, 0.008192, 0.006528
99, 8, 17, 0.005344, 0.008128, 0.007232
99, 8, 18, 0.005536, 0.008128, 0.007328
99, 8, 19, 0.005472, 0.007968, 0.007008
99, 8, 20, 0.00592, 0.008192, 0.006752
99, 8, 21, 0.00544, 0.008128, 0.00704
99, 8, 22, 0.005856, 0.008192, 0.006432
99, 8, 23, 0.005472, 0.008064, 0.00672
99, 8, 24, 0.005408, 0.008992, 0.006048
99, 8, 25, 0.00608, 0.008192, 0.006752
99, 8, 26, 0.00544, 0.008064, 0.007936
99, 8, 27, 0.005664, 0.00816, 0.006656
99, 8, 28, 0.005568, 0.008992, 0.006176
99, 8, 29, 0.005792, 0.008192, 0.006336
99, 8, 30, 0.005792, 0.008192, 0.006176
99, 8, 31, 0.005984, 0.007168, 0.007008
99, 8, 32, 0.00592, 0.013312, 0.006752
99, 8, 33, 0.005504, 0.00896, 0.006144
99, 8, 34, 0.00576, 0.008192, 0.006752
99, 8, 35, 0.005408, 0.008064, 0.00656
99, 8, 36, 0.005696, 0.007936, 0.006784
99, 8, 37, 0.00576, 0.008192, 0.00624
99, 8, 38, 0.00592, 0.007168, 0.00688
99, 8, 39, 0.005376, 0.007968, 0.006848
99, 8, 40, 0.005408, 0.007872, 0.006816
99, 8, 41, 0.006336, 0.007168, 0.00688
99, 8, 42, 0.005792, 0.008192, 0.006208
99, 8, 43, 0.00592, 0.008192, 0.005824
99, 8, 44, 0.00528, 0.007872, 0.007168
99, 8, 45, 0.005824, 0.008192, 0.006048
99, 8, 46, 0.005728, 0.008192, 0.006208
99, 8, 47, 0.005696, 0.008192, 0.006336
99, 8, 48, 0.005568, 0.008096, 0.006432
99, 8, 49, 0.00576, 0.008192, 0.006176
99, 16, 0, 0.005408, 0.009024, 0.008704
99, 16, 1, 0.0056, 0.008192, 0.007872
99, 16, 2, 0.005312, 0.008224, 0.008416
99, 16, 3, 0.00544, 0.008, 0.008192
99, 16, 4, 0.006048, 0.007168, 0.008608
99, 16, 5, 0.005696, 0.008192, 0.007744
99, 16, 6, 0.0056, 0.008192, 0.007488
99, 16, 7, 0.005952, 0.008192, 0.007808
99, 16, 8, 0.005888, 0.007456, 0.007936
99, 16, 9, 0.006144, 0.008192, 0.007712
99, 16, 10, 0.005344, 0.007808, 0.008096
99, 16, 11, 0.005984, 0.007168, 0.008512
99, 16, 12, 0.005504, 0.008192, 0.007488
99, 16, 13, 0.005568, 0.008192, 0.007808
99, 16, 14, 0.005792, 0.007168, 0.008256
99, 16, 15, 0.005632, 0.008192, 0.007968
99, 16, 16, 0.005408, 0.008128, 0.007648
99, 16, 17, 0.005696, 0.008192, 0.007808
99, 16, 18, 0.005472, 0.008192, 0.00768
99, 16, 19, 0.00592, 0.008192, 0.007392
99, 16, 20, 0.005664, 0.008192, 0.00768
99, 16, 21, 0.005472, 0.00816, 0.007584
99, 16, 22, 0.005472, 0.008192, 0.007648
99, 16, 23, 0.00544, 0.008, 0.007936
99, 16, 24, 0.005888, 0.008192, 0.00784
99, 16, 25, 0.005504, 0.007968, 0.008256
99, 16, 26, 0.005632, 0.008192, 0.007584
99, 16, 27, 0.005472, 0.008192, 0.007616
99, 16, 28, 0.005344, 0.008096, 0.007872
99, 16, 29, 0.006144, 0.007168, 0.008224
99, 16, 30, 0.005632, 0.008192, 0.007456
99, 16, 31, 0.005664, 0.008192, 0.011456
99, 16, 32, 0.006272, 0.009216, 0.00928
99, 16, 33, 0.005728, 0.007968, 0.007968
99, 16, 34, 0.005376, 0.008192, 0.008192
99, 16, 35, 0.005792, 0.008192, 0.007744
99, 16, 36, 0.005408, 0.008128, 0.007808
99, 16, 37, 0.006144, 0.008192, 0.007424
99, 16, 38, 0.005696, 0.008192, 0.007616
99, 16, 39, 0.005504, 0.008192, 0.007584
99, 16, 40, 0.005312, 0.008192, 0.008384
99, 16, 41, 0.005376, 0.008192, 0.00816
99, 16, 42, 0.005248, 0.00816, 0.008
99, 16, 43, 0.005792, 0.007168, 0.00848
99, 16, 44, 0.005664, 0.008192, 0.007904
99, 16, 45, 0.005408, 0.007968, 0.007744
99, 16, 46, 0.005376, 0.007808, 0.008256
99, 16, 47, 0.005504, 0.008192, 0.007968
99, 16, 48, 0.005248, 0.007872, 0.00784
99, 16, 49, 0.005408, 0.008192, 0.007584
99, 32, 0, 0.005504, 0.00896, 0.010304
99, 32, 1, 0.005472, 0.007904, 0.010784
99, 32, 2, 0.005856, 0.007456, 0.0104
99, 32, 3, 0.005952, 0.012288, 0.010208
99, 32, 4, 0.005728, 0.008096, 0.010304
99, 32, 5, 0.0056, 0.008128, 0.010112
99, 32, 6, 0.005792, 0.008192, 0.010016
99, 32, 7, 0.005984, 0.007456, 0.010176
99, 32, 8, 0.005376, 0.007872, 0.010624
99, 32, 9, 0.005856, 0.008192, 0.009344
99, 32, 10, 0.005376, 0.008128, 0.010208
99, 32, 11, 0.005376, 0.008224, 0.010176
99, 32, 12, 0.005312, 0.008128, 0.010848
99, 32, 13, 0.006112, 0.008192, 0.009248
99, 32, 14, 0.005312, 0.008032, 0.009824
99, 32, 15, 0.005632, 0.008192, 0.009696
99, 32, 16, 0.005312, 0.008064, 0.010368
99, 32, 17, 0.005728, 0.008192, 0.009792
99, 32, 18, 0.005824, 0.008192, 0.009952
99, 32, 19, 0.005728, 0.008096, 0.010304
99, 32, 20, 0.005088, 0.008288, 0.010368
99, 32, 21, 0.005408, 0.008128, 0.010688
99, 32, 22, 0.00624, 0.008192, 0.009792
99, 32, 23, 0.006016, 0.007168, 0.010816
99, 32, 24, 0.005632, 0.007168, 0.010624
99, 32, 25, 0.005952, 0.012288, 0.010016
99, 32, 26, 0.005472, 0.009056, 0.009728
99, 32, 27, 0.00544, 0.008096, 0.009888
99, 32, 28, 0.005664, 0.008192, 0.010048
99, 32, 29, 0.005568, 0.008064, 0.010144
99, 32, 30, 0.005376, 0.008384, 0.010016
99, 32, 31, 0.006208, 0.007168, 0.0104
99, 32, 32, 0.005856, 0.008192, 0.009504
99, 32, 33, 0.005728, 0.008192, 0.010112
99, 32, 34, 0.005312, 0.00816, 0.01072
99, 32, 35, 0.005984, 0.007488, 0.009984
99, 32, 36, 0.005504, 0.007872, 0.01008
99, 32, 37, 0.005504, 0.008192, 0.01008
99, 32, 38, 0.005504, 0.008192, 0.00992
99, 32, 39, 0.005824, 0.008192, 0.009568
99, 32, 40, 0.00592, 0.007168, 0.010432
99, 32, 41, 0.00544, 0.008128, 0.01024
99, 32, 42, 0.005472, 0.008192, 0.00992
99, 32, 43, 0.00576, 0.008192, 0.009888
99, 32, 44, 0.005856, 0.008192, 0.0096
99, 32, 45, 0.005952, 0.007168, 0.01056
99, 32, 46, 0.005792, 0.007168, 0.010368
99, 32, 47, 0.00544, 0.01008, 0.01264
99, 32, 48, 0.005408, 0.008384, 0.010208
99, 32, 49, 0.005952, 0.007168, 0.010784
99, 64, 0, 0.005856, 0.009152, 0.014912
99, 64, 1, 0.005664, 0.008192, 0.0144
99, 64, 2, 0.005824, 0.008192, 0.01408
99, 64, 3, 0.00544, 0.008096, 0.014304
99, 64, 4, 0.005952, 0.008192, 0.013664
99, 64, 5, 0.006048, 0.008192, 0.014304
99, 64, 6, 0.005472, 0.008096, 0.014464
99, 64, 7, 0.005792, 0.008192, 0.014528
99, 64, 8, 0.005984, 0.007168, 0.015808
99, 64, 9, 0.00656, 0.008192, 0.01456
99, 64, 10, 0.005824, 0.008192, 0.015008
99, 64, 11, 0.00608, 0.007392, 0.019104
99, 64, 12, 0.005632, 0.00912, 0.015104
99, 64, 13, 0.005728, 0.008192, 0.014048
99, 64, 14, 0.006048, 0.008192, 0.013664
99, 64, 15, 0.006144, 0.008192, 0.014496
99, 64, 16, 0.005504, 0.008192, 0.01424
99, 64, 17, 0.00544, 0.008096, 0.01488
99, 64, 18, 0.005792, 0.008192, 0.014848
99, 64, 19, 0.0056, 0.008192, 0.014144
99, 64, 20, 0.006016, 0.007168, 0.01536
99, 64, 21, 0.005984, 0.008192, 0.014496
99, 64, 22, 0.005632, 0.008192, 0.01392
99, 64, 23, 0.005632, 0.008224, 0.014144
99, 64, 24, 0.005088, 0.008192, 0.015968
99, 64, 25, 0.005824, 0.008192, 0.013824
99, 64, 26, 0.005792, 0.008192, 0.013728
99, 64, 27, 0.006016, 0.008192, 0.014368
99, 64, 28, 0.005664, 0.008192, 0.014272
99, 64, 29, 0.005696, 0.009056, 0.014688
99, 64, 30, 0.005408, 0.008896, 0.014112
99, 64, 31, 0.006176, 0.008192, 0.014464
99, 64, 32, 0.005728, 0.008192, 0.013952
99, 64, 33, 0.005888, 0.008192, 0.01392
99, 64, 34, 0.005504, 0.008128, 0.015552
99, 64, 35, 0.005632, 0.008192, 0.014272
99, 64, 36, 0.006112, 0.007488, 0.014272
99, 64, 37, 0.005536, 0.008128, 0.014144
99, 64, 38, 0.00544, 0.008, 0.015456
99, 64, 39, 0.005728, 0.008192, 0.015552
99, 64, 40, 0.005824, 0.008192, 0.013472
99, 64, 41, 0.005504, 0.008192, 0.01392
99, 64, 42, 0.005472, 0.007968, 0.014272
99, 64, 43, 0.00608, 0.008192, 0.01344
99, 64, 44, 0.005792, 0.008192, 0.014112
99, 64, 45, 0.006272, 0.007424, 0.014848
99, 64, 46, 0.005376, 0.007904, 0.014336
99, 64, 47, 0.005856, 0.008224, 0.01456
99, 64, 48, 0.00608, 0.007552, 0.0144
99, 64, 49, 0.005472, 0.008192, 0.01392
99, 100, 0, 0.005664, 0.009088, 0.01952
99, 100, 1, 0.006144, 0.008192, 0.019968
99, 100, 2, 0.005696, 0.008192, 0.01888
99, 100, 3, 0.005984, 0.008192, 0.0192
99, 100, 4, 0.006208, 0.007168, 0.019744
99, 100, 5, 0.005952, 0.008192, 0.019616
99, 100, 6, 0.005696, 0.008192, 0.020128
99, 100, 7, 0.00576, 0.008192, 0.019392
99, 100, 8, 0.005376, 0.008288, 0.018848
99, 100, 9, 0.005888, 0.008192, 0.019648
99, 100, 10, 0.006112, 0.008192, 0.019456
99, 100, 11, 0.005632, 0.00816, 0.019456
99, 100, 12, 0.005568, 0.008384, 0.019776
99, 100, 13, 0.005216, 0.00848, 0.01888
99, 100, 14, 0.006304, 0.007168, 0.019616
99, 100, 15, 0.005728, 0.008192, 0.0192
99, 100, 16, 0.005376, 0.008192, 0.018784
99, 100, 17, 0.005568, 0.008192, 0.018944
99, 100, 18, 0.005728, 0.008192, 0.020224
99, 100, 19, 0.006304, 0.007168, 0.019616
99, 100, 20, 0.005696, 0.008192, 0.018944
99, 100, 21, 0.005664, 0.008352, 0.02336
99, 100, 22, 0.0056, 0.009216, 0.018496
99, 100, 23, 0.006208, 0.00752, 0.018592
99, 100, 24, 0.005536, 0.008128, 0.019264
99, 100, 25, 0.005632, 0.008128, 0.02048
99, 100, 26, 0.005696, 0.008192, 0.019808
99, 100, 27, 0.005824, 0.008192, 0.018688
99, 100, 28, 0.00592, 0.008192, 0.019744
99, 100, 29, 0.005568, 0.008288, 0.019648
99, 100, 30, 0.00592, 0.008192, 0.019712
99, 100, 31, 0.0056, 0.008192, 0.019584
99, 100, 32, 0.0056, 0.008192, 0.019616
99, 100, 33, 0.005632, 0.007872, 0.020256
99, 100, 34, 0.005536, 0.008384, 0.018528
99, 100, 35, 0.005472, 0.008288, 0.018848
99, 100, 36, 0.010272, 0.009216, 0.019968
99, 100, 37, 0.005664, 0.008224, 0.019296
99, 100, 38, 0.005376, 0.008416, 0.020192
99, 100, 39, 0.005888, 0.008192, 0.018528
99, 100, 40, 0.006304, 0.007168, 0.020416
99, 100, 41, 0.005856, 0.008192, 0.018528
99, 100, 42, 0.005856, 0.008192, 0.019936
99, 100, 43, 0.00656, 0.007168, 0.019968
99, 100, 44, 0.005824, 0.008192, 0.018816
99, 100, 45, 0.005632, 0.008064, 0.019168
99, 100, 46, 0.005792, 0.008192, 0.019584
99, 100, 47, 0.005696, 0.008064, 0.018624
99, 100, 48, 0.005664, 0.008192, 0.01872
99, 100, 49, 0.0056, 0.008192, 0.018624
99, 200, 0, 0.006592, 0.01024, 0.033952
99, 200, 1, 0.005952, 0.009216, 0.032352
99, 200, 2, 0.006112, 0.008192, 0.034208
99, 200, 3, 0.006112, 0.008192, 0.032224
99, 200, 4, 0.005792, 0.009216, 0.033824
99, 200, 5, 0.005504, 0.009216, 0.034272
99, 200, 6, 0.006336, 0.008192, 0.032
99, 200, 7, 0.00592, 0.008384, 0.034752
99, 200, 8, 0.005696, 0.008192, 0.033856
99, 200, 9, 0.006784, 0.008192, 0.03408
99, 200, 10, 0.006112, 0.008192, 0.034336
99, 200, 11, 0.005536, 0.009216, 0.03168
99, 200, 12, 0.006496, 0.008192, 0.03392
99, 200, 13, 0.005952, 0.008192, 0.038624
99, 200, 14, 0.006048, 0.009216, 0.033792
99, 200, 15, 0.006368, 0.008192, 0.032192
99, 200, 16, 0.005664, 0.008544, 0.033856
99, 200, 17, 0.006112, 0.008256, 0.032288
99, 200, 18, 0.00592, 0.008192, 0.034528
99, 200, 19, 0.006208, 0.008192, 0.034304
99, 200, 20, 0.00608, 0.008224, 0.034272
99, 200, 21, 0.005888, 0.008416, 0.032064
99, 200, 22, 0.005984, 0.008288, 0.033696
99, 200, 23, 0.006144, 0.009216, 0.03328
99, 200, 24, 0.00624, 0.008192, 0.034176
99, 200, 25, 0.006176, 0.008192, 0.03328
99, 200, 26, 0.0056, 0.009216, 0.034368
99, 200, 27, 0.006592, 0.008192, 0.034048
99, 200, 28, 0.006112, 0.008192, 0.034816
99, 200, 29, 0.005792, 0.009216, 0.033952
99, 200, 30, 0.006368, 0.008192, 0.032608
99, 200, 31, 0.006496, 0.008192, 0.03184
99, 200, 32, 0.00544, 0.009216, 0.036288
99, 200, 33, 0.006016, 0.009216, 0.03328
99, 200, 34, 0.006432, 0.008192, 0.032544
99, 200, 35, 0.006144, 0.008192, 0.031872
99, 200, 36, 0.00624, 0.008192, 0.032704
99, 200, 37, 0.006048, 0.008192, 0.034976
99, 200, 38, 0.006176, 0.008192, 0.034432
99, 200, 39, 0.006304, 0.008192, 0.034784
99, 200, 40, 0.005824, 0.008192, 0.03312
99, 200, 41, 0.005696, 0.009216, 0.03168
99, 200, 42, 0.00624, 0.008416, 0.032928
99, 200, 43, 0.006368, 0.008192, 0.031744
99, 200, 44, 0.005856, 0.008192, 0.0352
99, 200, 45, 0.005824, 0.00848, 0.032576
99, 200, 46, 0.006208, 0.008192, 0.034368
99, 200, 47, 0.006112, 0.008384, 0.034368
99, 200, 48, 0.006496, 0.008192, 0.034016
99, 200, 49, 0.005728, 0.009216, 0.033312
99, 400, 0, 0.007584, 0.01024, 0.059936
99, 400, 1, 0.006784, 0.009216, 0.059296
99, 400, 2, 0.007168, 0.008192, 0.062624
99, 400, 3, 0.006848, 0.009216, 0.058656
99, 400, 4, 0.006592, 0.009216, 0.063424
99, 400, 5, 0.006816, 0.009216, 0.060608
99, 400, 6, 0.006464, 0.009216, 0.062848
99, 400, 7, 0.007232, 0.008192, 0.064384
99, 400, 8, 0.006848, 0.009216, 0.062816
99, 400, 9, 0.006496, 0.009408, 0.063232
99, 400, 10, 0.00624, 0.009216, 0.058432
99, 400, 11, 0.006784, 0.013312, 0.064736
99, 400, 12, 0.006848, 0.009312, 0.059072
99, 400, 13, 0.006432, 0.00928, 0.063872
99, 400, 14, 0.006528, 0.009216, 0.062816
99, 400, 15, 0.00704, 0.008192, 0.059456
99, 400, 16, 0.006624, 0.009216, 0.062368
99, 400, 17, 0.007424, 0.009216, 0.064128
99, 400, 18, 0.007296, 0.008448, 0.062496
99, 400, 19, 0.007264, 0.008192, 0.06096
99, 400, 20, 0.006912, 0.009216, 0.05792
99, 400, 21, 0.006944, 0.009216, 0.064352
99, 400, 22, 0.007264, 0.008288, 0.067744
99, 400, 23, 0.006912, 0.009216, 0.063424
99, 400, 24, 0.007104, 0.008192, 0.063488
99, 400, 25, 0.006656, 0.009216, 0.059136
99, 400, 26, 0.00672, 0.009216, 0.058144
99, 400, 27, 0.007232, 0.009216, 0.059104
99, 400, 28, 0.00656, 0.009248, 0.065824
99, 400, 29, 0.00672, 0.009216, 0.063552
99, 400, 30, 0.006752, 0.009216, 0.058592
99, 400, 31, 0.007328, 0.008576, 0.062368
99, 400, 32, 0.007008, 0.009216, 0.058368
99, 400, 33, 0.006752, 0.009216, 0.06304
99, 400, 34, 0.008032, 0.012576, 0.060128
99, 400, 35, 0.006816, 0.009216, 0.064736
99, 400, 36, 0.006912, 0.009216, 0.062336
99, 400, 37, 0.006848, 0.009216, 0.0656
99, 400, 38, 0.007072, 0.009216, 0.063584
99, 400, 39, 0.00736, 0.009536, 0.069984
99, 400, 40, 0.006528, 0.009216, 0.062048
99, 400, 41, 0.00672, 0.009312, 0.058912
99, 400, 42, 0.0064, 0.009536, 0.058976
99, 400, 43, 0.007136, 0.008192, 0.059776
99, 400, 44, 0.006592, 0.009216, 0.057952
99, 400, 45, 0.011456, 0.01024, 0.063936
99, 400, 46, 0.007136, 0.009216, 0.061728
99, 400, 47, 0.00656, 0.009216, 0.059392
99, 400, 48, 0.0064, 0.009216, 0.058304
99, 400, 49, 0.007072, 0.009216, 0.058848
99, 800, 0, 0.008672, 0.011264, 0.114016
99, 800, 1, 0.008448, 0.00928, 0.113536
99, 800, 2, 0.008256, 0.009216, 0.105056
99, 800, 3, 0.00928, 0.01024, 0.111712
99, 800, 4, 0.008256, 0.01024, 0.111264
99, 800, 5, 0.008544, 0.009216, 0.10496
99, 800, 6, 0.008992, 0.01024, 0.120064
99, 800, 7, 0.008576, 0.012352, 0.114016
99, 800, 8, 0.008288, 0.0096, 0.106304
99, 800, 9, 0.008704, 0.009536, 0.106368
99, 800, 10, 0.008032, 0.01024, 0.105248
99, 800, 11, 0.008384, 0.009216, 0.112544
99, 800, 12, 0.00864, 0.009216, 0.110944
99, 800, 13, 0.008704, 0.009216, 0.106112
99, 800, 14, 0.008416, 0.009216, 0.104832
99, 800, 15, 0.00832, 0.009216, 0.11424
99, 800, 16, 0.008128, 0.009216, 0.110816
99, 800, 17, 0.008384, 0.009216, 0.105856
99, 800, 18, 0.007968, 0.009216, 0.105248
99, 800, 19, 0.008032, 0.009216, 0.106848
99, 800, 20, 0.008704, 0.009536, 0.1192
99, 800, 21, 0.008896, 0.01024, 0.113056
99, 800, 22, 0.008448, 0.009216, 0.104064
99, 800, 23, 0.00816, 0.009216, 0.113376
99, 800, 24, 0.00864, 0.008192, 0.112928
99, 800, 25, 0.008384, 0.009216, 0.112512
99, 800, 26, 0.008128, 0.009216, 0.103648
99, 800, 27, 0.007968, 0.01024, 0.104704
99, 800, 28, 0.008736, 0.008288, 0.104704
99, 800, 29, 0.008032, 0.009216, 0.104416
99, 800, 30, 0.008288, 0.009216, 0.114784
99, 800, 31, 0.00784, 0.009376, 0.11152
99, 800, 32, 0.008992, 0.008192, 0.113312
99, 800, 33, 0.008192, 0.009216, 0.11472
99, 800, 34, 0.00848, 0.009216, 0.111776
99, 800, 35, 0.008672, 0.008192, 0.111328
99, 800, 36, 0.008256, 0.01024, 0.119104
99, 800, 37, 0.008672, 0.01024, 0.111328
99, 800, 38, 0.008256, 0.009216, 0.112704
99, 800, 39, 0.008864, 0.008512, 0.112256
99, 800, 40, 0.008384, 0.009216, 0.104416
99, 800, 41, 0.008672, 0.009216, 0.110848
99, 800, 42, 0.008256, 0.009216, 0.112
99, 800, 43, 0.0088, 0.008192, 0.108736
99, 800, 44, 0.00864, 0.009216, 0.11136
99, 800, 45, 0.008352, 0.009216, 0.103584
99, 800, 46, 0.008832, 0.00832, 0.104544
99, 800, 47, 0.00832, 0.009312, 0.111648
99, 800, 48, 0.008832, 0.008192, 0.110752
99, 800, 49, 0.00832, 0.009216, 0.113312
99, 1600, 0, 0.008352, 0.011264, 0.112736
99, 1600, 1, 0.008576, 0.009216, 0.104128
99, 1600, 2, 0.008064, 0.009536, 0.104288
99, 1600, 3, 0.00896, 0.009216, 0.10464
99, 1600, 4, 0.00864, 0.008192, 0.104672
99, 1600, 5, 0.00832, 0.009216, 0.10512
99, 1600, 6, 0.008416, 0.009216, 0.114752
99, 1600, 7, 0.008288, 0.009216, 0.105152
99, 1600, 8, 0.008512, 0.008192, 0.1128
99, 1600, 9, 0.00864, 0.009216, 0.111648
99, 1600, 10, 0.008064, 0.009568, 0.113408
99, 1600, 11, 0.008256, 0.009216, 0.11088
99, 1600, 12, 0.008, 0.009216, 0.110912
99, 1600, 13, 0.008352, 0.009344, 0.11088
99, 1600, 14, 0.00864, 0.009216, 0.103264
99, 1600, 15, 0.008448, 0.009216, 0.105024
99, 1600, 16, 0.008544, 0.008544, 0.114144
99, 1600, 17, 0.008128, 0.01024, 0.111008
99, 1600, 18, 0.008384, 0.009216, 0.110208
99, 1600, 19, 0.008768, 0.009216, 0.10384
99, 1600, 20, 0.008928, 0.009216, 0.103712
99, 1600, 21, 0.008128, 0.009248, 0.10512
99, 1600, 22, 0.008704, 0.008192, 0.104608
99, 1600, 23, 0.008864, 0.009216, 0.10848
99, 1600, 24, 0.0088, 0.008192, 0.104352
99, 1600, 25, 0.008544, 0.009216, 0.104448
99, 1600, 26, 0.00784, 0.009216, 0.104384
99, 1600, 27, 0.008608, 0.009216, 0.104896
99, 1600, 28, 0.008864, 0.008192, 0.105536
99, 1600, 29, 0.00864, 0.008192, 0.105344
99, 1600, 30, 0.007968, 0.009568, 0.108864
99, 1600, 31, 0.008416, 0.009216, 0.105248
99, 1600, 32, 0.007968, 0.009216, 0.110176
99, 1600, 33, 0.008512, 0.009216, 0.104384
99, 1600, 34, 0.008576, 0.009216, 0.10432
99, 1600, 35, 0.008704, 0.008352, 0.104544
99, 1600, 36, 0.008416, 0.009216, 0.105024
99, 1600, 37, 0.008704, 0.009216, 0.105408
99, 1600, 38, 0.008576, 0.009216, 0.112512
99, 1600, 39, 0.008, 0.009216, 0.105152
99, 1600, 40, 0.007936, 0.009216, 0.115616
99, 1600, 41, 0.008512, 0.00928, 0.112192
99, 1600, 42, 0.008224, 0.009216, 0.104448
99, 1600, 43, 0.008064, 0.009216, 0.106528
99, 1600, 44, 0.00832, 0.009216, 0.105152
99, 1600, 45, 0.00832, 0.009216, 0.104512
99, 1600, 46, 0.008288, 0.009216, 0.11232
99, 1600, 47, 0.007904, 0.013312, 0.105184
99, 1600, 48, 0.008832, 0.008192, 0.104384
99, 1600, 49, 0.008736, 0.008416, 0.10384
99, 3200, 0, 0.009152, 0.013632, 0.115008
99, 3200, 1, 0.008032, 0.010304, 0.10576
99, 3200, 2, 0.008032, 0.01024, 0.10384
99, 3200, 3, 0.008448, 0.010368, 0.111872
99, 3200, 4, 0.008832, 0.008192, 0.111936
99, 3200, 5, 0.00816, 0.009568, 0.104992
99, 3200, 6, 0.008128, 0.01024, 0.105216
99, 3200, 7, 0.007808, 0.01024, 0.113536
99, 3200, 8, 0.008192, 0.009216, 0.112192
99, 3200, 9, 0.00864, 0.009216, 0.109024
99, 3200, 10, 0.00784, 0.0096, 0.111392
99, 3200, 11, 0.00864, 0.009216, 0.105152
99, 3200, 12, 0.008672, 0.008192, 0.111648
99, 3200, 13, 0.008384, 0.009216, 0.112384
99, 3200, 14, 0.008224, 0.009216, 0.103488
99, 3200, 15, 0.008128, 0.00944, 0.105952
99, 3200, 16, 0.008672, 0.009216, 0.105152
99, 3200, 17, 0.008768, 0.009216, 0.110848
99, 3200, 18, 0.008544, 0.009216, 0.111776
99, 3200, 19, 0.008, 0.009216, 0.104384
99, 3200, 20, 0.008928, 0.009216, 0.104288
99, 3200, 21, 0.008448, 0.009216, 0.104512
99, 3200, 22, 0.008192, 0.009216, 0.104256
99, 3200, 23, 0.008768, 0.009216, 0.112544
99, 3200, 24, 0.008416, 0.009216, 0.103296
99, 3200, 25, 0.008256, 0.009216, 0.104896
99, 3200, 26, 0.008736, 0.008192, 0.108832
99, 3200, 27, 0.008832, 0.009216, 0.112096
99, 3200, 28, 0.008448, 0.009216, 0.109792
99, 3200, 29, 0.008256, 0.009216, 0.104512
99, 3200, 30, 0.008608, 0.009216, 0.11392
99, 3200, 31, 0.008928, 0.009216, 0.115168
99, 3200, 32, 0.008672, 0.009216, 0.106752
99, 3200, 33, 0.008736, 0.01024, 0.107616
99, 3200, 34, 0.008512, 0.009376, 0.107072
99, 3200, 35, 0.00912, 0.009216, 0.107424
99, 3200, 36, 0.0088, 0.009344, 0.107296
99, 3200, 37, 0.009184, 0.009216, 0.115968
99, 3200, 38, 0.008832, 0.009216, 0.106784
99, 3200, 39, 0.009344, 0.008448, 0.116256
99, 3200, 40, 0.008896, 0.009312, 0.107232
99, 3200, 41, 0.009184, 0.008192, 0.116736
99, 3200, 42, 0.008384, 0.009344, 0.114976
99, 3200, 43, 0.008896, 0.01024, 0.114368
99, 3200, 44, 0.008544, 0.01024, 0.10592
99, 3200, 45, 0.008608, 0.009216, 0.116096
99, 3200, 46, 0.008576, 0.009216, 0.10608
99, 3200, 47, 0.0088, 0.009216, 0.115424
99, 3200, 48, 0.00928, 0.009216, 0.116416
99, 3200, 49, 0.008448, 0.01024, 0.116544
99, 6400, 0, 0.008512, 0.01024, 0.117024
99, 6400, 1, 0.009184, 0.009216, 0.110112
99, 6400, 2, 0.008832, 0.009216, 0.115328
99, 6400, 3, 0.009088, 0.009216, 0.115776
99, 6400, 4, 0.008672, 0.01024, 0.116512
99, 6400, 5, 0.009184, 0.009216, 0.114784
99, 6400, 6, 0.008608, 0.009536, 0.113696
99, 6400, 7, 0.008672, 0.009216, 0.120416
99, 6400, 8, 0.008224, 0.01024, 0.11184
99, 6400, 9, 0.008, 0.01024, 0.111264
99, 6400, 10, 0.008736, 0.008416, 0.112608
99, 6400, 11, 0.007968, 0.009216, 0.104672
99, 6400, 12, 0.008, 0.009216, 0.115776
99, 6400, 13, 0.008544, 0.009216, 0.111776
99, 6400, 14, 0.008832, 0.008192, 0.104256
99, 6400, 15, 0.00896, 0.008192, 0.113152
99, 6400, 16, 0.008064, 0.009216, 0.105696
99, 6400, 17, 0.008576, 0.009216, 0.11072
99, 6400, 18, 0.007904, 0.009216, 0.112352
99, 6400, 19, 0.008512, 0.009216, 0.10528
99, 6400, 20, 0.008672, 0.008192, 0.104672
99, 6400, 21, 0.008192, 0.009216, 0.10464
99, 6400, 22, 0.008608, 0.009216, 0.118048
99, 6400, 23, 0.008352, 0.009344, 0.105344
99, 6400, 24, 0.008352, 0.009216, 0.104384
99, 6400, 25, 0.008224, 0.009216, 0.105056
99, 6400, 26, 0.008288, 0.009216, 0.112736
99, 6400, 27, 0.008416, 0.009216, 0.112032
99, 6400, 28, 0.008576, 0.008192, 0.104416
99, 6400, 29, 0.00848, 0.008192, 0.108896
99, 6400, 30, 0.007904, 0.009216, 0.110944
99, 6400, 31, 0.00864, 0.008192, 0.105152
99, 6400, 32, 0.008896, 0.008192, 0.112224
99, 6400, 33, 0.008064, 0.01024, 0.110592
99, 6400, 34, 0.008736, 0.008352, 0.113088
99, 6400, 35, 0.007968, 0.009216, 0.10496
99, 6400, 36, 0.00864, 0.009216, 0.104992
99, 6400, 37, 0.008384, 0.009216, 0.105056
99, 6400, 38, 0.007904, 0.009216, 0.10448
99, 6400, 39, 0.008448, 0.009216, 0.110304
99, 6400, 40, 0.008768, 0.009216, 0.111008
99, 6400, 41, 0.008192, 0.009216, 0.11104
99, 6400, 42, 0.008416, 0.009216, 0.103936
99, 6400, 43, 0.00832, 0.009248, 0.112608
99, 6400, 44, 0.008416, 0.009216, 0.110432
99, 6400, 45, 0.008224, 0.009216, 0.112768
99, 6400, 46, 0.007936, 0.009216, 0.1168
99, 6400, 47, 0.00832, 0.009216, 0.112192
99, 6400, 48, 0.008768, 0.008192, 0.11072
99, 6400, 49, 0.008512, 0.009216, 0.116288
99, 10000, 0, 0.009152, 0.01024, 0.113824
99, 10000, 1, 0.00848, 0.009216, 0.105792
99, 10000, 2, 0.00784, 0.009216, 0.115168
99, 10000, 3, 0.008736, 0.009216, 0.112416
99, 10000, 4, 0.00816, 0.009216, 0.103744
99, 10000, 5, 0.008416, 0.009216, 0.10496
99, 10000, 6, 0.009024, 0.008192, 0.113504
99, 10000, 7, 0.008128, 0.009216, 0.104544
99, 10000, 8, 0.008896, 0.008288, 0.112192
99, 10000, 9, 0.008128, 0.009216, 0.11152
99, 10000, 10, 0.00864, 0.009216, 0.103456
99, 10000, 11, 0.008832, 0.009216, 0.10416
99, 10000, 12, 0.008768, 0.008512, 0.104288
99, 10000, 13, 0.00832, 0.009216, 0.104736
99, 10000, 14, 0.007968, 0.009216, 0.10352
99, 10000, 15, 0.008416, 0.009216, 0.104512
99, 10000, 16, 0.00816, 0.009504, 0.10448
99, 10000, 17, 0.008064, 0.009216, 0.104224
99, 10000, 18, 0.008672, 0.009216, 0.104192
99, 10000, 19, 0.008512, 0.009216, 0.108864
99, 10000, 20, 0.00912, 0.009216, 0.104448
99, 10000, 21, 0.008864, 0.008416, 0.105248
99, 10000, 22, 0.00864, 0.008352, 0.112512
99, 10000, 23, 0.008832, 0.009216, 0.104736
99, 10000, 24, 0.008384, 0.009216, 0.103712
99, 10000, 25, 0.008224, 0.009568, 0.105184
99, 10000, 26, 0.01056, 0.009216, 0.104192
99, 10000, 27, 0.008064, 0.009216, 0.107104
99, 10000, 28, 0.008224, 0.009216, 0.111776
99, 10000, 29, 0.008576, 0.008544, 0.108224
99, 10000, 30, 0.008768, 0.008192, 0.104576
99, 10000, 31, 0.009184, 0.009216, 0.113504
99, 10000, 32, 0.008064, 0.009216, 0.103904
99, 10000, 33, 0.007936, 0.01024, 0.11168
99, 10000, 34, 0.00896, 0.01024, 0.107808
99, 10000, 35, 0.008288, 0.012288, 0.11504
99, 10000, 36, 0.008384, 0.01024, 0.111232
99, 10000, 37, 0.008288, 0.00928, 0.105184
99, 10000, 38, 0.008608, 0.008192, 0.112384
99, 10000, 39, 0.008768, 0.008192, 0.10912
99, 10000, 40, 0.008992, 0.009216, 0.103232
99, 10000, 41, 0.008576, 0.009216, 0.113408
99, 10000, 42, 0.008416, 0.009216, 0.104768
99, 10000, 43, 0.00816, 0.011264, 0.132608
99, 10000, 44, 0.008288, 0.011264, 0.111648
99, 10000, 45, 0.008544, 0.009216, 0.10544
99, 10000, 46, 0.00864, 0.01024, 0.112576
99, 10000, 47, 0.007904, 0.009376, 0.111424
99, 10000, 48, 0.008224, 0.009216, 0.103968
99, 10000, 49, 0.007872, 0.009216, 0.109536
